/*
SQLyog Ultimate v12.09 (64 bit)
MySQL - 5.7.14 : Database - sir
*********************************************************************
*/

/*!40101 SET NAMES utf8 */;

/*!40101 SET SQL_MODE=''*/;

/*!40014 SET @OLD_UNIQUE_CHECKS=@@UNIQUE_CHECKS, UNIQUE_CHECKS=0 */;
/*!40014 SET @OLD_FOREIGN_KEY_CHECKS=@@FOREIGN_KEY_CHECKS, FOREIGN_KEY_CHECKS=0 */;
/*!40101 SET @OLD_SQL_MODE=@@SQL_MODE, SQL_MODE='NO_AUTO_VALUE_ON_ZERO' */;
/*!40111 SET @OLD_SQL_NOTES=@@SQL_NOTES, SQL_NOTES=0 */;
/*Table structure for table `app_statuses` */

DROP TABLE IF EXISTS `app_statuses`;

CREATE TABLE `app_statuses` (
  `status_id` int(11) NOT NULL AUTO_INCREMENT,
  `status_` varchar(50) NOT NULL,
  PRIMARY KEY (`status_id`)
) ENGINE=MyISAM AUTO_INCREMENT=3 DEFAULT CHARSET=latin1;

/*Data for the table `app_statuses` */

insert  into `app_statuses`(`status_id`,`status_`) values (1,'Active'),(2,'Not Active');

/*Table structure for table `ci_sessions` */

DROP TABLE IF EXISTS `ci_sessions`;

CREATE TABLE `ci_sessions` (
  `id` varchar(128) NOT NULL,
  `ip_address` varchar(45) NOT NULL,
  `timestamp` int(10) unsigned NOT NULL DEFAULT '0',
  `data` blob NOT NULL,
  KEY `ci_sessions_timestamp` (`timestamp`)
) ENGINE=MyISAM DEFAULT CHARSET=latin1;

/*Data for the table `ci_sessions` */

insert  into `ci_sessions`(`id`,`ip_address`,`timestamp`,`data`) values ('tfsmr5fip2ajf1s1ic01d9ochurnr4kk','::1',1522100009,'__ci_last_regenerate|i:1522099820;'),('thfq1si11bilo3uooevkc38c9n7lclrm','127.0.0.1',1522100440,'__ci_last_regenerate|i:1522100440;'),('bt0rnbdafrdnnsvi3enkib7r5q7nea32','127.0.0.1',1522100710,'__ci_last_regenerate|i:1522100710;'),('m8fqcmct02mlstgii86b11k6fnlloj6b','::1',1522099470,'__ci_last_regenerate|i:1522099470;'),('4e0aumf9m89stq33a4m37cv6nkjc3ctn','::1',1522098134,'__ci_last_regenerate|i:1522097939;user_id|s:4:\"5292\";first_name|s:6:\"Jerome\";last_name|s:6:\"Bailey\";email_address|s:23:\"bailey.jerome@gmail.com\";gender_id|s:1:\"1\";department_id|s:1:\"0\";job_title_id|s:1:\"0\";dob|s:19:\"1980-01-01 00:00:00\";status_id|s:1:\"1\";user_password|s:60:\"$2y$12$UL6BVrMbPmAhK9fbWg.xyORLIydIeMJno4A7V9.A7zkKN5he4Blu2\";logged_in|i:1;encrypted_user_id|s:172:\"a7f25517e044b69116494ddf7b3a05676f970b21aee507f6e23f9ba073883f27d1d93e612dce05ff188180d1a7d3af74711acbc339d4556a153e548544126c35OOXjik4CJI+I5ofbCYfS/uBfn/fBOG2bOqu0tfhTCaA=\";permissions|a:25:{i:0;s:13:\"view_products\";i:1;s:11:\"add_product\";i:2;s:12:\"edit_product\";i:3;s:14:\"delete_product\";i:4;s:10:\"view_forms\";i:5;s:18:\"create_requisition\";i:6;s:16:\"edit_requisition\";i:7;s:17:\"view_requisitions\";i:8;s:10:\"view_users\";i:9;s:8:\"add_user\";i:10;s:9:\"edit_user\";i:11;s:11:\"delete_user\";i:12;s:16:\"view_departments\";i:13;s:14:\"add_department\";i:14;s:15:\"edit_department\";i:15;s:17:\"delete_department\";i:16;s:15:\"view_job_titles\";i:17;s:13:\"add_job_title\";i:18;s:14:\"edit_job_title\";i:19;s:16:\"delete_job_title\";i:20;s:14:\"view_login_log\";i:21;s:14:\"view_suppliers\";i:22;s:12:\"add_supplier\";i:23;s:13:\"edit_supplier\";i:24;s:15:\"delete_supplier\";}'),('9724e9tm5185umhtehgf8cknbctghn1p','::1',1522097718,'__ci_last_regenerate|i:1522097601;user_id|s:4:\"5292\";first_name|s:6:\"Jerome\";last_name|s:6:\"Bailey\";email_address|s:23:\"bailey.jerome@gmail.com\";gender_id|s:1:\"1\";department_id|s:1:\"0\";job_title_id|s:1:\"0\";dob|s:19:\"1980-01-01 00:00:00\";status_id|s:1:\"1\";user_password|s:60:\"$2y$12$UL6BVrMbPmAhK9fbWg.xyORLIydIeMJno4A7V9.A7zkKN5he4Blu2\";logged_in|i:1;encrypted_user_id|s:172:\"a7f25517e044b69116494ddf7b3a05676f970b21aee507f6e23f9ba073883f27d1d93e612dce05ff188180d1a7d3af74711acbc339d4556a153e548544126c35OOXjik4CJI+I5ofbCYfS/uBfn/fBOG2bOqu0tfhTCaA=\";permissions|a:25:{i:0;s:13:\"view_products\";i:1;s:11:\"add_product\";i:2;s:12:\"edit_product\";i:3;s:14:\"delete_product\";i:4;s:10:\"view_forms\";i:5;s:18:\"create_requisition\";i:6;s:16:\"edit_requisition\";i:7;s:17:\"view_requisitions\";i:8;s:10:\"view_users\";i:9;s:8:\"add_user\";i:10;s:9:\"edit_user\";i:11;s:11:\"delete_user\";i:12;s:16:\"view_departments\";i:13;s:14:\"add_department\";i:14;s:15:\"edit_department\";i:15;s:17:\"delete_department\";i:16;s:15:\"view_job_titles\";i:17;s:13:\"add_job_title\";i:18;s:14:\"edit_job_title\";i:19;s:16:\"delete_job_title\";i:20;s:14:\"view_login_log\";i:21;s:14:\"view_suppliers\";i:22;s:12:\"add_supplier\";i:23;s:13:\"edit_supplier\";i:24;s:15:\"delete_supplier\";}'),('aqhhf7i747kss3l8427hka0eot2ddu1c','::1',1522097322,'__ci_last_regenerate|i:1522097195;user_id|s:4:\"5292\";first_name|s:6:\"Jerome\";last_name|s:6:\"Bailey\";email_address|s:23:\"bailey.jerome@gmail.com\";gender_id|s:1:\"1\";department_id|s:1:\"0\";job_title_id|s:1:\"0\";dob|s:19:\"1980-01-01 00:00:00\";status_id|s:1:\"1\";user_password|s:60:\"$2y$12$UL6BVrMbPmAhK9fbWg.xyORLIydIeMJno4A7V9.A7zkKN5he4Blu2\";logged_in|i:1;encrypted_user_id|s:172:\"a7f25517e044b69116494ddf7b3a05676f970b21aee507f6e23f9ba073883f27d1d93e612dce05ff188180d1a7d3af74711acbc339d4556a153e548544126c35OOXjik4CJI+I5ofbCYfS/uBfn/fBOG2bOqu0tfhTCaA=\";permissions|a:25:{i:0;s:13:\"view_products\";i:1;s:11:\"add_product\";i:2;s:12:\"edit_product\";i:3;s:14:\"delete_product\";i:4;s:10:\"view_forms\";i:5;s:18:\"create_requisition\";i:6;s:16:\"edit_requisition\";i:7;s:17:\"view_requisitions\";i:8;s:10:\"view_users\";i:9;s:8:\"add_user\";i:10;s:9:\"edit_user\";i:11;s:11:\"delete_user\";i:12;s:16:\"view_departments\";i:13;s:14:\"add_department\";i:14;s:15:\"edit_department\";i:15;s:17:\"delete_department\";i:16;s:15:\"view_job_titles\";i:17;s:13:\"add_job_title\";i:18;s:14:\"edit_job_title\";i:19;s:16:\"delete_job_title\";i:20;s:14:\"view_login_log\";i:21;s:14:\"view_suppliers\";i:22;s:12:\"add_supplier\";i:23;s:13:\"edit_supplier\";i:24;s:15:\"delete_supplier\";}'),('13d81f5fh1irur3v92rlaoprs3jo5atk','::1',1522097174,'__ci_last_regenerate|i:1522096874;user_id|s:4:\"5292\";first_name|s:6:\"Jerome\";last_name|s:6:\"Bailey\";email_address|s:23:\"bailey.jerome@gmail.com\";gender_id|s:1:\"1\";department_id|s:1:\"0\";job_title_id|s:1:\"0\";dob|s:19:\"1980-01-01 00:00:00\";status_id|s:1:\"1\";user_password|s:60:\"$2y$12$UL6BVrMbPmAhK9fbWg.xyORLIydIeMJno4A7V9.A7zkKN5he4Blu2\";logged_in|i:1;encrypted_user_id|s:172:\"a7f25517e044b69116494ddf7b3a05676f970b21aee507f6e23f9ba073883f27d1d93e612dce05ff188180d1a7d3af74711acbc339d4556a153e548544126c35OOXjik4CJI+I5ofbCYfS/uBfn/fBOG2bOqu0tfhTCaA=\";permissions|a:25:{i:0;s:13:\"view_products\";i:1;s:11:\"add_product\";i:2;s:12:\"edit_product\";i:3;s:14:\"delete_product\";i:4;s:10:\"view_forms\";i:5;s:18:\"create_requisition\";i:6;s:16:\"edit_requisition\";i:7;s:17:\"view_requisitions\";i:8;s:10:\"view_users\";i:9;s:8:\"add_user\";i:10;s:9:\"edit_user\";i:11;s:11:\"delete_user\";i:12;s:16:\"view_departments\";i:13;s:14:\"add_department\";i:14;s:15:\"edit_department\";i:15;s:17:\"delete_department\";i:16;s:15:\"view_job_titles\";i:17;s:13:\"add_job_title\";i:18;s:14:\"edit_job_title\";i:19;s:16:\"delete_job_title\";i:20;s:14:\"view_login_log\";i:21;s:14:\"view_suppliers\";i:22;s:12:\"add_supplier\";i:23;s:13:\"edit_supplier\";i:24;s:15:\"delete_supplier\";}'),('cjbr1e02mt2fjik893057qqat8mr59gj','::1',1522094060,'__ci_last_regenerate|i:1522094044;user_id|s:4:\"5292\";first_name|s:6:\"Jerome\";last_name|s:6:\"Bailey\";email_address|s:23:\"bailey.jerome@gmail.com\";gender_id|s:1:\"1\";department_id|s:1:\"0\";job_title_id|s:1:\"0\";dob|s:19:\"1980-01-01 00:00:00\";status_id|s:1:\"1\";user_password|s:60:\"$2y$12$UL6BVrMbPmAhK9fbWg.xyORLIydIeMJno4A7V9.A7zkKN5he4Blu2\";logged_in|i:1;encrypted_user_id|s:172:\"a7f25517e044b69116494ddf7b3a05676f970b21aee507f6e23f9ba073883f27d1d93e612dce05ff188180d1a7d3af74711acbc339d4556a153e548544126c35OOXjik4CJI+I5ofbCYfS/uBfn/fBOG2bOqu0tfhTCaA=\";permissions|a:25:{i:0;s:13:\"view_products\";i:1;s:11:\"add_product\";i:2;s:12:\"edit_product\";i:3;s:14:\"delete_product\";i:4;s:10:\"view_forms\";i:5;s:18:\"create_requisition\";i:6;s:16:\"edit_requisition\";i:7;s:17:\"view_requisitions\";i:8;s:10:\"view_users\";i:9;s:8:\"add_user\";i:10;s:9:\"edit_user\";i:11;s:11:\"delete_user\";i:12;s:16:\"view_departments\";i:13;s:14:\"add_department\";i:14;s:15:\"edit_department\";i:15;s:17:\"delete_department\";i:16;s:15:\"view_job_titles\";i:17;s:13:\"add_job_title\";i:18;s:14:\"edit_job_title\";i:19;s:16:\"delete_job_title\";i:20;s:14:\"view_login_log\";i:21;s:14:\"view_suppliers\";i:22;s:12:\"add_supplier\";i:23;s:13:\"edit_supplier\";i:24;s:15:\"delete_supplier\";}'),('5oj0u8takahm11bvsa3rupatfk3fa4aq','::1',1522094660,'__ci_last_regenerate|i:1522094660;user_id|s:4:\"5292\";first_name|s:6:\"Jerome\";last_name|s:6:\"Bailey\";email_address|s:23:\"bailey.jerome@gmail.com\";gender_id|s:1:\"1\";department_id|s:1:\"0\";job_title_id|s:1:\"0\";dob|s:19:\"1980-01-01 00:00:00\";status_id|s:1:\"1\";user_password|s:60:\"$2y$12$UL6BVrMbPmAhK9fbWg.xyORLIydIeMJno4A7V9.A7zkKN5he4Blu2\";logged_in|i:1;encrypted_user_id|s:172:\"a7f25517e044b69116494ddf7b3a05676f970b21aee507f6e23f9ba073883f27d1d93e612dce05ff188180d1a7d3af74711acbc339d4556a153e548544126c35OOXjik4CJI+I5ofbCYfS/uBfn/fBOG2bOqu0tfhTCaA=\";permissions|a:25:{i:0;s:13:\"view_products\";i:1;s:11:\"add_product\";i:2;s:12:\"edit_product\";i:3;s:14:\"delete_product\";i:4;s:10:\"view_forms\";i:5;s:18:\"create_requisition\";i:6;s:16:\"edit_requisition\";i:7;s:17:\"view_requisitions\";i:8;s:10:\"view_users\";i:9;s:8:\"add_user\";i:10;s:9:\"edit_user\";i:11;s:11:\"delete_user\";i:12;s:16:\"view_departments\";i:13;s:14:\"add_department\";i:14;s:15:\"edit_department\";i:15;s:17:\"delete_department\";i:16;s:15:\"view_job_titles\";i:17;s:13:\"add_job_title\";i:18;s:14:\"edit_job_title\";i:19;s:16:\"delete_job_title\";i:20;s:14:\"view_login_log\";i:21;s:14:\"view_suppliers\";i:22;s:12:\"add_supplier\";i:23;s:13:\"edit_supplier\";i:24;s:15:\"delete_supplier\";}'),('jfv686s36o3ei3vqs37ke6i1bvm4uvrf','::1',1522095581,'__ci_last_regenerate|i:1522095472;user_id|s:4:\"5292\";first_name|s:6:\"Jerome\";last_name|s:6:\"Bailey\";email_address|s:23:\"bailey.jerome@gmail.com\";gender_id|s:1:\"1\";department_id|s:1:\"0\";job_title_id|s:1:\"0\";dob|s:19:\"1980-01-01 00:00:00\";status_id|s:1:\"1\";user_password|s:60:\"$2y$12$UL6BVrMbPmAhK9fbWg.xyORLIydIeMJno4A7V9.A7zkKN5he4Blu2\";logged_in|i:1;encrypted_user_id|s:172:\"a7f25517e044b69116494ddf7b3a05676f970b21aee507f6e23f9ba073883f27d1d93e612dce05ff188180d1a7d3af74711acbc339d4556a153e548544126c35OOXjik4CJI+I5ofbCYfS/uBfn/fBOG2bOqu0tfhTCaA=\";permissions|a:25:{i:0;s:13:\"view_products\";i:1;s:11:\"add_product\";i:2;s:12:\"edit_product\";i:3;s:14:\"delete_product\";i:4;s:10:\"view_forms\";i:5;s:18:\"create_requisition\";i:6;s:16:\"edit_requisition\";i:7;s:17:\"view_requisitions\";i:8;s:10:\"view_users\";i:9;s:8:\"add_user\";i:10;s:9:\"edit_user\";i:11;s:11:\"delete_user\";i:12;s:16:\"view_departments\";i:13;s:14:\"add_department\";i:14;s:15:\"edit_department\";i:15;s:17:\"delete_department\";i:16;s:15:\"view_job_titles\";i:17;s:13:\"add_job_title\";i:18;s:14:\"edit_job_title\";i:19;s:16:\"delete_job_title\";i:20;s:14:\"view_login_log\";i:21;s:14:\"view_suppliers\";i:22;s:12:\"add_supplier\";i:23;s:13:\"edit_supplier\";i:24;s:15:\"delete_supplier\";}'),('fbco636kofdc1kqshlubpa6v7gvffcgr','::1',1522096861,'__ci_last_regenerate|i:1522096566;user_id|s:4:\"5292\";first_name|s:6:\"Jerome\";last_name|s:6:\"Bailey\";email_address|s:23:\"bailey.jerome@gmail.com\";gender_id|s:1:\"1\";department_id|s:1:\"0\";job_title_id|s:1:\"0\";dob|s:19:\"1980-01-01 00:00:00\";status_id|s:1:\"1\";user_password|s:60:\"$2y$12$UL6BVrMbPmAhK9fbWg.xyORLIydIeMJno4A7V9.A7zkKN5he4Blu2\";logged_in|i:1;encrypted_user_id|s:172:\"a7f25517e044b69116494ddf7b3a05676f970b21aee507f6e23f9ba073883f27d1d93e612dce05ff188180d1a7d3af74711acbc339d4556a153e548544126c35OOXjik4CJI+I5ofbCYfS/uBfn/fBOG2bOqu0tfhTCaA=\";permissions|a:25:{i:0;s:13:\"view_products\";i:1;s:11:\"add_product\";i:2;s:12:\"edit_product\";i:3;s:14:\"delete_product\";i:4;s:10:\"view_forms\";i:5;s:18:\"create_requisition\";i:6;s:16:\"edit_requisition\";i:7;s:17:\"view_requisitions\";i:8;s:10:\"view_users\";i:9;s:8:\"add_user\";i:10;s:9:\"edit_user\";i:11;s:11:\"delete_user\";i:12;s:16:\"view_departments\";i:13;s:14:\"add_department\";i:14;s:15:\"edit_department\";i:15;s:17:\"delete_department\";i:16;s:15:\"view_job_titles\";i:17;s:13:\"add_job_title\";i:18;s:14:\"edit_job_title\";i:19;s:16:\"delete_job_title\";i:20;s:14:\"view_login_log\";i:21;s:14:\"view_suppliers\";i:22;s:12:\"add_supplier\";i:23;s:13:\"edit_supplier\";i:24;s:15:\"delete_supplier\";}'),('kua54l2r694nqmm4beajjuda2v1ho5a4','::1',1522207701,'__ci_last_regenerate|i:1522207701;'),('h3lfodqo9t4ock41e0a04jjs3kopuset','::1',1522208324,'__ci_last_regenerate|i:1522208324;'),('ja9hesbmq674cl0q4hjt66p62ud16db3','::1',1522208764,'__ci_last_regenerate|i:1522208764;'),('bhc4k55a2tq5141dr5hpginnqdlq58ec','::1',1522210648,'__ci_last_regenerate|i:1522210648;'),('vurg5hc9tv4mar8ra5l8icqvof5dnspo','::1',1522210954,'__ci_last_regenerate|i:1522210954;'),('10cm7vcmjogkmhrig2q62h5l84m2tmen','::1',1522211256,'__ci_last_regenerate|i:1522211256;'),('2mciqjjpbpk5cn690fd0lst4q81eslmm','::1',1522211573,'__ci_last_regenerate|i:1522211573;'),('t52u8mtvm4t2ehk7um6tqh4hba63bv3k','::1',1522211917,'__ci_last_regenerate|i:1522211917;'),('3kbtvfffne40eiv9kr0ise2qa24ta06a','::1',1522212518,'__ci_last_regenerate|i:1522212518;'),('qmi9fd35uignbror6m8r507ajhm6i5tp','::1',1522212926,'__ci_last_regenerate|i:1522212926;'),('sris79lfunq8imloj6pge10nakmuln6o','::1',1522213650,'__ci_last_regenerate|i:1522213650;'),('c779n5bb8kv0mujk0hho19pf838jphbh','::1',1522214044,'__ci_last_regenerate|i:1522214044;'),('2sd0ohl0oa7o79eiubqcttlpkvilvanc','::1',1522214151,'__ci_last_regenerate|i:1522214044;user_id|s:4:\"5292\";first_name|s:6:\"Jerome\";last_name|s:6:\"Bailey\";email_address|s:23:\"bailey.jerome@gmail.com\";gender_id|s:1:\"1\";department_id|s:1:\"0\";job_title_id|s:1:\"0\";dob|s:19:\"1980-01-01 00:00:00\";status_id|s:1:\"1\";user_password|s:60:\"$2y$12$UL6BVrMbPmAhK9fbWg.xyORLIydIeMJno4A7V9.A7zkKN5he4Blu2\";logged_in|i:1;encrypted_user_id|s:172:\"2f0b4f4f0f5b28592c806cfc6b4b827e91fddf1169ed8e495158b8984c8822064ce7abc8ea9ebad6c996b53a1b6884d82d2db2ce3543393ee55640d90b26f871nV7Y9YfmwArvBfWNY5CAti00VVtGct/jpWFVX/70HqI=\";permissions|a:25:{i:0;s:13:\"view_products\";i:1;s:11:\"add_product\";i:2;s:12:\"edit_product\";i:3;s:14:\"delete_product\";i:4;s:10:\"view_forms\";i:5;s:18:\"create_requisition\";i:6;s:16:\"edit_requisition\";i:7;s:17:\"view_requisitions\";i:8;s:10:\"view_users\";i:9;s:8:\"add_user\";i:10;s:9:\"edit_user\";i:11;s:11:\"delete_user\";i:12;s:16:\"view_departments\";i:13;s:14:\"add_department\";i:14;s:15:\"edit_department\";i:15;s:17:\"delete_department\";i:16;s:15:\"view_job_titles\";i:17;s:13:\"add_job_title\";i:18;s:14:\"edit_job_title\";i:19;s:16:\"delete_job_title\";i:20;s:14:\"view_login_log\";i:21;s:14:\"view_suppliers\";i:22;s:12:\"add_supplier\";i:23;s:13:\"edit_supplier\";i:24;s:15:\"delete_supplier\";}'),('lc51qu3oh6t9pro6vro7l40ebvei13t3','::1',1522246052,'__ci_last_regenerate|i:1522246052;'),('bgd1cc1190h2uqoq2rebt3jurs7b66vb','::1',1522246381,'__ci_last_regenerate|i:1522246381;status_message|s:57:\"Sorry, invalid credentials were entered. Please try again\";status_code|s:6:\"danger\";user_id|s:4:\"5292\";first_name|s:6:\"Jerome\";last_name|s:6:\"Bailey\";email_address|s:23:\"bailey.jerome@gmail.com\";gender_id|s:1:\"1\";department_id|s:1:\"0\";job_title_id|s:1:\"0\";dob|s:19:\"1980-01-01 00:00:00\";status_id|s:1:\"1\";user_password|s:60:\"$2y$12$UL6BVrMbPmAhK9fbWg.xyORLIydIeMJno4A7V9.A7zkKN5he4Blu2\";logged_in|i:1;encrypted_user_id|s:172:\"14ef68fb94ebf1c2ccfe0818316219b952325b72554ce4a106bf5e1f2401a96edd1e172c86a3c0c3f2f8f74889dd0361305202ca8eea890aa2003bc1d1d70aaakbF0o3BxnWHqSdhdlWxCQcjRLYm2ZNGjIdkQ3tFH6wo=\";permissions|a:25:{i:0;s:13:\"view_products\";i:1;s:11:\"add_product\";i:2;s:12:\"edit_product\";i:3;s:14:\"delete_product\";i:4;s:10:\"view_forms\";i:5;s:18:\"create_requisition\";i:6;s:16:\"edit_requisition\";i:7;s:17:\"view_requisitions\";i:8;s:10:\"view_users\";i:9;s:8:\"add_user\";i:10;s:9:\"edit_user\";i:11;s:11:\"delete_user\";i:12;s:16:\"view_departments\";i:13;s:14:\"add_department\";i:14;s:15:\"edit_department\";i:15;s:17:\"delete_department\";i:16;s:15:\"view_job_titles\";i:17;s:13:\"add_job_title\";i:18;s:14:\"edit_job_title\";i:19;s:16:\"delete_job_title\";i:20;s:14:\"view_login_log\";i:21;s:14:\"view_suppliers\";i:22;s:12:\"add_supplier\";i:23;s:13:\"edit_supplier\";i:24;s:15:\"delete_supplier\";}'),('jd3dahch20k9cal9v2ocqkvtl207bl2v','::1',1522246732,'__ci_last_regenerate|i:1522246732;status_message|s:57:\"Sorry, invalid credentials were entered. Please try again\";status_code|s:6:\"danger\";user_id|s:4:\"5292\";first_name|s:6:\"Jerome\";last_name|s:6:\"Bailey\";email_address|s:23:\"bailey.jerome@gmail.com\";gender_id|s:1:\"1\";department_id|s:1:\"0\";job_title_id|s:1:\"0\";dob|s:19:\"1980-01-01 00:00:00\";status_id|s:1:\"1\";user_password|s:60:\"$2y$12$UL6BVrMbPmAhK9fbWg.xyORLIydIeMJno4A7V9.A7zkKN5he4Blu2\";logged_in|i:1;encrypted_user_id|s:172:\"14ef68fb94ebf1c2ccfe0818316219b952325b72554ce4a106bf5e1f2401a96edd1e172c86a3c0c3f2f8f74889dd0361305202ca8eea890aa2003bc1d1d70aaakbF0o3BxnWHqSdhdlWxCQcjRLYm2ZNGjIdkQ3tFH6wo=\";permissions|a:25:{i:0;s:13:\"view_products\";i:1;s:11:\"add_product\";i:2;s:12:\"edit_product\";i:3;s:14:\"delete_product\";i:4;s:10:\"view_forms\";i:5;s:18:\"create_requisition\";i:6;s:16:\"edit_requisition\";i:7;s:17:\"view_requisitions\";i:8;s:10:\"view_users\";i:9;s:8:\"add_user\";i:10;s:9:\"edit_user\";i:11;s:11:\"delete_user\";i:12;s:16:\"view_departments\";i:13;s:14:\"add_department\";i:14;s:15:\"edit_department\";i:15;s:17:\"delete_department\";i:16;s:15:\"view_job_titles\";i:17;s:13:\"add_job_title\";i:18;s:14:\"edit_job_title\";i:19;s:16:\"delete_job_title\";i:20;s:14:\"view_login_log\";i:21;s:14:\"view_suppliers\";i:22;s:12:\"add_supplier\";i:23;s:13:\"edit_supplier\";i:24;s:15:\"delete_supplier\";}'),('su8t00p7fr9m3f4hd07cb3hc087cchbg','::1',1522247482,'__ci_last_regenerate|i:1522247482;status_message|s:57:\"Sorry, invalid credentials were entered. Please try again\";status_code|s:6:\"danger\";user_id|s:4:\"5292\";first_name|s:6:\"Jerome\";last_name|s:6:\"Bailey\";email_address|s:23:\"bailey.jerome@gmail.com\";gender_id|s:1:\"1\";department_id|s:1:\"0\";job_title_id|s:1:\"0\";dob|s:19:\"1980-01-01 00:00:00\";status_id|s:1:\"1\";user_password|s:60:\"$2y$12$UL6BVrMbPmAhK9fbWg.xyORLIydIeMJno4A7V9.A7zkKN5he4Blu2\";logged_in|i:1;encrypted_user_id|s:172:\"14ef68fb94ebf1c2ccfe0818316219b952325b72554ce4a106bf5e1f2401a96edd1e172c86a3c0c3f2f8f74889dd0361305202ca8eea890aa2003bc1d1d70aaakbF0o3BxnWHqSdhdlWxCQcjRLYm2ZNGjIdkQ3tFH6wo=\";permissions|a:25:{i:0;s:13:\"view_products\";i:1;s:11:\"add_product\";i:2;s:12:\"edit_product\";i:3;s:14:\"delete_product\";i:4;s:10:\"view_forms\";i:5;s:18:\"create_requisition\";i:6;s:16:\"edit_requisition\";i:7;s:17:\"view_requisitions\";i:8;s:10:\"view_users\";i:9;s:8:\"add_user\";i:10;s:9:\"edit_user\";i:11;s:11:\"delete_user\";i:12;s:16:\"view_departments\";i:13;s:14:\"add_department\";i:14;s:15:\"edit_department\";i:15;s:17:\"delete_department\";i:16;s:15:\"view_job_titles\";i:17;s:13:\"add_job_title\";i:18;s:14:\"edit_job_title\";i:19;s:16:\"delete_job_title\";i:20;s:14:\"view_login_log\";i:21;s:14:\"view_suppliers\";i:22;s:12:\"add_supplier\";i:23;s:13:\"edit_supplier\";i:24;s:15:\"delete_supplier\";}'),('uddnl4kovnf8pibb50qmfdqsrm3m3ke4','::1',1522247890,'__ci_last_regenerate|i:1522247890;status_message|s:57:\"Sorry, invalid credentials were entered. Please try again\";status_code|s:6:\"danger\";user_id|s:4:\"5292\";first_name|s:6:\"Jerome\";last_name|s:6:\"Bailey\";email_address|s:23:\"bailey.jerome@gmail.com\";gender_id|s:1:\"1\";department_id|s:1:\"0\";job_title_id|s:1:\"0\";dob|s:19:\"1980-01-01 00:00:00\";status_id|s:1:\"1\";user_password|s:60:\"$2y$12$UL6BVrMbPmAhK9fbWg.xyORLIydIeMJno4A7V9.A7zkKN5he4Blu2\";logged_in|i:1;encrypted_user_id|s:172:\"14ef68fb94ebf1c2ccfe0818316219b952325b72554ce4a106bf5e1f2401a96edd1e172c86a3c0c3f2f8f74889dd0361305202ca8eea890aa2003bc1d1d70aaakbF0o3BxnWHqSdhdlWxCQcjRLYm2ZNGjIdkQ3tFH6wo=\";permissions|a:25:{i:0;s:13:\"view_products\";i:1;s:11:\"add_product\";i:2;s:12:\"edit_product\";i:3;s:14:\"delete_product\";i:4;s:10:\"view_forms\";i:5;s:18:\"create_requisition\";i:6;s:16:\"edit_requisition\";i:7;s:17:\"view_requisitions\";i:8;s:10:\"view_users\";i:9;s:8:\"add_user\";i:10;s:9:\"edit_user\";i:11;s:11:\"delete_user\";i:12;s:16:\"view_departments\";i:13;s:14:\"add_department\";i:14;s:15:\"edit_department\";i:15;s:17:\"delete_department\";i:16;s:15:\"view_job_titles\";i:17;s:13:\"add_job_title\";i:18;s:14:\"edit_job_title\";i:19;s:16:\"delete_job_title\";i:20;s:14:\"view_login_log\";i:21;s:14:\"view_suppliers\";i:22;s:12:\"add_supplier\";i:23;s:13:\"edit_supplier\";i:24;s:15:\"delete_supplier\";}'),('e08fabq4l9753rqvnv8pjp0a4rckg6nh','::1',1522248198,'__ci_last_regenerate|i:1522248198;status_message|s:57:\"Sorry, invalid credentials were entered. Please try again\";status_code|s:6:\"danger\";user_id|s:4:\"5292\";first_name|s:6:\"Jerome\";last_name|s:6:\"Bailey\";email_address|s:23:\"bailey.jerome@gmail.com\";gender_id|s:1:\"1\";department_id|s:1:\"0\";job_title_id|s:1:\"0\";dob|s:19:\"1980-01-01 00:00:00\";status_id|s:1:\"1\";user_password|s:60:\"$2y$12$UL6BVrMbPmAhK9fbWg.xyORLIydIeMJno4A7V9.A7zkKN5he4Blu2\";logged_in|i:1;encrypted_user_id|s:172:\"14ef68fb94ebf1c2ccfe0818316219b952325b72554ce4a106bf5e1f2401a96edd1e172c86a3c0c3f2f8f74889dd0361305202ca8eea890aa2003bc1d1d70aaakbF0o3BxnWHqSdhdlWxCQcjRLYm2ZNGjIdkQ3tFH6wo=\";permissions|a:25:{i:0;s:13:\"view_products\";i:1;s:11:\"add_product\";i:2;s:12:\"edit_product\";i:3;s:14:\"delete_product\";i:4;s:10:\"view_forms\";i:5;s:18:\"create_requisition\";i:6;s:16:\"edit_requisition\";i:7;s:17:\"view_requisitions\";i:8;s:10:\"view_users\";i:9;s:8:\"add_user\";i:10;s:9:\"edit_user\";i:11;s:11:\"delete_user\";i:12;s:16:\"view_departments\";i:13;s:14:\"add_department\";i:14;s:15:\"edit_department\";i:15;s:17:\"delete_department\";i:16;s:15:\"view_job_titles\";i:17;s:13:\"add_job_title\";i:18;s:14:\"edit_job_title\";i:19;s:16:\"delete_job_title\";i:20;s:14:\"view_login_log\";i:21;s:14:\"view_suppliers\";i:22;s:12:\"add_supplier\";i:23;s:13:\"edit_supplier\";i:24;s:15:\"delete_supplier\";}'),('7tusfgdnm7muhjdcc7v5a6rnvueunpl4','::1',1522248526,'__ci_last_regenerate|i:1522248526;status_message|s:57:\"Sorry, invalid credentials were entered. Please try again\";status_code|s:6:\"danger\";user_id|s:4:\"5292\";first_name|s:6:\"Jerome\";last_name|s:6:\"Bailey\";email_address|s:23:\"bailey.jerome@gmail.com\";gender_id|s:1:\"1\";department_id|s:1:\"0\";job_title_id|s:1:\"0\";dob|s:19:\"1980-01-01 00:00:00\";status_id|s:1:\"1\";user_password|s:60:\"$2y$12$UL6BVrMbPmAhK9fbWg.xyORLIydIeMJno4A7V9.A7zkKN5he4Blu2\";logged_in|i:1;encrypted_user_id|s:172:\"14ef68fb94ebf1c2ccfe0818316219b952325b72554ce4a106bf5e1f2401a96edd1e172c86a3c0c3f2f8f74889dd0361305202ca8eea890aa2003bc1d1d70aaakbF0o3BxnWHqSdhdlWxCQcjRLYm2ZNGjIdkQ3tFH6wo=\";permissions|a:25:{i:0;s:13:\"view_products\";i:1;s:11:\"add_product\";i:2;s:12:\"edit_product\";i:3;s:14:\"delete_product\";i:4;s:10:\"view_forms\";i:5;s:18:\"create_requisition\";i:6;s:16:\"edit_requisition\";i:7;s:17:\"view_requisitions\";i:8;s:10:\"view_users\";i:9;s:8:\"add_user\";i:10;s:9:\"edit_user\";i:11;s:11:\"delete_user\";i:12;s:16:\"view_departments\";i:13;s:14:\"add_department\";i:14;s:15:\"edit_department\";i:15;s:17:\"delete_department\";i:16;s:15:\"view_job_titles\";i:17;s:13:\"add_job_title\";i:18;s:14:\"edit_job_title\";i:19;s:16:\"delete_job_title\";i:20;s:14:\"view_login_log\";i:21;s:14:\"view_suppliers\";i:22;s:12:\"add_supplier\";i:23;s:13:\"edit_supplier\";i:24;s:15:\"delete_supplier\";}'),('0cd42iesbm015874a67d436kcbkfd1ig','::1',1522248526,'__ci_last_regenerate|i:1522248526;status_message|s:57:\"Sorry, invalid credentials were entered. Please try again\";status_code|s:6:\"danger\";user_id|s:4:\"5292\";first_name|s:6:\"Jerome\";last_name|s:6:\"Bailey\";email_address|s:23:\"bailey.jerome@gmail.com\";gender_id|s:1:\"1\";department_id|s:1:\"0\";job_title_id|s:1:\"0\";dob|s:19:\"1980-01-01 00:00:00\";status_id|s:1:\"1\";user_password|s:60:\"$2y$12$UL6BVrMbPmAhK9fbWg.xyORLIydIeMJno4A7V9.A7zkKN5he4Blu2\";logged_in|i:1;encrypted_user_id|s:172:\"14ef68fb94ebf1c2ccfe0818316219b952325b72554ce4a106bf5e1f2401a96edd1e172c86a3c0c3f2f8f74889dd0361305202ca8eea890aa2003bc1d1d70aaakbF0o3BxnWHqSdhdlWxCQcjRLYm2ZNGjIdkQ3tFH6wo=\";permissions|a:25:{i:0;s:13:\"view_products\";i:1;s:11:\"add_product\";i:2;s:12:\"edit_product\";i:3;s:14:\"delete_product\";i:4;s:10:\"view_forms\";i:5;s:18:\"create_requisition\";i:6;s:16:\"edit_requisition\";i:7;s:17:\"view_requisitions\";i:8;s:10:\"view_users\";i:9;s:8:\"add_user\";i:10;s:9:\"edit_user\";i:11;s:11:\"delete_user\";i:12;s:16:\"view_departments\";i:13;s:14:\"add_department\";i:14;s:15:\"edit_department\";i:15;s:17:\"delete_department\";i:16;s:15:\"view_job_titles\";i:17;s:13:\"add_job_title\";i:18;s:14:\"edit_job_title\";i:19;s:16:\"delete_job_title\";i:20;s:14:\"view_login_log\";i:21;s:14:\"view_suppliers\";i:22;s:12:\"add_supplier\";i:23;s:13:\"edit_supplier\";i:24;s:15:\"delete_supplier\";}'),('8tcv3e7kqu5shv41rmv5oucudtc1jvpa','::1',1523117943,'__ci_last_regenerate|i:1523117841;user_id|s:4:\"5292\";first_name|s:6:\"Jerome\";last_name|s:6:\"Bailey\";email_address|s:23:\"bailey.jerome@gmail.com\";gender_id|s:1:\"1\";department_id|s:1:\"0\";job_title_id|s:1:\"0\";dob|s:19:\"1980-01-01 00:00:00\";status_id|s:1:\"1\";user_password|s:60:\"$2y$12$UL6BVrMbPmAhK9fbWg.xyORLIydIeMJno4A7V9.A7zkKN5he4Blu2\";logged_in|i:1;encrypted_user_id|s:172:\"ca7d2c8950f2d2e7dbdf5287a01f25733dc849a7a9f89d5fc5220573b09d8e32e1cc6ba1b38cb8f3daf0d79110c44b33bc24b3fad80d016581a8a1b711bf3515MSMuFxpmAzYy6IiG3amK/q9uZED0QdOTH1X+nLNJ3II=\";permissions|a:25:{i:0;s:13:\"view_products\";i:1;s:11:\"add_product\";i:2;s:12:\"edit_product\";i:3;s:14:\"delete_product\";i:4;s:10:\"view_forms\";i:5;s:18:\"create_requisition\";i:6;s:16:\"edit_requisition\";i:7;s:17:\"view_requisitions\";i:8;s:10:\"view_users\";i:9;s:8:\"add_user\";i:10;s:9:\"edit_user\";i:11;s:11:\"delete_user\";i:12;s:16:\"view_departments\";i:13;s:14:\"add_department\";i:14;s:15:\"edit_department\";i:15;s:17:\"delete_department\";i:16;s:15:\"view_job_titles\";i:17;s:13:\"add_job_title\";i:18;s:14:\"edit_job_title\";i:19;s:16:\"delete_job_title\";i:20;s:14:\"view_login_log\";i:21;s:14:\"view_suppliers\";i:22;s:12:\"add_supplier\";i:23;s:13:\"edit_supplier\";i:24;s:15:\"delete_supplier\";}'),('89m0f3mh590cbncdqa265h4jj0aahsf1','::1',1523119185,'__ci_last_regenerate|i:1523118921;user_id|s:4:\"5292\";first_name|s:6:\"Jerome\";last_name|s:6:\"Bailey\";email_address|s:23:\"bailey.jerome@gmail.com\";gender_id|s:1:\"1\";department_id|s:1:\"0\";job_title_id|s:1:\"0\";dob|s:19:\"1980-01-01 00:00:00\";status_id|s:1:\"1\";user_password|s:60:\"$2y$12$UL6BVrMbPmAhK9fbWg.xyORLIydIeMJno4A7V9.A7zkKN5he4Blu2\";logged_in|i:1;encrypted_user_id|s:172:\"ca7d2c8950f2d2e7dbdf5287a01f25733dc849a7a9f89d5fc5220573b09d8e32e1cc6ba1b38cb8f3daf0d79110c44b33bc24b3fad80d016581a8a1b711bf3515MSMuFxpmAzYy6IiG3amK/q9uZED0QdOTH1X+nLNJ3II=\";permissions|a:25:{i:0;s:13:\"view_products\";i:1;s:11:\"add_product\";i:2;s:12:\"edit_product\";i:3;s:14:\"delete_product\";i:4;s:10:\"view_forms\";i:5;s:18:\"create_requisition\";i:6;s:16:\"edit_requisition\";i:7;s:17:\"view_requisitions\";i:8;s:10:\"view_users\";i:9;s:8:\"add_user\";i:10;s:9:\"edit_user\";i:11;s:11:\"delete_user\";i:12;s:16:\"view_departments\";i:13;s:14:\"add_department\";i:14;s:15:\"edit_department\";i:15;s:17:\"delete_department\";i:16;s:15:\"view_job_titles\";i:17;s:13:\"add_job_title\";i:18;s:14:\"edit_job_title\";i:19;s:16:\"delete_job_title\";i:20;s:14:\"view_login_log\";i:21;s:14:\"view_suppliers\";i:22;s:12:\"add_supplier\";i:23;s:13:\"edit_supplier\";i:24;s:15:\"delete_supplier\";}'),('3nq6chgagmtvf5c9sjjegsq2la9p8lku','::1',1523119561,'__ci_last_regenerate|i:1523119276;user_id|s:4:\"5292\";first_name|s:6:\"Jerome\";last_name|s:6:\"Bailey\";email_address|s:23:\"bailey.jerome@gmail.com\";gender_id|s:1:\"1\";department_id|s:1:\"0\";job_title_id|s:1:\"0\";dob|s:19:\"1980-01-01 00:00:00\";status_id|s:1:\"1\";user_password|s:60:\"$2y$12$UL6BVrMbPmAhK9fbWg.xyORLIydIeMJno4A7V9.A7zkKN5he4Blu2\";logged_in|i:1;encrypted_user_id|s:172:\"ca7d2c8950f2d2e7dbdf5287a01f25733dc849a7a9f89d5fc5220573b09d8e32e1cc6ba1b38cb8f3daf0d79110c44b33bc24b3fad80d016581a8a1b711bf3515MSMuFxpmAzYy6IiG3amK/q9uZED0QdOTH1X+nLNJ3II=\";permissions|a:25:{i:0;s:13:\"view_products\";i:1;s:11:\"add_product\";i:2;s:12:\"edit_product\";i:3;s:14:\"delete_product\";i:4;s:10:\"view_forms\";i:5;s:18:\"create_requisition\";i:6;s:16:\"edit_requisition\";i:7;s:17:\"view_requisitions\";i:8;s:10:\"view_users\";i:9;s:8:\"add_user\";i:10;s:9:\"edit_user\";i:11;s:11:\"delete_user\";i:12;s:16:\"view_departments\";i:13;s:14:\"add_department\";i:14;s:15:\"edit_department\";i:15;s:17:\"delete_department\";i:16;s:15:\"view_job_titles\";i:17;s:13:\"add_job_title\";i:18;s:14:\"edit_job_title\";i:19;s:16:\"delete_job_title\";i:20;s:14:\"view_login_log\";i:21;s:14:\"view_suppliers\";i:22;s:12:\"add_supplier\";i:23;s:13:\"edit_supplier\";i:24;s:15:\"delete_supplier\";}'),('r6dpha69c85op2hrmalb6dpc05r1cneg','::1',1523119732,'__ci_last_regenerate|i:1523119618;user_id|s:4:\"5292\";first_name|s:6:\"Jerome\";last_name|s:6:\"Bailey\";email_address|s:23:\"bailey.jerome@gmail.com\";gender_id|s:1:\"1\";department_id|s:1:\"0\";job_title_id|s:1:\"0\";dob|s:19:\"1980-01-01 00:00:00\";status_id|s:1:\"1\";user_password|s:60:\"$2y$12$UL6BVrMbPmAhK9fbWg.xyORLIydIeMJno4A7V9.A7zkKN5he4Blu2\";logged_in|i:1;encrypted_user_id|s:172:\"ca7d2c8950f2d2e7dbdf5287a01f25733dc849a7a9f89d5fc5220573b09d8e32e1cc6ba1b38cb8f3daf0d79110c44b33bc24b3fad80d016581a8a1b711bf3515MSMuFxpmAzYy6IiG3amK/q9uZED0QdOTH1X+nLNJ3II=\";permissions|a:25:{i:0;s:13:\"view_products\";i:1;s:11:\"add_product\";i:2;s:12:\"edit_product\";i:3;s:14:\"delete_product\";i:4;s:10:\"view_forms\";i:5;s:18:\"create_requisition\";i:6;s:16:\"edit_requisition\";i:7;s:17:\"view_requisitions\";i:8;s:10:\"view_users\";i:9;s:8:\"add_user\";i:10;s:9:\"edit_user\";i:11;s:11:\"delete_user\";i:12;s:16:\"view_departments\";i:13;s:14:\"add_department\";i:14;s:15:\"edit_department\";i:15;s:17:\"delete_department\";i:16;s:15:\"view_job_titles\";i:17;s:13:\"add_job_title\";i:18;s:14:\"edit_job_title\";i:19;s:16:\"delete_job_title\";i:20;s:14:\"view_login_log\";i:21;s:14:\"view_suppliers\";i:22;s:12:\"add_supplier\";i:23;s:13:\"edit_supplier\";i:24;s:15:\"delete_supplier\";}'),('ss4l4mvqsvvgbhdd3c551hvcuesv669b','::1',1523120273,'__ci_last_regenerate|i:1523119985;user_id|s:4:\"5292\";first_name|s:6:\"Jerome\";last_name|s:6:\"Bailey\";email_address|s:23:\"bailey.jerome@gmail.com\";gender_id|s:1:\"1\";department_id|s:1:\"0\";job_title_id|s:1:\"0\";dob|s:19:\"1980-01-01 00:00:00\";status_id|s:1:\"1\";user_password|s:60:\"$2y$12$UL6BVrMbPmAhK9fbWg.xyORLIydIeMJno4A7V9.A7zkKN5he4Blu2\";logged_in|i:1;encrypted_user_id|s:172:\"ca7d2c8950f2d2e7dbdf5287a01f25733dc849a7a9f89d5fc5220573b09d8e32e1cc6ba1b38cb8f3daf0d79110c44b33bc24b3fad80d016581a8a1b711bf3515MSMuFxpmAzYy6IiG3amK/q9uZED0QdOTH1X+nLNJ3II=\";permissions|a:25:{i:0;s:13:\"view_products\";i:1;s:11:\"add_product\";i:2;s:12:\"edit_product\";i:3;s:14:\"delete_product\";i:4;s:10:\"view_forms\";i:5;s:18:\"create_requisition\";i:6;s:16:\"edit_requisition\";i:7;s:17:\"view_requisitions\";i:8;s:10:\"view_users\";i:9;s:8:\"add_user\";i:10;s:9:\"edit_user\";i:11;s:11:\"delete_user\";i:12;s:16:\"view_departments\";i:13;s:14:\"add_department\";i:14;s:15:\"edit_department\";i:15;s:17:\"delete_department\";i:16;s:15:\"view_job_titles\";i:17;s:13:\"add_job_title\";i:18;s:14:\"edit_job_title\";i:19;s:16:\"delete_job_title\";i:20;s:14:\"view_login_log\";i:21;s:14:\"view_suppliers\";i:22;s:12:\"add_supplier\";i:23;s:13:\"edit_supplier\";i:24;s:15:\"delete_supplier\";}'),('745o18nvmkc6ge76nhuaeu14te2ccgat','::1',1523120485,'__ci_last_regenerate|i:1523120347;user_id|s:4:\"5292\";first_name|s:6:\"Jerome\";last_name|s:6:\"Bailey\";email_address|s:23:\"bailey.jerome@gmail.com\";gender_id|s:1:\"1\";department_id|s:1:\"0\";job_title_id|s:1:\"0\";dob|s:19:\"1980-01-01 00:00:00\";status_id|s:1:\"1\";user_password|s:60:\"$2y$12$UL6BVrMbPmAhK9fbWg.xyORLIydIeMJno4A7V9.A7zkKN5he4Blu2\";logged_in|i:1;encrypted_user_id|s:172:\"ca7d2c8950f2d2e7dbdf5287a01f25733dc849a7a9f89d5fc5220573b09d8e32e1cc6ba1b38cb8f3daf0d79110c44b33bc24b3fad80d016581a8a1b711bf3515MSMuFxpmAzYy6IiG3amK/q9uZED0QdOTH1X+nLNJ3II=\";permissions|a:25:{i:0;s:13:\"view_products\";i:1;s:11:\"add_product\";i:2;s:12:\"edit_product\";i:3;s:14:\"delete_product\";i:4;s:10:\"view_forms\";i:5;s:18:\"create_requisition\";i:6;s:16:\"edit_requisition\";i:7;s:17:\"view_requisitions\";i:8;s:10:\"view_users\";i:9;s:8:\"add_user\";i:10;s:9:\"edit_user\";i:11;s:11:\"delete_user\";i:12;s:16:\"view_departments\";i:13;s:14:\"add_department\";i:14;s:15:\"edit_department\";i:15;s:17:\"delete_department\";i:16;s:15:\"view_job_titles\";i:17;s:13:\"add_job_title\";i:18;s:14:\"edit_job_title\";i:19;s:16:\"delete_job_title\";i:20;s:14:\"view_login_log\";i:21;s:14:\"view_suppliers\";i:22;s:12:\"add_supplier\";i:23;s:13:\"edit_supplier\";i:24;s:15:\"delete_supplier\";}'),('v9vnfo242a15mtn9qah9kucjnc59d68i','::1',1523122175,'__ci_last_regenerate|i:1523122099;user_id|s:4:\"5292\";first_name|s:6:\"Jerome\";last_name|s:6:\"Bailey\";email_address|s:23:\"bailey.jerome@gmail.com\";gender_id|s:1:\"1\";department_id|s:1:\"0\";job_title_id|s:1:\"0\";dob|s:19:\"1980-01-01 00:00:00\";status_id|s:1:\"1\";user_password|s:60:\"$2y$12$UL6BVrMbPmAhK9fbWg.xyORLIydIeMJno4A7V9.A7zkKN5he4Blu2\";logged_in|i:1;encrypted_user_id|s:172:\"ca7d2c8950f2d2e7dbdf5287a01f25733dc849a7a9f89d5fc5220573b09d8e32e1cc6ba1b38cb8f3daf0d79110c44b33bc24b3fad80d016581a8a1b711bf3515MSMuFxpmAzYy6IiG3amK/q9uZED0QdOTH1X+nLNJ3II=\";permissions|a:25:{i:0;s:13:\"view_products\";i:1;s:11:\"add_product\";i:2;s:12:\"edit_product\";i:3;s:14:\"delete_product\";i:4;s:10:\"view_forms\";i:5;s:18:\"create_requisition\";i:6;s:16:\"edit_requisition\";i:7;s:17:\"view_requisitions\";i:8;s:10:\"view_users\";i:9;s:8:\"add_user\";i:10;s:9:\"edit_user\";i:11;s:11:\"delete_user\";i:12;s:16:\"view_departments\";i:13;s:14:\"add_department\";i:14;s:15:\"edit_department\";i:15;s:17:\"delete_department\";i:16;s:15:\"view_job_titles\";i:17;s:13:\"add_job_title\";i:18;s:14:\"edit_job_title\";i:19;s:16:\"delete_job_title\";i:20;s:14:\"view_login_log\";i:21;s:14:\"view_suppliers\";i:22;s:12:\"add_supplier\";i:23;s:13:\"edit_supplier\";i:24;s:15:\"delete_supplier\";}'),('go0n1a4unom0fu4fohtpnrettj4eni5p','::1',1523122625,'__ci_last_regenerate|i:1523122625;user_id|s:4:\"5292\";first_name|s:6:\"Jerome\";last_name|s:6:\"Bailey\";email_address|s:23:\"bailey.jerome@gmail.com\";gender_id|s:1:\"1\";department_id|s:1:\"0\";job_title_id|s:1:\"0\";dob|s:19:\"1980-01-01 00:00:00\";status_id|s:1:\"1\";user_password|s:60:\"$2y$12$UL6BVrMbPmAhK9fbWg.xyORLIydIeMJno4A7V9.A7zkKN5he4Blu2\";logged_in|i:1;encrypted_user_id|s:172:\"ca7d2c8950f2d2e7dbdf5287a01f25733dc849a7a9f89d5fc5220573b09d8e32e1cc6ba1b38cb8f3daf0d79110c44b33bc24b3fad80d016581a8a1b711bf3515MSMuFxpmAzYy6IiG3amK/q9uZED0QdOTH1X+nLNJ3II=\";permissions|a:25:{i:0;s:13:\"view_products\";i:1;s:11:\"add_product\";i:2;s:12:\"edit_product\";i:3;s:14:\"delete_product\";i:4;s:10:\"view_forms\";i:5;s:18:\"create_requisition\";i:6;s:16:\"edit_requisition\";i:7;s:17:\"view_requisitions\";i:8;s:10:\"view_users\";i:9;s:8:\"add_user\";i:10;s:9:\"edit_user\";i:11;s:11:\"delete_user\";i:12;s:16:\"view_departments\";i:13;s:14:\"add_department\";i:14;s:15:\"edit_department\";i:15;s:17:\"delete_department\";i:16;s:15:\"view_job_titles\";i:17;s:13:\"add_job_title\";i:18;s:14:\"edit_job_title\";i:19;s:16:\"delete_job_title\";i:20;s:14:\"view_login_log\";i:21;s:14:\"view_suppliers\";i:22;s:12:\"add_supplier\";i:23;s:13:\"edit_supplier\";i:24;s:15:\"delete_supplier\";}'),('re49sirj10uf09eoeq4a4ntm327rrhja','::1',1523123174,'__ci_last_regenerate|i:1523122949;user_id|s:4:\"5292\";first_name|s:6:\"Jerome\";last_name|s:6:\"Bailey\";email_address|s:23:\"bailey.jerome@gmail.com\";gender_id|s:1:\"1\";department_id|s:1:\"0\";job_title_id|s:1:\"0\";dob|s:19:\"1980-01-01 00:00:00\";status_id|s:1:\"1\";user_password|s:60:\"$2y$12$UL6BVrMbPmAhK9fbWg.xyORLIydIeMJno4A7V9.A7zkKN5he4Blu2\";logged_in|i:1;encrypted_user_id|s:172:\"ca7d2c8950f2d2e7dbdf5287a01f25733dc849a7a9f89d5fc5220573b09d8e32e1cc6ba1b38cb8f3daf0d79110c44b33bc24b3fad80d016581a8a1b711bf3515MSMuFxpmAzYy6IiG3amK/q9uZED0QdOTH1X+nLNJ3II=\";permissions|a:25:{i:0;s:13:\"view_products\";i:1;s:11:\"add_product\";i:2;s:12:\"edit_product\";i:3;s:14:\"delete_product\";i:4;s:10:\"view_forms\";i:5;s:18:\"create_requisition\";i:6;s:16:\"edit_requisition\";i:7;s:17:\"view_requisitions\";i:8;s:10:\"view_users\";i:9;s:8:\"add_user\";i:10;s:9:\"edit_user\";i:11;s:11:\"delete_user\";i:12;s:16:\"view_departments\";i:13;s:14:\"add_department\";i:14;s:15:\"edit_department\";i:15;s:17:\"delete_department\";i:16;s:15:\"view_job_titles\";i:17;s:13:\"add_job_title\";i:18;s:14:\"edit_job_title\";i:19;s:16:\"delete_job_title\";i:20;s:14:\"view_login_log\";i:21;s:14:\"view_suppliers\";i:22;s:12:\"add_supplier\";i:23;s:13:\"edit_supplier\";i:24;s:15:\"delete_supplier\";}'),('51biuiah6qdmno5u85um71e3dkaopit4','::1',1523123255,'__ci_last_regenerate|i:1523123255;user_id|s:4:\"5292\";first_name|s:6:\"Jerome\";last_name|s:6:\"Bailey\";email_address|s:23:\"bailey.jerome@gmail.com\";gender_id|s:1:\"1\";department_id|s:1:\"0\";job_title_id|s:1:\"0\";dob|s:19:\"1980-01-01 00:00:00\";status_id|s:1:\"1\";user_password|s:60:\"$2y$12$UL6BVrMbPmAhK9fbWg.xyORLIydIeMJno4A7V9.A7zkKN5he4Blu2\";logged_in|i:1;encrypted_user_id|s:172:\"ca7d2c8950f2d2e7dbdf5287a01f25733dc849a7a9f89d5fc5220573b09d8e32e1cc6ba1b38cb8f3daf0d79110c44b33bc24b3fad80d016581a8a1b711bf3515MSMuFxpmAzYy6IiG3amK/q9uZED0QdOTH1X+nLNJ3II=\";permissions|a:25:{i:0;s:13:\"view_products\";i:1;s:11:\"add_product\";i:2;s:12:\"edit_product\";i:3;s:14:\"delete_product\";i:4;s:10:\"view_forms\";i:5;s:18:\"create_requisition\";i:6;s:16:\"edit_requisition\";i:7;s:17:\"view_requisitions\";i:8;s:10:\"view_users\";i:9;s:8:\"add_user\";i:10;s:9:\"edit_user\";i:11;s:11:\"delete_user\";i:12;s:16:\"view_departments\";i:13;s:14:\"add_department\";i:14;s:15:\"edit_department\";i:15;s:17:\"delete_department\";i:16;s:15:\"view_job_titles\";i:17;s:13:\"add_job_title\";i:18;s:14:\"edit_job_title\";i:19;s:16:\"delete_job_title\";i:20;s:14:\"view_login_log\";i:21;s:14:\"view_suppliers\";i:22;s:12:\"add_supplier\";i:23;s:13:\"edit_supplier\";i:24;s:15:\"delete_supplier\";}'),('3qumcnebrahvm9cd6bujnahn8ej5cbqq','::1',1523123949,'__ci_last_regenerate|i:1523123676;user_id|s:4:\"5292\";first_name|s:6:\"Jerome\";last_name|s:6:\"Bailey\";email_address|s:23:\"bailey.jerome@gmail.com\";gender_id|s:1:\"1\";department_id|s:1:\"0\";job_title_id|s:1:\"0\";dob|s:19:\"1980-01-01 00:00:00\";status_id|s:1:\"1\";user_password|s:60:\"$2y$12$UL6BVrMbPmAhK9fbWg.xyORLIydIeMJno4A7V9.A7zkKN5he4Blu2\";logged_in|i:1;encrypted_user_id|s:172:\"ca7d2c8950f2d2e7dbdf5287a01f25733dc849a7a9f89d5fc5220573b09d8e32e1cc6ba1b38cb8f3daf0d79110c44b33bc24b3fad80d016581a8a1b711bf3515MSMuFxpmAzYy6IiG3amK/q9uZED0QdOTH1X+nLNJ3II=\";permissions|a:25:{i:0;s:13:\"view_products\";i:1;s:11:\"add_product\";i:2;s:12:\"edit_product\";i:3;s:14:\"delete_product\";i:4;s:10:\"view_forms\";i:5;s:18:\"create_requisition\";i:6;s:16:\"edit_requisition\";i:7;s:17:\"view_requisitions\";i:8;s:10:\"view_users\";i:9;s:8:\"add_user\";i:10;s:9:\"edit_user\";i:11;s:11:\"delete_user\";i:12;s:16:\"view_departments\";i:13;s:14:\"add_department\";i:14;s:15:\"edit_department\";i:15;s:17:\"delete_department\";i:16;s:15:\"view_job_titles\";i:17;s:13:\"add_job_title\";i:18;s:14:\"edit_job_title\";i:19;s:16:\"delete_job_title\";i:20;s:14:\"view_login_log\";i:21;s:14:\"view_suppliers\";i:22;s:12:\"add_supplier\";i:23;s:13:\"edit_supplier\";i:24;s:15:\"delete_supplier\";}'),('cl0ads084o0kf0l3b9q396u1d0m3r9hm','::1',1523124187,'__ci_last_regenerate|i:1523124016;user_id|s:4:\"5292\";first_name|s:6:\"Jerome\";last_name|s:6:\"Bailey\";email_address|s:23:\"bailey.jerome@gmail.com\";gender_id|s:1:\"1\";department_id|s:1:\"0\";job_title_id|s:1:\"0\";dob|s:19:\"1980-01-01 00:00:00\";status_id|s:1:\"1\";user_password|s:60:\"$2y$12$UL6BVrMbPmAhK9fbWg.xyORLIydIeMJno4A7V9.A7zkKN5he4Blu2\";logged_in|i:1;encrypted_user_id|s:172:\"ca7d2c8950f2d2e7dbdf5287a01f25733dc849a7a9f89d5fc5220573b09d8e32e1cc6ba1b38cb8f3daf0d79110c44b33bc24b3fad80d016581a8a1b711bf3515MSMuFxpmAzYy6IiG3amK/q9uZED0QdOTH1X+nLNJ3II=\";permissions|a:25:{i:0;s:13:\"view_products\";i:1;s:11:\"add_product\";i:2;s:12:\"edit_product\";i:3;s:14:\"delete_product\";i:4;s:10:\"view_forms\";i:5;s:18:\"create_requisition\";i:6;s:16:\"edit_requisition\";i:7;s:17:\"view_requisitions\";i:8;s:10:\"view_users\";i:9;s:8:\"add_user\";i:10;s:9:\"edit_user\";i:11;s:11:\"delete_user\";i:12;s:16:\"view_departments\";i:13;s:14:\"add_department\";i:14;s:15:\"edit_department\";i:15;s:17:\"delete_department\";i:16;s:15:\"view_job_titles\";i:17;s:13:\"add_job_title\";i:18;s:14:\"edit_job_title\";i:19;s:16:\"delete_job_title\";i:20;s:14:\"view_login_log\";i:21;s:14:\"view_suppliers\";i:22;s:12:\"add_supplier\";i:23;s:13:\"edit_supplier\";i:24;s:15:\"delete_supplier\";}'),('32cc8cf7ansu97o2ivnj2chaj8qbtev0','::1',1523124497,'__ci_last_regenerate|i:1523124367;user_id|s:4:\"5292\";first_name|s:6:\"Jerome\";last_name|s:6:\"Bailey\";email_address|s:23:\"bailey.jerome@gmail.com\";gender_id|s:1:\"1\";department_id|s:1:\"0\";job_title_id|s:1:\"0\";dob|s:19:\"1980-01-01 00:00:00\";status_id|s:1:\"1\";user_password|s:60:\"$2y$12$UL6BVrMbPmAhK9fbWg.xyORLIydIeMJno4A7V9.A7zkKN5he4Blu2\";logged_in|i:1;encrypted_user_id|s:172:\"ca7d2c8950f2d2e7dbdf5287a01f25733dc849a7a9f89d5fc5220573b09d8e32e1cc6ba1b38cb8f3daf0d79110c44b33bc24b3fad80d016581a8a1b711bf3515MSMuFxpmAzYy6IiG3amK/q9uZED0QdOTH1X+nLNJ3II=\";permissions|a:25:{i:0;s:13:\"view_products\";i:1;s:11:\"add_product\";i:2;s:12:\"edit_product\";i:3;s:14:\"delete_product\";i:4;s:10:\"view_forms\";i:5;s:18:\"create_requisition\";i:6;s:16:\"edit_requisition\";i:7;s:17:\"view_requisitions\";i:8;s:10:\"view_users\";i:9;s:8:\"add_user\";i:10;s:9:\"edit_user\";i:11;s:11:\"delete_user\";i:12;s:16:\"view_departments\";i:13;s:14:\"add_department\";i:14;s:15:\"edit_department\";i:15;s:17:\"delete_department\";i:16;s:15:\"view_job_titles\";i:17;s:13:\"add_job_title\";i:18;s:14:\"edit_job_title\";i:19;s:16:\"delete_job_title\";i:20;s:14:\"view_login_log\";i:21;s:14:\"view_suppliers\";i:22;s:12:\"add_supplier\";i:23;s:13:\"edit_supplier\";i:24;s:15:\"delete_supplier\";}'),('62aof81fgbbl5qd7lvt6p25tr4k8kb76','::1',1523130860,'__ci_last_regenerate|i:1523130843;user_id|s:4:\"5292\";first_name|s:6:\"Jerome\";last_name|s:6:\"Bailey\";email_address|s:23:\"bailey.jerome@gmail.com\";gender_id|s:1:\"1\";department_id|s:1:\"0\";job_title_id|s:1:\"0\";dob|s:19:\"1980-01-01 00:00:00\";status_id|s:1:\"1\";user_password|s:60:\"$2y$12$UL6BVrMbPmAhK9fbWg.xyORLIydIeMJno4A7V9.A7zkKN5he4Blu2\";logged_in|i:1;encrypted_user_id|s:172:\"62c54504ecb8117ff78abaa1bf6552170337f7d975d5e2ba10bfc4209af97f95a96865fced6626d4fd32ac911e18faeba95f026c600ae8d596131dc5a00a8c59WiBvTBoMh0Usv+v8HEgxwedoIzL4MlTCRUNzK9kluak=\";permissions|a:25:{i:0;s:13:\"view_products\";i:1;s:11:\"add_product\";i:2;s:12:\"edit_product\";i:3;s:14:\"delete_product\";i:4;s:10:\"view_forms\";i:5;s:18:\"create_requisition\";i:6;s:16:\"edit_requisition\";i:7;s:17:\"view_requisitions\";i:8;s:10:\"view_users\";i:9;s:8:\"add_user\";i:10;s:9:\"edit_user\";i:11;s:11:\"delete_user\";i:12;s:16:\"view_departments\";i:13;s:14:\"add_department\";i:14;s:15:\"edit_department\";i:15;s:17:\"delete_department\";i:16;s:15:\"view_job_titles\";i:17;s:13:\"add_job_title\";i:18;s:14:\"edit_job_title\";i:19;s:16:\"delete_job_title\";i:20;s:14:\"view_login_log\";i:21;s:14:\"view_suppliers\";i:22;s:12:\"add_supplier\";i:23;s:13:\"edit_supplier\";i:24;s:15:\"delete_supplier\";}'),('ad38iqap0kdr38ibl6aakethtn88jlau','::1',1523131636,'__ci_last_regenerate|i:1523131340;user_id|s:4:\"5292\";first_name|s:6:\"Jerome\";last_name|s:6:\"Bailey\";email_address|s:23:\"bailey.jerome@gmail.com\";gender_id|s:1:\"1\";department_id|s:1:\"0\";job_title_id|s:1:\"0\";dob|s:19:\"1980-01-01 00:00:00\";status_id|s:1:\"1\";user_password|s:60:\"$2y$12$UL6BVrMbPmAhK9fbWg.xyORLIydIeMJno4A7V9.A7zkKN5he4Blu2\";logged_in|i:1;encrypted_user_id|s:172:\"62c54504ecb8117ff78abaa1bf6552170337f7d975d5e2ba10bfc4209af97f95a96865fced6626d4fd32ac911e18faeba95f026c600ae8d596131dc5a00a8c59WiBvTBoMh0Usv+v8HEgxwedoIzL4MlTCRUNzK9kluak=\";permissions|a:25:{i:0;s:13:\"view_products\";i:1;s:11:\"add_product\";i:2;s:12:\"edit_product\";i:3;s:14:\"delete_product\";i:4;s:10:\"view_forms\";i:5;s:18:\"create_requisition\";i:6;s:16:\"edit_requisition\";i:7;s:17:\"view_requisitions\";i:8;s:10:\"view_users\";i:9;s:8:\"add_user\";i:10;s:9:\"edit_user\";i:11;s:11:\"delete_user\";i:12;s:16:\"view_departments\";i:13;s:14:\"add_department\";i:14;s:15:\"edit_department\";i:15;s:17:\"delete_department\";i:16;s:15:\"view_job_titles\";i:17;s:13:\"add_job_title\";i:18;s:14:\"edit_job_title\";i:19;s:16:\"delete_job_title\";i:20;s:14:\"view_login_log\";i:21;s:14:\"view_suppliers\";i:22;s:12:\"add_supplier\";i:23;s:13:\"edit_supplier\";i:24;s:15:\"delete_supplier\";}'),('0mimjuvr1r9p4eui8qjro9234tqeo11a','::1',1523131878,'__ci_last_regenerate|i:1523131653;user_id|s:4:\"5292\";first_name|s:6:\"Jerome\";last_name|s:6:\"Bailey\";email_address|s:23:\"bailey.jerome@gmail.com\";gender_id|s:1:\"1\";department_id|s:1:\"0\";job_title_id|s:1:\"0\";dob|s:19:\"1980-01-01 00:00:00\";status_id|s:1:\"1\";user_password|s:60:\"$2y$12$UL6BVrMbPmAhK9fbWg.xyORLIydIeMJno4A7V9.A7zkKN5he4Blu2\";logged_in|i:1;encrypted_user_id|s:172:\"62c54504ecb8117ff78abaa1bf6552170337f7d975d5e2ba10bfc4209af97f95a96865fced6626d4fd32ac911e18faeba95f026c600ae8d596131dc5a00a8c59WiBvTBoMh0Usv+v8HEgxwedoIzL4MlTCRUNzK9kluak=\";permissions|a:25:{i:0;s:13:\"view_products\";i:1;s:11:\"add_product\";i:2;s:12:\"edit_product\";i:3;s:14:\"delete_product\";i:4;s:10:\"view_forms\";i:5;s:18:\"create_requisition\";i:6;s:16:\"edit_requisition\";i:7;s:17:\"view_requisitions\";i:8;s:10:\"view_users\";i:9;s:8:\"add_user\";i:10;s:9:\"edit_user\";i:11;s:11:\"delete_user\";i:12;s:16:\"view_departments\";i:13;s:14:\"add_department\";i:14;s:15:\"edit_department\";i:15;s:17:\"delete_department\";i:16;s:15:\"view_job_titles\";i:17;s:13:\"add_job_title\";i:18;s:14:\"edit_job_title\";i:19;s:16:\"delete_job_title\";i:20;s:14:\"view_login_log\";i:21;s:14:\"view_suppliers\";i:22;s:12:\"add_supplier\";i:23;s:13:\"edit_supplier\";i:24;s:15:\"delete_supplier\";}'),('pfl5mkk72gfvbhfm1dbcesegso6p6l9t','::1',1523132498,'__ci_last_regenerate|i:1523132362;user_id|s:4:\"5292\";first_name|s:6:\"Jerome\";last_name|s:6:\"Bailey\";email_address|s:23:\"bailey.jerome@gmail.com\";gender_id|s:1:\"1\";department_id|s:1:\"0\";job_title_id|s:1:\"0\";dob|s:19:\"1980-01-01 00:00:00\";status_id|s:1:\"1\";user_password|s:60:\"$2y$12$UL6BVrMbPmAhK9fbWg.xyORLIydIeMJno4A7V9.A7zkKN5he4Blu2\";logged_in|i:1;encrypted_user_id|s:172:\"62c54504ecb8117ff78abaa1bf6552170337f7d975d5e2ba10bfc4209af97f95a96865fced6626d4fd32ac911e18faeba95f026c600ae8d596131dc5a00a8c59WiBvTBoMh0Usv+v8HEgxwedoIzL4MlTCRUNzK9kluak=\";permissions|a:25:{i:0;s:13:\"view_products\";i:1;s:11:\"add_product\";i:2;s:12:\"edit_product\";i:3;s:14:\"delete_product\";i:4;s:10:\"view_forms\";i:5;s:18:\"create_requisition\";i:6;s:16:\"edit_requisition\";i:7;s:17:\"view_requisitions\";i:8;s:10:\"view_users\";i:9;s:8:\"add_user\";i:10;s:9:\"edit_user\";i:11;s:11:\"delete_user\";i:12;s:16:\"view_departments\";i:13;s:14:\"add_department\";i:14;s:15:\"edit_department\";i:15;s:17:\"delete_department\";i:16;s:15:\"view_job_titles\";i:17;s:13:\"add_job_title\";i:18;s:14:\"edit_job_title\";i:19;s:16:\"delete_job_title\";i:20;s:14:\"view_login_log\";i:21;s:14:\"view_suppliers\";i:22;s:12:\"add_supplier\";i:23;s:13:\"edit_supplier\";i:24;s:15:\"delete_supplier\";}'),('mjt9q934jjqt3qehahift0m42p51t0ob','::1',1523132990,'__ci_last_regenerate|i:1523132693;user_id|s:4:\"5292\";first_name|s:6:\"Jerome\";last_name|s:6:\"Bailey\";email_address|s:23:\"bailey.jerome@gmail.com\";gender_id|s:1:\"1\";department_id|s:1:\"0\";job_title_id|s:1:\"0\";dob|s:19:\"1980-01-01 00:00:00\";status_id|s:1:\"1\";user_password|s:60:\"$2y$12$UL6BVrMbPmAhK9fbWg.xyORLIydIeMJno4A7V9.A7zkKN5he4Blu2\";logged_in|i:1;encrypted_user_id|s:172:\"62c54504ecb8117ff78abaa1bf6552170337f7d975d5e2ba10bfc4209af97f95a96865fced6626d4fd32ac911e18faeba95f026c600ae8d596131dc5a00a8c59WiBvTBoMh0Usv+v8HEgxwedoIzL4MlTCRUNzK9kluak=\";permissions|a:25:{i:0;s:13:\"view_products\";i:1;s:11:\"add_product\";i:2;s:12:\"edit_product\";i:3;s:14:\"delete_product\";i:4;s:10:\"view_forms\";i:5;s:18:\"create_requisition\";i:6;s:16:\"edit_requisition\";i:7;s:17:\"view_requisitions\";i:8;s:10:\"view_users\";i:9;s:8:\"add_user\";i:10;s:9:\"edit_user\";i:11;s:11:\"delete_user\";i:12;s:16:\"view_departments\";i:13;s:14:\"add_department\";i:14;s:15:\"edit_department\";i:15;s:17:\"delete_department\";i:16;s:15:\"view_job_titles\";i:17;s:13:\"add_job_title\";i:18;s:14:\"edit_job_title\";i:19;s:16:\"delete_job_title\";i:20;s:14:\"view_login_log\";i:21;s:14:\"view_suppliers\";i:22;s:12:\"add_supplier\";i:23;s:13:\"edit_supplier\";i:24;s:15:\"delete_supplier\";}'),('7uegitr38ub7qco012ljll41dti7u5f4','::1',1523133124,'__ci_last_regenerate|i:1523132999;user_id|s:4:\"5292\";first_name|s:6:\"Jerome\";last_name|s:6:\"Bailey\";email_address|s:23:\"bailey.jerome@gmail.com\";gender_id|s:1:\"1\";department_id|s:1:\"0\";job_title_id|s:1:\"0\";dob|s:19:\"1980-01-01 00:00:00\";status_id|s:1:\"1\";user_password|s:60:\"$2y$12$UL6BVrMbPmAhK9fbWg.xyORLIydIeMJno4A7V9.A7zkKN5he4Blu2\";logged_in|i:1;encrypted_user_id|s:172:\"62c54504ecb8117ff78abaa1bf6552170337f7d975d5e2ba10bfc4209af97f95a96865fced6626d4fd32ac911e18faeba95f026c600ae8d596131dc5a00a8c59WiBvTBoMh0Usv+v8HEgxwedoIzL4MlTCRUNzK9kluak=\";permissions|a:25:{i:0;s:13:\"view_products\";i:1;s:11:\"add_product\";i:2;s:12:\"edit_product\";i:3;s:14:\"delete_product\";i:4;s:10:\"view_forms\";i:5;s:18:\"create_requisition\";i:6;s:16:\"edit_requisition\";i:7;s:17:\"view_requisitions\";i:8;s:10:\"view_users\";i:9;s:8:\"add_user\";i:10;s:9:\"edit_user\";i:11;s:11:\"delete_user\";i:12;s:16:\"view_departments\";i:13;s:14:\"add_department\";i:14;s:15:\"edit_department\";i:15;s:17:\"delete_department\";i:16;s:15:\"view_job_titles\";i:17;s:13:\"add_job_title\";i:18;s:14:\"edit_job_title\";i:19;s:16:\"delete_job_title\";i:20;s:14:\"view_login_log\";i:21;s:14:\"view_suppliers\";i:22;s:12:\"add_supplier\";i:23;s:13:\"edit_supplier\";i:24;s:15:\"delete_supplier\";}'),('qma49nmvka1fqmjtqtp8rdboi8kqguv1','::1',1523133504,'__ci_last_regenerate|i:1523133504;user_id|s:4:\"5292\";first_name|s:6:\"Jerome\";last_name|s:6:\"Bailey\";email_address|s:23:\"bailey.jerome@gmail.com\";gender_id|s:1:\"1\";department_id|s:1:\"0\";job_title_id|s:1:\"0\";dob|s:19:\"1980-01-01 00:00:00\";status_id|s:1:\"1\";user_password|s:60:\"$2y$12$UL6BVrMbPmAhK9fbWg.xyORLIydIeMJno4A7V9.A7zkKN5he4Blu2\";logged_in|i:1;encrypted_user_id|s:172:\"62c54504ecb8117ff78abaa1bf6552170337f7d975d5e2ba10bfc4209af97f95a96865fced6626d4fd32ac911e18faeba95f026c600ae8d596131dc5a00a8c59WiBvTBoMh0Usv+v8HEgxwedoIzL4MlTCRUNzK9kluak=\";permissions|a:25:{i:0;s:13:\"view_products\";i:1;s:11:\"add_product\";i:2;s:12:\"edit_product\";i:3;s:14:\"delete_product\";i:4;s:10:\"view_forms\";i:5;s:18:\"create_requisition\";i:6;s:16:\"edit_requisition\";i:7;s:17:\"view_requisitions\";i:8;s:10:\"view_users\";i:9;s:8:\"add_user\";i:10;s:9:\"edit_user\";i:11;s:11:\"delete_user\";i:12;s:16:\"view_departments\";i:13;s:14:\"add_department\";i:14;s:15:\"edit_department\";i:15;s:17:\"delete_department\";i:16;s:15:\"view_job_titles\";i:17;s:13:\"add_job_title\";i:18;s:14:\"edit_job_title\";i:19;s:16:\"delete_job_title\";i:20;s:14:\"view_login_log\";i:21;s:14:\"view_suppliers\";i:22;s:12:\"add_supplier\";i:23;s:13:\"edit_supplier\";i:24;s:15:\"delete_supplier\";}'),('4besv3h90iten5t3s8la1pjklnurst1s','::1',1523135904,'__ci_last_regenerate|i:1523135822;user_id|s:4:\"5292\";first_name|s:6:\"Jerome\";last_name|s:6:\"Bailey\";email_address|s:23:\"bailey.jerome@gmail.com\";gender_id|s:1:\"1\";department_id|s:1:\"0\";job_title_id|s:1:\"0\";dob|s:19:\"1980-01-01 00:00:00\";status_id|s:1:\"1\";user_password|s:60:\"$2y$12$UL6BVrMbPmAhK9fbWg.xyORLIydIeMJno4A7V9.A7zkKN5he4Blu2\";logged_in|i:1;encrypted_user_id|s:172:\"62c54504ecb8117ff78abaa1bf6552170337f7d975d5e2ba10bfc4209af97f95a96865fced6626d4fd32ac911e18faeba95f026c600ae8d596131dc5a00a8c59WiBvTBoMh0Usv+v8HEgxwedoIzL4MlTCRUNzK9kluak=\";permissions|a:25:{i:0;s:13:\"view_products\";i:1;s:11:\"add_product\";i:2;s:12:\"edit_product\";i:3;s:14:\"delete_product\";i:4;s:10:\"view_forms\";i:5;s:18:\"create_requisition\";i:6;s:16:\"edit_requisition\";i:7;s:17:\"view_requisitions\";i:8;s:10:\"view_users\";i:9;s:8:\"add_user\";i:10;s:9:\"edit_user\";i:11;s:11:\"delete_user\";i:12;s:16:\"view_departments\";i:13;s:14:\"add_department\";i:14;s:15:\"edit_department\";i:15;s:17:\"delete_department\";i:16;s:15:\"view_job_titles\";i:17;s:13:\"add_job_title\";i:18;s:14:\"edit_job_title\";i:19;s:16:\"delete_job_title\";i:20;s:14:\"view_login_log\";i:21;s:14:\"view_suppliers\";i:22;s:12:\"add_supplier\";i:23;s:13:\"edit_supplier\";i:24;s:15:\"delete_supplier\";}'),('sj7g0qi0ie5ah73ambelv1k3adm0cq95','::1',1523136552,'__ci_last_regenerate|i:1523136345;user_id|s:4:\"5292\";first_name|s:6:\"Jerome\";last_name|s:6:\"Bailey\";email_address|s:23:\"bailey.jerome@gmail.com\";gender_id|s:1:\"1\";department_id|s:1:\"0\";job_title_id|s:1:\"0\";dob|s:19:\"1980-01-01 00:00:00\";status_id|s:1:\"1\";user_password|s:60:\"$2y$12$UL6BVrMbPmAhK9fbWg.xyORLIydIeMJno4A7V9.A7zkKN5he4Blu2\";logged_in|i:1;encrypted_user_id|s:172:\"62c54504ecb8117ff78abaa1bf6552170337f7d975d5e2ba10bfc4209af97f95a96865fced6626d4fd32ac911e18faeba95f026c600ae8d596131dc5a00a8c59WiBvTBoMh0Usv+v8HEgxwedoIzL4MlTCRUNzK9kluak=\";permissions|a:25:{i:0;s:13:\"view_products\";i:1;s:11:\"add_product\";i:2;s:12:\"edit_product\";i:3;s:14:\"delete_product\";i:4;s:10:\"view_forms\";i:5;s:18:\"create_requisition\";i:6;s:16:\"edit_requisition\";i:7;s:17:\"view_requisitions\";i:8;s:10:\"view_users\";i:9;s:8:\"add_user\";i:10;s:9:\"edit_user\";i:11;s:11:\"delete_user\";i:12;s:16:\"view_departments\";i:13;s:14:\"add_department\";i:14;s:15:\"edit_department\";i:15;s:17:\"delete_department\";i:16;s:15:\"view_job_titles\";i:17;s:13:\"add_job_title\";i:18;s:14:\"edit_job_title\";i:19;s:16:\"delete_job_title\";i:20;s:14:\"view_login_log\";i:21;s:14:\"view_suppliers\";i:22;s:12:\"add_supplier\";i:23;s:13:\"edit_supplier\";i:24;s:15:\"delete_supplier\";}'),('l6ka44383va4c25l0h7a7eo387eh5vbi','::1',1523137980,'__ci_last_regenerate|i:1523137969;user_id|s:4:\"5292\";first_name|s:6:\"Jerome\";last_name|s:6:\"Bailey\";email_address|s:23:\"bailey.jerome@gmail.com\";gender_id|s:1:\"1\";department_id|s:1:\"0\";job_title_id|s:1:\"0\";dob|s:19:\"1980-01-01 00:00:00\";status_id|s:1:\"1\";user_password|s:60:\"$2y$12$UL6BVrMbPmAhK9fbWg.xyORLIydIeMJno4A7V9.A7zkKN5he4Blu2\";logged_in|i:1;encrypted_user_id|s:172:\"62c54504ecb8117ff78abaa1bf6552170337f7d975d5e2ba10bfc4209af97f95a96865fced6626d4fd32ac911e18faeba95f026c600ae8d596131dc5a00a8c59WiBvTBoMh0Usv+v8HEgxwedoIzL4MlTCRUNzK9kluak=\";permissions|a:25:{i:0;s:13:\"view_products\";i:1;s:11:\"add_product\";i:2;s:12:\"edit_product\";i:3;s:14:\"delete_product\";i:4;s:10:\"view_forms\";i:5;s:18:\"create_requisition\";i:6;s:16:\"edit_requisition\";i:7;s:17:\"view_requisitions\";i:8;s:10:\"view_users\";i:9;s:8:\"add_user\";i:10;s:9:\"edit_user\";i:11;s:11:\"delete_user\";i:12;s:16:\"view_departments\";i:13;s:14:\"add_department\";i:14;s:15:\"edit_department\";i:15;s:17:\"delete_department\";i:16;s:15:\"view_job_titles\";i:17;s:13:\"add_job_title\";i:18;s:14:\"edit_job_title\";i:19;s:16:\"delete_job_title\";i:20;s:14:\"view_login_log\";i:21;s:14:\"view_suppliers\";i:22;s:12:\"add_supplier\";i:23;s:13:\"edit_supplier\";i:24;s:15:\"delete_supplier\";}'),('302q6vpgnb1qidps3d11js04a1iuntc7','::1',1523138840,'__ci_last_regenerate|i:1523138364;user_id|s:4:\"5292\";first_name|s:6:\"Jerome\";last_name|s:6:\"Bailey\";email_address|s:23:\"bailey.jerome@gmail.com\";gender_id|s:1:\"1\";department_id|s:1:\"0\";job_title_id|s:1:\"0\";dob|s:19:\"1980-01-01 00:00:00\";status_id|s:1:\"1\";user_password|s:60:\"$2y$12$UL6BVrMbPmAhK9fbWg.xyORLIydIeMJno4A7V9.A7zkKN5he4Blu2\";logged_in|i:1;encrypted_user_id|s:172:\"62c54504ecb8117ff78abaa1bf6552170337f7d975d5e2ba10bfc4209af97f95a96865fced6626d4fd32ac911e18faeba95f026c600ae8d596131dc5a00a8c59WiBvTBoMh0Usv+v8HEgxwedoIzL4MlTCRUNzK9kluak=\";permissions|a:25:{i:0;s:13:\"view_products\";i:1;s:11:\"add_product\";i:2;s:12:\"edit_product\";i:3;s:14:\"delete_product\";i:4;s:10:\"view_forms\";i:5;s:18:\"create_requisition\";i:6;s:16:\"edit_requisition\";i:7;s:17:\"view_requisitions\";i:8;s:10:\"view_users\";i:9;s:8:\"add_user\";i:10;s:9:\"edit_user\";i:11;s:11:\"delete_user\";i:12;s:16:\"view_departments\";i:13;s:14:\"add_department\";i:14;s:15:\"edit_department\";i:15;s:17:\"delete_department\";i:16;s:15:\"view_job_titles\";i:17;s:13:\"add_job_title\";i:18;s:14:\"edit_job_title\";i:19;s:16:\"delete_job_title\";i:20;s:14:\"view_login_log\";i:21;s:14:\"view_suppliers\";i:22;s:12:\"add_supplier\";i:23;s:13:\"edit_supplier\";i:24;s:15:\"delete_supplier\";}'),('9rre0u6celmt6n12n62oer93215k3rkt','::1',1523381954,'__ci_last_regenerate|i:1523381795;user_id|s:4:\"5292\";first_name|s:6:\"Jerome\";last_name|s:6:\"Bailey\";email_address|s:23:\"bailey.jerome@gmail.com\";gender_id|s:1:\"1\";department_id|s:1:\"0\";job_title_id|s:1:\"0\";dob|s:19:\"1980-01-01 00:00:00\";status_id|s:1:\"1\";user_password|s:60:\"$2y$12$UL6BVrMbPmAhK9fbWg.xyORLIydIeMJno4A7V9.A7zkKN5he4Blu2\";logged_in|i:1;encrypted_user_id|s:172:\"530ae28acf798dfeaf0f2139cd08e78798e7cbe8a59fda8394386a1f114c0caaaed7b42f84a9160d4218f5db0e96c74022ba0515a39e43283a71599bef030522ax9ZKptQURuY7AZojartQBz+vnwXaB99wljZC7Dnp9s=\";permissions|a:25:{i:0;s:13:\"view_products\";i:1;s:11:\"add_product\";i:2;s:12:\"edit_product\";i:3;s:14:\"delete_product\";i:4;s:10:\"view_forms\";i:5;s:18:\"create_requisition\";i:6;s:16:\"edit_requisition\";i:7;s:17:\"view_requisitions\";i:8;s:10:\"view_users\";i:9;s:8:\"add_user\";i:10;s:9:\"edit_user\";i:11;s:11:\"delete_user\";i:12;s:16:\"view_departments\";i:13;s:14:\"add_department\";i:14;s:15:\"edit_department\";i:15;s:17:\"delete_department\";i:16;s:15:\"view_job_titles\";i:17;s:13:\"add_job_title\";i:18;s:14:\"edit_job_title\";i:19;s:16:\"delete_job_title\";i:20;s:14:\"view_login_log\";i:21;s:14:\"view_suppliers\";i:22;s:12:\"add_supplier\";i:23;s:13:\"edit_supplier\";i:24;s:15:\"delete_supplier\";}'),('6qmg7qkqksephd7gtq4100665ssh8u38','::1',1523383223,'__ci_last_regenerate|i:1523382933;user_id|s:4:\"5292\";first_name|s:6:\"Jerome\";last_name|s:6:\"Bailey\";email_address|s:23:\"bailey.jerome@gmail.com\";gender_id|s:1:\"1\";department_id|s:1:\"0\";job_title_id|s:1:\"0\";dob|s:19:\"1980-01-01 00:00:00\";status_id|s:1:\"1\";user_password|s:60:\"$2y$12$UL6BVrMbPmAhK9fbWg.xyORLIydIeMJno4A7V9.A7zkKN5he4Blu2\";logged_in|i:1;encrypted_user_id|s:172:\"530ae28acf798dfeaf0f2139cd08e78798e7cbe8a59fda8394386a1f114c0caaaed7b42f84a9160d4218f5db0e96c74022ba0515a39e43283a71599bef030522ax9ZKptQURuY7AZojartQBz+vnwXaB99wljZC7Dnp9s=\";permissions|a:25:{i:0;s:13:\"view_products\";i:1;s:11:\"add_product\";i:2;s:12:\"edit_product\";i:3;s:14:\"delete_product\";i:4;s:10:\"view_forms\";i:5;s:18:\"create_requisition\";i:6;s:16:\"edit_requisition\";i:7;s:17:\"view_requisitions\";i:8;s:10:\"view_users\";i:9;s:8:\"add_user\";i:10;s:9:\"edit_user\";i:11;s:11:\"delete_user\";i:12;s:16:\"view_departments\";i:13;s:14:\"add_department\";i:14;s:15:\"edit_department\";i:15;s:17:\"delete_department\";i:16;s:15:\"view_job_titles\";i:17;s:13:\"add_job_title\";i:18;s:14:\"edit_job_title\";i:19;s:16:\"delete_job_title\";i:20;s:14:\"view_login_log\";i:21;s:14:\"view_suppliers\";i:22;s:12:\"add_supplier\";i:23;s:13:\"edit_supplier\";i:24;s:15:\"delete_supplier\";}'),('0j8hiu6a3ia50lpk77fqtt3qq91uagkh','::1',1523383357,'__ci_last_regenerate|i:1523383265;user_id|s:4:\"5292\";first_name|s:6:\"Jerome\";last_name|s:6:\"Bailey\";email_address|s:23:\"bailey.jerome@gmail.com\";gender_id|s:1:\"1\";department_id|s:1:\"0\";job_title_id|s:1:\"0\";dob|s:19:\"1980-01-01 00:00:00\";status_id|s:1:\"1\";user_password|s:60:\"$2y$12$UL6BVrMbPmAhK9fbWg.xyORLIydIeMJno4A7V9.A7zkKN5he4Blu2\";logged_in|i:1;encrypted_user_id|s:172:\"530ae28acf798dfeaf0f2139cd08e78798e7cbe8a59fda8394386a1f114c0caaaed7b42f84a9160d4218f5db0e96c74022ba0515a39e43283a71599bef030522ax9ZKptQURuY7AZojartQBz+vnwXaB99wljZC7Dnp9s=\";permissions|a:25:{i:0;s:13:\"view_products\";i:1;s:11:\"add_product\";i:2;s:12:\"edit_product\";i:3;s:14:\"delete_product\";i:4;s:10:\"view_forms\";i:5;s:18:\"create_requisition\";i:6;s:16:\"edit_requisition\";i:7;s:17:\"view_requisitions\";i:8;s:10:\"view_users\";i:9;s:8:\"add_user\";i:10;s:9:\"edit_user\";i:11;s:11:\"delete_user\";i:12;s:16:\"view_departments\";i:13;s:14:\"add_department\";i:14;s:15:\"edit_department\";i:15;s:17:\"delete_department\";i:16;s:15:\"view_job_titles\";i:17;s:13:\"add_job_title\";i:18;s:14:\"edit_job_title\";i:19;s:16:\"delete_job_title\";i:20;s:14:\"view_login_log\";i:21;s:14:\"view_suppliers\";i:22;s:12:\"add_supplier\";i:23;s:13:\"edit_supplier\";i:24;s:15:\"delete_supplier\";}');

/*Table structure for table `client_flight_passenger_count` */

DROP TABLE IF EXISTS `client_flight_passenger_count`;

CREATE TABLE `client_flight_passenger_count` (
  `client_flight_id` int(11) NOT NULL,
  `no_of_first_class_passengers` int(11) NOT NULL,
  `no_of_coach_passengers` int(11) NOT NULL,
  PRIMARY KEY (`client_flight_id`)
) ENGINE=MyISAM DEFAULT CHARSET=latin1;

/*Data for the table `client_flight_passenger_count` */

/*Table structure for table `client_flights` */

DROP TABLE IF EXISTS `client_flights`;

CREATE TABLE `client_flights` (
  `client_flight_id` int(11) NOT NULL,
  `client_id` int(11) NOT NULL,
  `flight_no` varchar(15) NOT NULL,
  `destination_id` int(11) NOT NULL,
  PRIMARY KEY (`client_flight_id`)
) ENGINE=MyISAM DEFAULT CHARSET=latin1;

/*Data for the table `client_flights` */

/*Table structure for table `clients` */

DROP TABLE IF EXISTS `clients`;

CREATE TABLE `clients` (
  `client_id` int(11) NOT NULL AUTO_INCREMENT,
  `client_name` varchar(500) NOT NULL,
  `address_line_1` varchar(500) DEFAULT NULL,
  `address_line_2` varchar(500) DEFAULT NULL,
  `city` varchar(300) DEFAULT NULL,
  `state` varchar(300) DEFAULT NULL,
  `zip` varchar(50) DEFAULT NULL,
  PRIMARY KEY (`client_id`)
) ENGINE=MyISAM AUTO_INCREMENT=2 DEFAULT CHARSET=latin1;

/*Data for the table `clients` */

insert  into `clients`(`client_id`,`client_name`,`address_line_1`,`address_line_2`,`city`,`state`,`zip`) values (1,'Delta',NULL,NULL,NULL,NULL,NULL);

/*Table structure for table `contact_info_types` */

DROP TABLE IF EXISTS `contact_info_types`;

CREATE TABLE `contact_info_types` (
  `contact_type_id` int(11) NOT NULL AUTO_INCREMENT,
  `type_name` varchar(100) DEFAULT NULL,
  PRIMARY KEY (`contact_type_id`)
) ENGINE=MyISAM DEFAULT CHARSET=latin1;

/*Data for the table `contact_info_types` */

/*Table structure for table `departments` */

DROP TABLE IF EXISTS `departments`;

CREATE TABLE `departments` (
  `department_id` int(11) NOT NULL AUTO_INCREMENT,
  `department_name` varchar(300) NOT NULL,
  PRIMARY KEY (`department_id`)
) ENGINE=MyISAM AUTO_INCREMENT=7 DEFAULT CHARSET=latin1;

/*Data for the table `departments` */

insert  into `departments`(`department_id`,`department_name`) values (1,'Operation'),(2,'Production'),(3,'Sanitation/Operations'),(4,'Administration'),(5,'Quality'),(6,'Stores');

/*Table structure for table `emails` */

DROP TABLE IF EXISTS `emails`;

CREATE TABLE `emails` (
  `email_id` int(11) NOT NULL AUTO_INCREMENT,
  `email_subject` varchar(400) DEFAULT NULL,
  `email_body` text,
  PRIMARY KEY (`email_id`)
) ENGINE=InnoDB AUTO_INCREMENT=7 DEFAULT CHARSET=latin1;

/*Data for the table `emails` */

insert  into `emails`(`email_id`,`email_subject`,`email_body`) values (1,'Verify your email address','<p>\r\n	<strong>Hi {firstname},</strong></p>\r\n<p>\r\n	To complete your signup for ELIRA Ticketing, you must click on the link below to verify your email account.</p>\r\n<p>\r\n	{VerificationLink}</p>\r\n<p>\r\n	You can also copy and paste the link in your browser to complete the signup process.</p>\r\n<p>\r\n	You have 24hrs in which to verify your account. If you fail to do so within this timeframe, you will have to re-create your account.</p>\r\n\r\n\r\n<p>\r\n	Thanks,<br />\r\n	The ELIRA Ticketing Team<br />\r\n	www.elira-ticketing.com</p>\r\n\r\n\r\n\r\n\r\n'),(2,'Welcome to ELIRA Ticketing','<p>\r\n	<strong>Hi {FirstName},</strong></p>\r\n<p>\r\n	Thanks for signing up with MyDealsJa, Jamaica&#39;s premium bargain website!</p>\r\n<p>\r\n	{VerificationLink}</p>\r\n<p>\r\n	To complete the sign-up process please click on the hyperlink listed above.You can also copy and paste the link in your browser.</p>\r\n<p>\r\n	You have 24hrs in which to verify your account. If you fail to do so within this timeframe, you will have to re-create your account.</p>\r\n<p>\r\n	Each day, check your email, Facebook or Twitter feeds for details on deals from some of Jamaica&#39;s finest businesses and brands.</p>\r\n<p>\r\n	With one easy click, purchase your deal. Print your voucher, and take it to the retailer within the specified time frame, and enjoy your deal!</p>\r\n<p>\r\n	We look forward to providing you with more of the best deals in Jamaica.</p>\r\n<p>\r\n	Thank you,</p>\r\n<p>\r\n	The MyDealsJa Team</p>\r\n'),(4,'Reset my password','<p>\r\n	<strong>Hi {first_name},</strong></p>\r\n<p>\r\n	You have indicated that you want to reset your password. If you did not make this request, please ignore this email.</p>\r\n<p>\r\n	Please click on the link below to reset your password:<br />\r\n	<a href = \"{reset_password_link}\" target = \"_blank\">{reset_password_link}</a></p>\r\n<p>\r\n	Thanks,<br />\r\n	BEVERA<br />\r\n	<a href = \"bevera.jbwebstudios.com\" target = \"_blank\">bevera.jbwebstudios.com</a></p>\r\n'),(5,'Ticket for Event','<p>\r\n	<strong>Hi {first_name},</strong></p>\r\n<p>\r\n	Thank you for purchasing a ticket to <strong>{event_name}</strong>.</p>\r\n\r\n<p>Please find your ticket attached.</p>\r\n\r\n<p>\r\n	If there are any errors on your ticket, please click on the link below to correct it or ask the person who purchased it for you to make the correction:<br />\r\n	<a href = \"{ewe_login_link}\" target = \"_blank\">{ewe_login_link}</a></p>\r\n<p>&nbsp;</p>\r\n<p>\r\n	Regards,<br />\r\n	ELIRA Ticketing Team<br />\r\n	<a href = \"http://www.elira-ticketing.com\" target = \"_blank\">www.elira-ticketing.com</a></p>\r\n'),(6,'Your Event has been published','<p>\r\n	<strong>Hi {first_name},</strong></p>\r\n<p>\r\n	Thank you for choosing ELIRA!</p>\r\n<p>Your event <strong>{event_name}</strong> has been published and is now available in the mobile app or by clicking the link below.</p>\r\n\r\n<p>{link_to_event}</p>\r\n\r\n<p>&nbsp;</p>\r\n<p>\r\n	Regards,<br />\r\n	ELIRA Team<br />\r\n	<a href = \"elira.jbwebstudios.com\" target = \"_blank\">elira.jbwebstudios.com</a></p>\r\n');

/*Table structure for table `exceptions` */

DROP TABLE IF EXISTS `exceptions`;

CREATE TABLE `exceptions` (
  `_id` bigint(20) NOT NULL AUTO_INCREMENT,
  `exception` text NOT NULL,
  `date_occured` datetime NOT NULL,
  PRIMARY KEY (`_id`)
) ENGINE=MyISAM DEFAULT CHARSET=latin1;

/*Data for the table `exceptions` */

/*Table structure for table `flight_destinations` */

DROP TABLE IF EXISTS `flight_destinations`;

CREATE TABLE `flight_destinations` (
  `destination_id` int(11) NOT NULL AUTO_INCREMENT,
  `destination` varchar(300) NOT NULL,
  `destination_abbreviation` varchar(10) DEFAULT NULL,
  PRIMARY KEY (`destination_id`)
) ENGINE=MyISAM AUTO_INCREMENT=5 DEFAULT CHARSET=latin1;

/*Data for the table `flight_destinations` */

insert  into `flight_destinations`(`destination_id`,`destination`,`destination_abbreviation`) values (1,'Chicago O\'Hare','ORD'),(2,'New York','JFK'),(3,'Miami','MIA'),(4,'Tampa','TPA');

/*Table structure for table `genders` */

DROP TABLE IF EXISTS `genders`;

CREATE TABLE `genders` (
  `gender_id` int(11) NOT NULL AUTO_INCREMENT,
  `gender` varchar(10) NOT NULL,
  PRIMARY KEY (`gender_id`)
) ENGINE=MyISAM AUTO_INCREMENT=3 DEFAULT CHARSET=latin1;

/*Data for the table `genders` */

insert  into `genders`(`gender_id`,`gender`) values (1,'Male'),(2,'Female');

/*Table structure for table `job_titles` */

DROP TABLE IF EXISTS `job_titles`;

CREATE TABLE `job_titles` (
  `job_title_id` int(11) NOT NULL AUTO_INCREMENT,
  `job_title` varchar(300) NOT NULL,
  PRIMARY KEY (`job_title_id`)
) ENGINE=MyISAM AUTO_INCREMENT=15 DEFAULT CHARSET=latin1;

/*Data for the table `job_titles` */

insert  into `job_titles`(`job_title_id`,`job_title`) values (1,'Driver/Loader'),(2,'Sous Chef'),(3,'Cook'),(4,'Janitor'),(5,'Operations Supervisor'),(6,'Operations Admin. Assistant'),(7,'Administration Assisistant'),(8,'Head Chef'),(9,'General Manager'),(10,'Billing Clerk'),(11,'Purchasing Officer'),(12,'Store Keeper'),(13,'Pastry Cook'),(14,'Quality Officer');

/*Table structure for table `login_log` */

DROP TABLE IF EXISTS `login_log`;

CREATE TABLE `login_log` (
  `_id` bigint(20) NOT NULL AUTO_INCREMENT,
  `user_id` int(11) DEFAULT NULL,
  `login_date` datetime DEFAULT NULL,
  PRIMARY KEY (`_id`)
) ENGINE=InnoDB AUTO_INCREMENT=21 DEFAULT CHARSET=latin1;

/*Data for the table `login_log` */

insert  into `login_log`(`_id`,`user_id`,`login_date`) values (1,5292,'2018-03-19 12:13:46'),(2,5292,'2018-03-18 07:17:29'),(3,5292,'2018-03-22 03:51:58'),(4,5292,'2018-03-24 01:33:16'),(5,5292,'2018-03-24 03:23:48'),(6,5292,'2018-03-24 03:24:16'),(7,5292,'2018-03-24 03:25:08'),(8,5292,'2018-03-24 03:26:33'),(9,5292,'2018-03-24 03:32:43'),(10,5292,'2018-03-24 03:33:50'),(11,5292,'2018-03-24 03:34:23'),(12,5292,'2018-03-24 03:42:25'),(13,5292,'2018-03-24 03:44:26'),(14,5292,'2018-03-24 03:51:55'),(15,5292,'2018-03-26 02:54:20'),(16,5292,'2018-03-28 05:15:29'),(17,5292,'2018-03-28 02:08:24'),(18,5292,'2018-04-07 11:19:03'),(19,5292,'2018-04-07 02:54:14'),(20,5292,'2018-04-10 12:37:03');

/*Table structure for table `measurement_units` */

DROP TABLE IF EXISTS `measurement_units`;

CREATE TABLE `measurement_units` (
  `unit_id` int(11) NOT NULL AUTO_INCREMENT,
  `unit_name` varchar(100) NOT NULL,
  `unit_abbreviation` varchar(10) DEFAULT NULL,
  PRIMARY KEY (`unit_id`)
) ENGINE=MyISAM AUTO_INCREMENT=24 DEFAULT CHARSET=latin1;

/*Data for the table `measurement_units` */

insert  into `measurement_units`(`unit_id`,`unit_name`,`unit_abbreviation`) values (1,'Kilogram ','Kg'),(2,'Gram','g'),(3,'Milligram','mg'),(4,'Quintal','qt'),(5,'Tonne','t'),(6,'Liter','l'),(7,'Milliliter','ml'),(8,'Barrel','bbl'),(9,'Gallon','gl'),(10,'Teaspoon','ts'),(11,'Box','bx'),(12,'Bag','bg'),(13,'Case','cs'),(14,'Pound','lb'),(15,'Jar','jr'),(16,'Grain','gn'),(17,'Dozen','dz'),(18,'Carton','ct'),(19,'Can','cn'),(20,'Bottle','bt'),(21,'Pack','pk'),(22,'Package','pa'),(23,'Unit','ut');

/*Table structure for table `minimum_product_stock_levels` */

DROP TABLE IF EXISTS `minimum_product_stock_levels`;

CREATE TABLE `minimum_product_stock_levels` (
  `product_id` int(11) NOT NULL,
  `minimum_stock_level` double NOT NULL,
  `unit_id` int(11) NOT NULL,
  PRIMARY KEY (`product_id`)
) ENGINE=MyISAM DEFAULT CHARSET=latin1;

/*Data for the table `minimum_product_stock_levels` */

/*Table structure for table `permission_groups` */

DROP TABLE IF EXISTS `permission_groups`;

CREATE TABLE `permission_groups` (
  `group_id` int(11) NOT NULL AUTO_INCREMENT,
  `group_name` varchar(300) NOT NULL,
  PRIMARY KEY (`group_id`)
) ENGINE=MyISAM AUTO_INCREMENT=3 DEFAULT CHARSET=latin1;

/*Data for the table `permission_groups` */

insert  into `permission_groups`(`group_id`,`group_name`) values (1,'SuperAdministrator'),(2,'Administrator');

/*Table structure for table `permissions` */

DROP TABLE IF EXISTS `permissions`;

CREATE TABLE `permissions` (
  `permission_id` int(11) NOT NULL AUTO_INCREMENT,
  `permission` varchar(500) DEFAULT NULL,
  `description` text,
  PRIMARY KEY (`permission_id`)
) ENGINE=InnoDB AUTO_INCREMENT=27 DEFAULT CHARSET=latin1;

/*Data for the table `permissions` */

insert  into `permissions`(`permission_id`,`permission`,`description`) values (1,'view_products',NULL),(2,'add_product',NULL),(3,'edit_product',NULL),(4,'delete_product',NULL),(5,'view_forms',NULL),(6,'create_requisition',NULL),(7,'edit_requisition',NULL),(8,'view_requisitions',NULL),(9,'view_users',NULL),(10,'add_user',NULL),(11,'edit_user',NULL),(12,'delete_user',NULL),(13,'view_departments',NULL),(14,'add_department',NULL),(15,'edit_department',NULL),(16,'delete_department',NULL),(17,'view_job_titles',NULL),(18,'add_job_title',NULL),(19,'edit_job_title',NULL),(20,'delete_job_title',NULL),(21,'view_login_log',NULL),(22,'view_suppliers',NULL),(23,'add_supplier',NULL),(24,'edit_supplier',NULL),(25,'delete_supplier',NULL),(26,'approve_requisition_form',NULL);

/*Table structure for table `product_location_categories` */

DROP TABLE IF EXISTS `product_location_categories`;

CREATE TABLE `product_location_categories` (
  `category_id` int(11) NOT NULL AUTO_INCREMENT,
  `category_name` varchar(200) NOT NULL,
  PRIMARY KEY (`category_id`)
) ENGINE=MyISAM AUTO_INCREMENT=9 DEFAULT CHARSET=latin1;

/*Data for the table `product_location_categories` */

insert  into `product_location_categories`(`category_id`,`category_name`) values (1,'Dairy Cooler'),(2,'Dry Stores'),(3,'Freezer'),(4,'Meat Freezer'),(5,'Vegetable Cooler'),(6,'Paper & Packaging'),(7,'Sanitation'),(8,'');

/*Table structure for table `product_product_categories` */

DROP TABLE IF EXISTS `product_product_categories`;

CREATE TABLE `product_product_categories` (
  `product_id` int(11) NOT NULL,
  `category_id` int(11) NOT NULL,
  PRIMARY KEY (`product_id`,`category_id`)
) ENGINE=MyISAM DEFAULT CHARSET=latin1;

/*Data for the table `product_product_categories` */

/*Table structure for table `product_stock_levels` */

DROP TABLE IF EXISTS `product_stock_levels`;

CREATE TABLE `product_stock_levels` (
  `product_id` int(11) NOT NULL,
  `current_stock_level` double NOT NULL,
  PRIMARY KEY (`product_id`)
) ENGINE=MyISAM DEFAULT CHARSET=latin1;

/*Data for the table `product_stock_levels` */

/*Table structure for table `products` */

DROP TABLE IF EXISTS `products`;

CREATE TABLE `products` (
  `product_id` bigint(20) NOT NULL AUTO_INCREMENT,
  `product_name` varchar(200) NOT NULL,
  `description` text NOT NULL,
  `barcode` text,
  `product_category_id` int(11) NOT NULL,
  `price` double DEFAULT NULL,
  PRIMARY KEY (`product_id`)
) ENGINE=InnoDB AUTO_INCREMENT=939 DEFAULT CHARSET=latin1;

/*Data for the table `products` */

insert  into `products`(`product_id`,`product_name`,`description`,`barcode`,`product_category_id`,`price`) values (1,'BUTTER FOIL ','BUTTER FOIL ',NULL,1,0.38),(2,'BUTTER PC','BUTTER PC',NULL,1,0.04),(3,'BUTTER PC (Smart Balance)','BUTTER PC (Smart Balance)',NULL,1,0.04),(4,'CHEDDAR SHARP PC','CHEDDAR SHARP PC',NULL,1,0.44),(5,'CHEESE AMERICAN SLICED','CHEESE AMERICAN SLICED',NULL,1,1.66),(6,'CHEESE BELGIOIOSO PARMESAN','CHEESE BELGIOIOSO PARMESAN',NULL,1,6.43),(7,'CHEESE BLUE','CHEESE BLUE',NULL,1,2.48),(8,'CHEESE BRIE','CHEESE BRIE',NULL,1,2.34),(9,'CHEESE CHEDDAR MILD','CHEESE CHEDDAR MILD',NULL,1,2.24),(10,'CHEESE CHEDDAR MILD MINI PC','CHEESE CHEDDAR MILD MINI PC',NULL,1,0.19),(11,'CHEESE CHEDDAR SHARP','CHEESE CHEDDAR SHARP',NULL,1,2.22),(12,'CHEESE CHEDDAR SHREDDED','CHEESE CHEDDAR SHREDDED',NULL,1,0.81),(13,'CHEESE CHEDDER SLICE','CHEESE CHEDDER SLICE',NULL,1,3.54),(14,'CHEESE CREAM','CHEESE CREAM',NULL,1,1.74),(15,'CHEESE DANISH (NETJET)','CHEESE DANISH (NETJET)',NULL,1,0.35),(16,'CHEESE FETA','CHEESE FETA',NULL,1,2.39),(17,'CHEESE GOAT','CHEESE GOAT',NULL,1,7.5),(18,'CHEESE GOUDA LITE','CHEESE GOUDA LITE',NULL,1,7.97),(19,'CHEESE HAVARTI','CHEESE HAVARTI',NULL,1,11.98),(20,'CHEESE MOZZARELLA','CHEESE MOZZARELLA',NULL,1,2.1),(21,'CHEESE MOZZARELLA SHREDDED','CHEESE MOZZARELLA SHREDDED',NULL,1,2.1),(22,'CHEESE PARMESAN SHREDDED','CHEESE PARMESAN SHREDDED',NULL,1,3.81),(23,'CHEESE PEPPER JACK','CHEESE PEPPER JACK',NULL,1,4.24),(24,'CHEESE RICOTTA ','CHEESE RICOTTA ',NULL,1,8.33),(25,'CHEESE SWISS SLICED .75OZ','CHEESE SWISS SLICED .75OZ',NULL,1,2.95),(26,'CHEESE WHEEL BLUE ( ROSE & CROWN)','CHEESE WHEEL BLUE ( ROSE & CROWN)',NULL,1,2.48),(27,'CREAM HEAVY','CREAM HEAVY',NULL,1,4.13),(28,'CREAM SOUR','CREAM SOUR',NULL,1,0.18),(29,'DRESSING BAL. VINEGARETTE PC','DRESSING BAL. VINEGARETTE PC',NULL,1,0.12),(30,'DRESSING CAESAR','DRESSING CAESAR',NULL,1,0),(31,'DRESSING CAESAR CREAMY PC','DRESSING CAESAR CREAMY PC',NULL,1,0.22),(32,'DRESSING CAESAR GAL','DRESSING CAESAR GAL',NULL,1,0),(33,'DRESSING GLUTEN FREE PC','DRESSING GLUTEN FREE PC',NULL,1,0.02),(34,'DRESSING HONEY MUSTARD DIJON GAL.','DRESSING HONEY MUSTARD DIJON GAL.',NULL,1,9.22),(35,'DRESSING ITALIAN ','DRESSING ITALIAN ',NULL,1,1.69),(36,'DRESSING POMEGRANATE PC','DRESSING POMEGRANATE PC',NULL,1,0.18),(37,'DRESSING RANCH GAL','DRESSING RANCH GAL',NULL,1,4.39),(38,'DRESSING VINEGAR BALSAMIC GAL','DRESSING VINEGAR BALSAMIC GAL',NULL,1,8.78),(39,'EGG','EGG',NULL,1,0.09),(40,'EGG LIQUID','EGG LIQUID',NULL,1,2.83),(41,'FLAN CARAMEL 16 OZ','FLAN CARAMEL 16 OZ',NULL,1,0),(42,'GUACAMOLE','GUACAMOLE',NULL,1,5.99),(43,'HUMUS','HUMUS',NULL,1,5.99),(44,'JELLY GRAPE','JELLY GRAPE',NULL,1,0.09),(45,'JUICE ORANGE 10OZ TROPICANA','JUICE ORANGE 10OZ TROPICANA',NULL,1,0.7),(46,'JUICE ORANGE PT 16OZ','JUICE ORANGE PT 16OZ',NULL,1,3.79),(47,'LAUGHING COW CHEESE','LAUGHING COW CHEESE',NULL,1,0.44),(48,'MARGARINE SOLID ALL VEG','MARGARINE SOLID ALL VEG',NULL,1,0.76),(49,'MARGARINE ZERO','MARGARINE ZERO',NULL,1,2.44),(50,'MILK 1 PINT 2%','MILK 1 PINT 2%',NULL,1,1.02),(51,'MILK 1/2 PT 2%','MILK 1/2 PT 2%',NULL,1,1.91),(52,'MILK HALF & HALF 1 PT','MILK HALF & HALF 1 PT',NULL,1,0.1),(53,'MILK HALF & HALF NON DAIRY CREAMER','MILK HALF & HALF NON DAIRY CREAMER',NULL,1,0.04),(54,'MILK HALF & HALF PC','MILK HALF & HALF PC',NULL,1,0.04),(55,'MILK HERSHEY','MILK HERSHEY',NULL,1,1.35),(56,'MILK WHOLE 1/2 GL','MILK WHOLE 1/2 GL',NULL,1,2.84),(57,'MILK WHOLE 1PT','MILK WHOLE 1PT',NULL,1,2.04),(58,'MILK WHOLE GAL','MILK WHOLE GAL',NULL,1,5.58),(59,'MOZZARELLA FRESH','MOZZARELLA FRESH',NULL,1,9.79),(60,'OLIVES KALAMATA','OLIVES KALAMATA',NULL,1,6.2),(61,'PLAIN YOGURT','PLAIN YOGURT',NULL,1,0.25),(62,'PUDDING RICE','PUDDING RICE',NULL,1,4.99),(63,'SLICED CHEESE (Provolone)','SLICED CHEESE (Provolone)',NULL,1,5.94),(64,'SUNDRIED TOMATO','SUNDRIED TOMATO',NULL,1,3.38),(65,'YOGURT','YOGURT',NULL,1,0.26),(66,'YOGURT GREEK','YOGURT GREEK',NULL,1,2.68),(67,'ALMOND SLICES','ALMOND SLICES',NULL,2,2.29),(68,'ALMOND WHOLE','ALMOND WHOLE',NULL,2,5.99),(69,'APRICOTS','APRICOTS',NULL,2,2.64),(70,'ARTICHOKE HEARTS #10','ARTICHOKE HEARTS #10',NULL,2,18.61),(71,'BEAN BLACK','BEAN BLACK',NULL,2,1.17),(72,'BEANS GARBANZO','BEANS GARBANZO',NULL,2,1.14),(73,'BEANS RED KIDNEY','BEANS RED KIDNEY',NULL,2,3.75),(74,'BEEF CORNED','BEEF CORNED',NULL,2,2.99),(75,'BEET SLICED','BEET SLICED',NULL,2,1.33),(76,'BREAD CRUMBS','BREAD CRUMBS',NULL,2,3.99),(77,'BREAD DINNER ROLLS','BREAD DINNER ROLLS',NULL,2,0.25),(78,'BREAD DINNER ROLLS (DOZEN)','BREAD DINNER ROLLS (DOZEN)',NULL,2,0.25),(79,'BREAD SCOTTISH BAPS','BREAD SCOTTISH BAPS',NULL,2,0.3),(80,'BREAD WHEAT/WHITE SLICED','BREAD WHEAT/WHITE SLICED',NULL,2,1.8),(81,'BROWNING & SEASONING SAUCE','BROWNING & SEASONING SAUCE',NULL,2,6.23),(82,'BROWNING CARAMEL','BROWNING CARAMEL',NULL,2,1.75),(83,'BURGER BUNS','BURGER BUNS',NULL,2,0.3),(84,'BUTTER PEANUT 40OZ','BUTTER PEANUT 40OZ',NULL,2,2.79),(85,'CALLEBAUT CHOCOLATE (BLACK)','CALLEBAUT CHOCOLATE (BLACK)',NULL,2,2.38),(86,'CAPERS CAPOTOE ','CAPERS CAPOTOE ',NULL,2,2.19),(87,'CEREAL KELLOGG\'S','CEREAL KELLOGG\'S',NULL,2,0.55),(88,'CHERRIES MARASCHINO','CHERRIES MARASCHINO',NULL,2,4.99),(89,'CHOCOLATE CHIP AHOY','CHOCOLATE CHIP AHOY',NULL,2,0),(90,'CHUTNEY MANGO','CHUTNEY MANGO',NULL,2,2.86),(91,'COCOA POWDER (BAKING)','COCOA POWDER (BAKING)',NULL,2,2.54),(92,'COCONUT FLAKES','COCONUT FLAKES',NULL,2,2.3),(93,'COFFEE MAXWELL HOUSE','COFFEE MAXWELL HOUSE',NULL,2,0.09),(94,'COOKIE OREO','COOKIE OREO',NULL,2,0.22),(95,'CORN BABY','CORN BABY',NULL,2,2.09),(96,'CORN STARCH','CORN STARCH',NULL,2,0.64),(97,'CORN SWEET','CORN SWEET',NULL,2,0.76),(98,'CORNMEAL','CORNMEAL',NULL,2,0.04),(99,'COUS COUS 10OZ','COUS COUS 10OZ',NULL,2,5.39),(100,'CRACKERS CARRS ASSORTED','CRACKERS CARRS ASSORTED',NULL,2,3.49),(101,'CRACKERS CARRS BITESIZE','CRACKERS CARRS BITESIZE',NULL,2,0.17),(102,'CRACKERS RICE','CRACKERS RICE',NULL,2,2.75),(103,'CRACKERS WHEAT','CRACKERS WHEAT',NULL,2,0.06),(104,'CRAISINS ','CRAISINS ',NULL,2,0.21),(105,'CROUTONS PLAIN','CROUTONS PLAIN',NULL,2,0.05),(106,'CUMIN SEASONING 16OZ','CUMIN SEASONING 16OZ',NULL,2,1.63),(107,'DARK COAT CHOCOLATE','DARK COAT CHOCOLATE',NULL,2,4.79),(108,'DILL VLASIC KOSHER 16 OZ','DILL VLASIC KOSHER 16 OZ',NULL,2,3.65),(109,'DRESSING ASIAN SESAME','DRESSING ASIAN SESAME',NULL,2,2.39),(110,'DRESSING BLUE CHEESE 16OZ','DRESSING BLUE CHEESE 16OZ',NULL,2,4.49),(111,'DRESSING BLUE CHEESE GAL','DRESSING BLUE CHEESE GAL',NULL,2,8.23),(112,'DRESSING CAESAR 16OZ','DRESSING CAESAR 16OZ',NULL,2,4.09),(113,'DRESSING CAESAR ROYAL PC','DRESSING CAESAR ROYAL PC',NULL,2,0.07),(114,'DRESSING GREEK 16OZ','DRESSING GREEK 16OZ',NULL,2,4.09),(115,'DRESSING ITALIAN','DRESSING ITALIAN',NULL,2,0.07),(116,'DRESSING ITALIAN 16OZ','DRESSING ITALIAN 16OZ',NULL,2,1.69),(117,'DRESSING ITALIAN PC','DRESSING ITALIAN PC',NULL,2,0.06),(118,'DRESSING RANCH 16OZ','DRESSING RANCH 16OZ',NULL,2,4.39),(119,'FIGS DRIED','FIGS DRIED',NULL,2,5.97),(120,'FILLING APPLE','FILLING APPLE',NULL,2,5.49),(121,'FILLING CHERRY','FILLING CHERRY',NULL,2,9.42),(122,'FILLING STRAWBERRY','FILLING STRAWBERRY',NULL,2,10.07),(123,'FISH TUNA ','FISH TUNA ',NULL,2,4.49),(124,'FISH TUNA 12OZ','FISH TUNA 12OZ',NULL,2,1.69),(125,'FLOUR ALL PURPOSE','FLOUR ALL PURPOSE',NULL,2,3.7),(126,'GRAVY BROWN .87','GRAVY BROWN .87',NULL,2,0.79),(127,'GRAVY CHICKEN .87OZ','GRAVY CHICKEN .87OZ',NULL,2,0.79),(128,'GRAVY MIX BISTO','GRAVY MIX BISTO',NULL,2,1.49),(129,'HONEY PURE','HONEY PURE',NULL,2,12.2),(130,'HORSERADISH','HORSERADISH',NULL,2,2.69),(131,'JAM GRAPE','JAM GRAPE',NULL,2,2.79),(132,'JAM STRAWBERRY PC','JAM STRAWBERRY PC',NULL,2,0.07),(133,'JUICE APPLE 1QT','JUICE APPLE 1QT',NULL,2,2.99),(134,'JUICE CRANBERRY 1QT','JUICE CRANBERRY 1QT',NULL,2,10.49),(135,'JUICE LEMON','JUICE LEMON',NULL,2,3.39),(136,'JUICE ORANGE MINUTE MAID 11.5 oz','JUICE ORANGE MINUTE MAID 11.5 oz',NULL,2,0.59),(137,'JUICE TOMATO 12OZ','JUICE TOMATO 12OZ',NULL,2,0),(138,'KALAMATA PITTED OLIVES','KALAMATA PITTED OLIVES',NULL,2,6.68),(139,'MACKEREL TIN 15OZ','MACKEREL TIN 15OZ',NULL,2,2.99),(140,'MAYONAISE JAR','MAYONAISE JAR',NULL,2,0.43),(141,'MAYONNAISE ','MAYONNAISE ',NULL,2,4.95),(142,'MAYONNAISE GAL','MAYONNAISE GAL',NULL,2,7.25),(143,'MAYONNAISE PC','MAYONNAISE PC',NULL,2,0.05),(144,'MILK 32OZ (SHELF) ASEPTIC 2%','MILK 32OZ (SHELF) ASEPTIC 2%',NULL,2,2.31),(145,'MILK 8OZ (SHELF) ASEPTIC 2%','MILK 8OZ (SHELF) ASEPTIC 2%',NULL,2,0.5),(146,'MILK COCONUT','MILK COCONUT',NULL,2,1.55),(147,'MILK EVAPORATED','MILK EVAPORATED',NULL,2,0.86),(148,'MILO','MILO',NULL,2,5.59),(149,'MORSEL WHITE','MORSEL WHITE',NULL,2,3.99),(150,'MUSHROOM STEMS & PIECES','MUSHROOM STEMS & PIECES',NULL,2,5.22),(151,'MUSTARD 9OZ','MUSTARD 9OZ',NULL,2,1.29),(152,'MUSTARD JAR','MUSTARD JAR',NULL,2,0.35),(153,'MUSTARD PC','MUSTARD PC',NULL,2,0.05),(154,'OATS ','OATS ',NULL,2,4.99),(155,'OIL DEEP FRY SHORTENING','OIL DEEP FRY SHORTENING',NULL,2,18.33),(156,'OIL OLIVE','OIL OLIVE',NULL,2,9.03),(157,'OIL SOYBEAN SALAD VEGETABLE','OIL SOYBEAN SALAD VEGETABLE',NULL,2,10.15),(158,'OIL VEGETABLE','OIL VEGETABLE',NULL,2,6.16),(159,'OLIVE RIPE SLICED','OLIVE RIPE SLICED',NULL,2,6.5),(160,'OLIVE RIPE WHOLE','OLIVE RIPE WHOLE',NULL,2,5.55),(161,'OLIVES MANZANILLA','OLIVES MANZANILLA',NULL,2,5.55),(162,'ORANGES MANDARINE','ORANGES MANDARINE',NULL,2,2.73),(163,'OREO PIECES','OREO PIECES',NULL,2,2.59),(164,'PAM','PAM',NULL,2,4.99),(165,'PAN AU CHOCOLATE','PAN AU CHOCOLATE',NULL,2,0.4),(166,'PASTA BOWTIE','PASTA BOWTIE',NULL,2,1.29),(167,'PASTA GNOCCHI','PASTA GNOCCHI',NULL,2,1.65),(168,'PASTA ORZO ROSA MARINA','PASTA ORZO ROSA MARINA',NULL,2,1.08),(169,'PASTA PENNE','PASTA PENNE',NULL,2,0.66),(170,'PASTA RIGATONI','PASTA RIGATONI',NULL,2,0.63),(171,'PASTA ROTINI','PASTA ROTINI',NULL,2,1.19),(172,'PASTA SPAGEHETTINI','PASTA SPAGEHETTINI',NULL,2,0.61),(173,'PASTE GREEN CURRY','PASTE GREEN CURRY',NULL,2,2.86),(174,'PASTE GUAVA','PASTE GUAVA',NULL,2,2.08),(175,'PEAR HALVES','PEAR HALVES',NULL,2,1.99),(176,'PECAN PIECES','PECAN PIECES',NULL,2,4.99),(177,'PESTO IN OLIVE','PESTO IN OLIVE',NULL,2,11.38),(178,'PIMENTO CAN','PIMENTO CAN',NULL,2,2.78),(179,'PINEAPPLE DICED/CHUNK','PINEAPPLE DICED/CHUNK',NULL,2,5.15),(180,'PINEAPPLE SLICES 20OZ','PINEAPPLE SLICES 20OZ',NULL,2,2.09),(181,'PINENUTS','PINENUTS',NULL,2,4.74),(182,'POTATO CHIPS','POTATO CHIPS',NULL,2,0.23),(183,'POTATO CHIPS BBQ','POTATO CHIPS BBQ',NULL,2,0.25),(184,'POTATO CHIPS ONION','POTATO CHIPS ONION',NULL,2,0.25),(185,'POTATO CHIPS VINEGAR & SALT','POTATO CHIPS VINEGAR & SALT',NULL,2,0.24),(186,'POTATO INSTANT MASHED','POTATO INSTANT MASHED',NULL,2,7.56),(187,'POWDER BAKING','POWDER BAKING',NULL,2,1.61),(188,'POWDER BASIL LEAVES','POWDER BASIL LEAVES',NULL,2,5.67),(189,'POWDER BAY LEAVES','POWDER BAY LEAVES',NULL,2,6),(190,'POWDER CARIBBEAN JERK SEASONING','POWDER CARIBBEAN JERK SEASONING',NULL,2,8.18),(191,'POWDER CHILLI','POWDER CHILLI',NULL,2,6.75),(192,'POWDER CINNAMON GROUND','POWDER CINNAMON GROUND',NULL,2,7.66),(193,'POWDER CURRY','POWDER CURRY',NULL,2,9.39),(194,'POWDER CURRY RED','POWDER CURRY RED',NULL,2,9.39),(195,'POWDER GARLIC','POWDER GARLIC',NULL,2,4.1),(196,'POWDER GELATIN MIX','POWDER GELATIN MIX',NULL,2,4.25),(197,'POWDER GINGER','POWDER GINGER',NULL,2,8.81),(198,'POWDER ITALIAN SEASONING','POWDER ITALIAN SEASONING',NULL,2,5.77),(199,'POWDER NUTMEG','POWDER NUTMEG',NULL,2,11.01),(200,'POWDER PAPRIKA 16 OZ','POWDER PAPRIKA 16 OZ',NULL,2,6.71),(201,'POWDER PEPPER WHITE GROUND','POWDER PEPPER WHITE GROUND',NULL,2,16.29),(202,'POWDER RED PEPPER ROASTED #10','POWDER RED PEPPER ROASTED #10',NULL,2,6.21),(203,'POWDER SEAFOOD SEASONING','POWDER SEAFOOD SEASONING',NULL,2,8.2),(204,'POWDER TUMERIC GROUND','POWDER TUMERIC GROUND',NULL,2,7.79),(205,'QUINOA','QUINOA',NULL,2,9.99),(206,'RAISIN ','RAISIN ',NULL,2,1.68),(207,'RAISIN PC','RAISIN PC',NULL,2,0.03),(208,'RICE BARS','RICE BARS',NULL,2,0.67),(209,'RICE BASMATI','RICE BASMATI',NULL,2,1.41),(210,'RICE JASMINE','RICE JASMINE',NULL,2,0.7),(211,'RICE LONG GRAIN','RICE LONG GRAIN',NULL,2,0.3),(212,'RICE NOODLES 1LB','RICE NOODLES 1LB',NULL,2,4.67),(213,'SALSA TOSTITOS','SALSA TOSTITOS',NULL,2,1.78),(214,'SALT IODIZED','SALT IODIZED',NULL,2,0.62),(215,'SAUCE BBQ GAL','SAUCE BBQ GAL',NULL,2,3.93),(216,'SAUCE COCKTAIL 8OZ','SAUCE COCKTAIL 8OZ',NULL,2,3.49),(217,'SAUCE CRANBERRY','SAUCE CRANBERRY',NULL,2,2.99),(218,'SAUCE HONEY MUSTARD GAL.','SAUCE HONEY MUSTARD GAL.',NULL,2,1.23),(219,'SAUCE LEMON BUTTER','SAUCE LEMON BUTTER',NULL,2,2.59),(220,'SAUCE SOY GAL','SAUCE SOY GAL',NULL,2,8.16),(221,'SAUCE SWEET CHILLI','SAUCE SWEET CHILLI',NULL,2,0.39),(222,'SAUCE TOBASCO PC','SAUCE TOBASCO PC',NULL,2,0.37),(223,'SAUSAGE VIENNA','SAUSAGE VIENNA',NULL,2,0.74),(224,'SNACK GRANOLA CRANBERRY','SNACK GRANOLA CRANBERRY',NULL,2,0.63),(225,'SNACK GRANOLA OATS & HONEY','SNACK GRANOLA OATS & HONEY',NULL,2,0.28),(226,'SODA','SODA',NULL,2,0.58),(227,'SUGAR BROWN','SUGAR BROWN',NULL,2,1.07),(228,'SUGAR FONDANT','SUGAR FONDANT',NULL,2,1.08),(229,'SUGAR GRANULATED','SUGAR GRANULATED',NULL,2,0.7),(230,'SWEET GHERKINS','SWEET GHERKINS',NULL,2,10.04),(231,'SYRUP BREAKFAST PC','SYRUP BREAKFAST PC',NULL,2,0.11),(232,'SYRUP CARAMEL HERSHEY 22OZ','SYRUP CARAMEL HERSHEY 22OZ',NULL,2,2.3),(233,'SYRUP CHOCOLATE HERSHEYS','SYRUP CHOCOLATE HERSHEYS',NULL,2,2.3),(234,'SYRUP STRAWBERRY','SYRUP STRAWBERRY',NULL,2,1.99),(235,'TANDORI PASTE','TANDORI PASTE',NULL,2,5.59),(236,'TEA ASSORTED','TEA ASSORTED',NULL,2,3.27),(237,'TEA GINGER','TEA GINGER',NULL,2,3.48),(238,'TEA MINT','TEA MINT',NULL,2,2.96),(239,'TOMATO DICED CAN','TOMATO DICED CAN',NULL,2,3.75),(240,'TOMATO KETCHUP','TOMATO KETCHUP',NULL,2,3.79),(241,'TOMATO KETCHUP PC','TOMATO KETCHUP PC',NULL,2,0.03),(242,'TOMATO PASTE','TOMATO PASTE',NULL,2,3.84),(243,'TOMATO SAUCE CAN','TOMATO SAUCE CAN',NULL,2,3.63),(244,'TOMATO SUNDRIED 32 OZ','TOMATO SUNDRIED 32 OZ',NULL,2,5.99),(245,'TUNA 665OZ','TUNA 665OZ',NULL,2,1.35),(246,'VANILLA EXTRACT','VANILLA EXTRACT',NULL,2,3.26),(247,'VINEGAR WHITE','VINEGAR WHITE',NULL,2,1.52),(248,'WALNUT HALVES & PIECES','WALNUT HALVES & PIECES',NULL,2,6.53),(249,'WATER 1.5OZ','WATER 1.5OZ',NULL,2,0.55),(250,'WATER 1LT','WATER 1LT',NULL,2,0.37),(251,'WATER 330 ML','WATER 330 ML',NULL,2,0.8),(252,'WATER 500 ML','WATER 500 ML',NULL,2,0.9),(253,'WATER CRYSTAL GEYSER 1.5L','WATER CRYSTAL GEYSER 1.5L',NULL,2,9.93),(254,'WATER CRYSTAL GEYSER 1L','WATER CRYSTAL GEYSER 1L',NULL,2,9.28),(255,'WATER FIJI','WATER FIJI',NULL,2,1.35),(256,'WATER PERRIER 23 OZ','WATER PERRIER 23 OZ',NULL,2,4.69),(257,'WATER PERRIER LIME 11.5 OZ','WATER PERRIER LIME 11.5 OZ',NULL,2,1.19),(258,'WINE COOKING','WINE COOKING',NULL,2,3.43),(259,'APPLE CRUMBLE ','APPLE CRUMBLE ',NULL,3,1.82),(260,'ASSORTED DANISH','ASSORTED DANISH',NULL,3,0.35),(261,'BAGELS ASSORTED','BAGELS ASSORTED',NULL,3,0.5),(262,'BANANA FROZEN','BANANA FROZEN',NULL,3,2.38),(263,'BEAN GREEN CUT','BEAN GREEN CUT',NULL,3,0.8),(264,'BEANS  WHOLE GREEN','BEANS  WHOLE GREEN',NULL,3,1.54),(265,'BERRIES FROZEN BLACK','BERRIES FROZEN BLACK',NULL,3,1.49),(266,'BERRIES FROZEN BLUE','BERRIES FROZEN BLUE',NULL,3,1.47),(267,'BERRIES FROZEN MIXED','BERRIES FROZEN MIXED',NULL,3,1.49),(268,'BERRIES FROZEN STRAWBERRY','BERRIES FROZEN STRAWBERRY',NULL,3,1.78),(269,'BREAD ASSORTED ARTISAN','BREAD ASSORTED ARTISAN',NULL,3,0.38),(270,'BREAD BRIOCHE BUN','BREAD BRIOCHE BUN',NULL,3,3.88),(271,'BREAD CIABATTA EURO OVAL','BREAD CIABATTA EURO OVAL',NULL,3,0.52),(272,'BREAD CIABATTA ROLL','BREAD CIABATTA ROLL',NULL,3,0.41),(273,'BREAD CIABATTA ROLL MINI SANDWICH','BREAD CIABATTA ROLL MINI SANDWICH',NULL,3,0.41),(274,'BREAD GLUTEN FREE (HOTDOG)','BREAD GLUTEN FREE (HOTDOG)',NULL,3,0.4),(275,'BREAD HAMBURGER BUN SEEDED','BREAD HAMBURGER BUN SEEDED',NULL,3,0.4),(276,'BREAD HOAGIE ROLLS','BREAD HOAGIE ROLLS',NULL,3,0.56),(277,'BREAD PARISAN','BREAD PARISAN',NULL,3,2.99),(278,'BREAD PITA','BREAD PITA',NULL,3,0.67),(279,'BROCCOLI CUT','BROCCOLI CUT',NULL,3,1.64),(280,'BROCCOLI FLORETS','BROCCOLI FLORETS',NULL,3,0.89),(281,'BROWNIE SARA LEE','BROWNIE SARA LEE',NULL,3,0.6),(282,'CARROT DICED','CARROT DICED',NULL,3,0.74),(283,'CARROT SLICED','CARROT SLICED',NULL,3,0.61),(284,'CHEESE CAKE CARAMEL','CHEESE CAKE CARAMEL',NULL,3,1.82),(285,'CHEESE CAKE CHERRY CRUMBLE','CHEESE CAKE CHERRY CRUMBLE',NULL,3,1.68),(286,'CHEESE CAKE CHOCOLATE','CHEESE CAKE CHOCOLATE',NULL,3,1.82),(287,'CHEESE CAKE COOKIE OREO ','CHEESE CAKE COOKIE OREO ',NULL,3,0.51),(288,'CHEESE CAKE GUAVA','CHEESE CAKE GUAVA',NULL,3,1.82),(289,'CHEESE CAKE LEMON KEYLIME','CHEESE CAKE LEMON KEYLIME',NULL,3,3.37),(290,'CHEESE CAKE RASPBERRY','CHEESE CAKE RASPBERRY',NULL,3,1.71),(291,'CHEESE RAVIOLI','CHEESE RAVIOLI',NULL,3,3.03),(292,'CHICKEN THAI SPRINGROLL','CHICKEN THAI SPRINGROLL',NULL,3,0.65),(293,'CHOCOLATE CHIP TRIPLE','CHOCOLATE CHIP TRIPLE',NULL,3,0.31),(294,'COOKIE CHUNK MAC NUTS','COOKIE CHUNK MAC NUTS',NULL,3,0.38),(295,'COOKIES CHOC. CHUNK /DELTA','COOKIES CHOC. CHUNK /DELTA',NULL,3,0.18),(296,'COOKIES MACADAMIA','COOKIES MACADAMIA',NULL,3,0.22),(297,'CROISSANT BAKED 1.7OZ','CROISSANT BAKED 1.7OZ',NULL,3,0.24),(298,'CROISSANT DOUGH','CROISSANT DOUGH',NULL,3,0.56),(299,'DOUGH COOKIE','DOUGH COOKIE',NULL,3,0.3),(300,'JUICE ORANGE PC','JUICE ORANGE PC',NULL,3,0.16),(301,'MANGO CHUNKS','MANGO CHUNKS',NULL,3,2),(302,'MUFFIN BANANA NUT','MUFFIN BANANA NUT',NULL,3,0.81),(303,'MUFFIN BLUEBERRY','MUFFIN BLUEBERRY',NULL,3,0.4),(304,'ORANGE JUICE 32oz CONCENTRATE','ORANGE JUICE 32oz CONCENTRATE',NULL,3,2.92),(305,'PANCAKE ','PANCAKE ',NULL,3,0.24),(306,'PANCAKE MINI','PANCAKE MINI',NULL,3,3.99),(307,'PASTA RAVIOLI SPINACH','PASTA RAVIOLI SPINACH',NULL,3,5.15),(308,'PEAS GREEN','PEAS GREEN',NULL,3,1.24),(309,'PEPPER HOT','PEPPER HOT',NULL,3,2.99),(310,'PLANTAIN FROZEN','PLANTAIN FROZEN',NULL,3,1.85),(311,'PUREE GUAVA','PUREE GUAVA',NULL,3,1.93),(312,'PUREE MANGO','PUREE MANGO',NULL,3,0.21),(313,'PUREE PASSION','PUREE PASSION',NULL,3,0.51),(314,'PUREE RASPBERRY','PUREE RASPBERRY',NULL,3,0.26),(315,'PUREE STRAWBERRY','PUREE STRAWBERRY',NULL,3,1.64),(316,'RASPBERRY FROZEN','RASPBERRY FROZEN',NULL,3,1.91),(317,'RAVIOLI MUSHROOM','RAVIOLI MUSHROOM',NULL,3,5.43),(318,'ROLL GLUTEN FREE','ROLL GLUTEN FREE',NULL,3,0.4),(319,'ROLL SOFT SANDWICH','ROLL SOFT SANDWICH',NULL,3,0.4),(320,'SAUCE PESTO','SAUCE PESTO',NULL,3,3.98),(321,'TIRAMISU','TIRAMISU',NULL,3,1.82),(322,'TOPPING RICHS WHIPPED','TOPPING RICHS WHIPPED',NULL,3,1.98),(323,'TORTILLA FLOUR WRAP 12','TORTILLA FLOUR WRAP 12',NULL,3,0.26),(324,'TORTILLA TOMATO BASIL','TORTILLA TOMATO BASIL',NULL,3,0.24),(325,'TORTILLA WHEAT WRAP','TORTILLA WHEAT WRAP',NULL,3,0.29),(326,'TORTILLA WRAP SPINNACH','TORTILLA WRAP SPINNACH',NULL,3,0.31),(327,'VEGETABLE MIX','VEGETABLE MIX',NULL,3,3.96),(328,'VEGETABLE SPRINGROLL','VEGETABLE SPRINGROLL',NULL,3,0.47),(329,'VEGETABLE SPRINGROLL','VEGETABLE SPRINGROLL',NULL,3,0.47),(330,'JUICE TOMATO 12OZ','JUICE TOMATO 12OZ',NULL,2,0),(331,'KALAMATA PITTED OLIVES','KALAMATA PITTED OLIVES',NULL,2,6.68),(332,'MACKEREL TIN 15OZ','MACKEREL TIN 15OZ',NULL,2,2.99),(333,'MAYONAISE JAR','MAYONAISE JAR',NULL,2,0.43),(334,'MAYONNAISE ','MAYONNAISE ',NULL,2,4.95),(335,'MAYONNAISE GAL','MAYONNAISE GAL',NULL,2,7.25),(336,'MAYONNAISE PC','MAYONNAISE PC',NULL,2,0.05),(337,'MILK 32OZ (SHELF) ASEPTIC 2%','MILK 32OZ (SHELF) ASEPTIC 2%',NULL,2,2.31),(338,'MILK 8OZ (SHELF) ASEPTIC 2%','MILK 8OZ (SHELF) ASEPTIC 2%',NULL,2,0.5),(339,'MILK COCONUT','MILK COCONUT',NULL,2,1.55),(340,'MILK EVAPORATED','MILK EVAPORATED',NULL,2,0.86),(341,'MILO','MILO',NULL,2,5.59),(342,'MORSEL WHITE','MORSEL WHITE',NULL,2,3.99),(343,'MUSHROOM STEMS & PIECES','MUSHROOM STEMS & PIECES',NULL,2,5.22),(344,'MUSTARD 9OZ','MUSTARD 9OZ',NULL,2,1.29),(345,'MUSTARD JAR','MUSTARD JAR',NULL,2,0.35),(346,'MUSTARD PC','MUSTARD PC',NULL,2,0.05),(347,'OATS ','OATS ',NULL,2,4.99),(348,'OIL DEEP FRY SHORTENING','OIL DEEP FRY SHORTENING',NULL,2,18.33),(349,'OIL OLIVE','OIL OLIVE',NULL,2,9.03),(350,'OIL SOYBEAN SALAD VEGETABLE','OIL SOYBEAN SALAD VEGETABLE',NULL,2,10.15),(351,'OIL VEGETABLE','OIL VEGETABLE',NULL,2,6.16),(352,'OLIVE RIPE SLICED','OLIVE RIPE SLICED',NULL,2,6.5),(353,'OLIVE RIPE WHOLE','OLIVE RIPE WHOLE',NULL,2,5.55),(354,'OLIVES MANZANILLA','OLIVES MANZANILLA',NULL,2,5.55),(355,'ORANGES MANDARINE','ORANGES MANDARINE',NULL,2,2.73),(356,'OREO PIECES','OREO PIECES',NULL,2,2.59),(357,'PAM','PAM',NULL,2,4.99),(358,'PAN AU CHOCOLATE','PAN AU CHOCOLATE',NULL,2,0.4),(359,'PASTA BOWTIE','PASTA BOWTIE',NULL,2,1.29),(360,'PASTA GNOCCHI','PASTA GNOCCHI',NULL,2,1.65),(361,'PASTA ORZO ROSA MARINA','PASTA ORZO ROSA MARINA',NULL,2,1.08),(362,'PASTA PENNE','PASTA PENNE',NULL,2,0.66),(363,'PASTA RIGATONI','PASTA RIGATONI',NULL,2,0.63),(364,'PASTA ROTINI','PASTA ROTINI',NULL,2,1.19),(365,'PASTA SPAGEHETTINI','PASTA SPAGEHETTINI',NULL,2,0.61),(366,'PASTE GREEN CURRY','PASTE GREEN CURRY',NULL,2,2.86),(367,'PASTE GUAVA','PASTE GUAVA',NULL,2,2.08),(368,'PEAR HALVES','PEAR HALVES',NULL,2,1.99),(369,'PECAN PIECES','PECAN PIECES',NULL,2,4.99),(370,'PESTO IN OLIVE','PESTO IN OLIVE',NULL,2,11.38),(371,'PIMENTO CAN','PIMENTO CAN',NULL,2,2.78),(372,'PINEAPPLE DICED/CHUNK','PINEAPPLE DICED/CHUNK',NULL,2,5.15),(373,'PINEAPPLE SLICES 20OZ','PINEAPPLE SLICES 20OZ',NULL,2,2.09),(374,'PINENUTS','PINENUTS',NULL,2,4.74),(375,'POTATO CHIPS','POTATO CHIPS',NULL,2,0.23),(376,'POTATO CHIPS BBQ','POTATO CHIPS BBQ',NULL,2,0.25),(377,'POTATO CHIPS ONION','POTATO CHIPS ONION',NULL,2,0.25),(378,'POTATO CHIPS VINEGAR & SALT','POTATO CHIPS VINEGAR & SALT',NULL,2,0.24),(379,'POTATO INSTANT MASHED','POTATO INSTANT MASHED',NULL,2,7.56),(380,'POWDER BAKING','POWDER BAKING',NULL,2,1.61),(381,'POWDER BASIL LEAVES','POWDER BASIL LEAVES',NULL,2,5.67),(382,'POWDER BAY LEAVES','POWDER BAY LEAVES',NULL,2,6),(383,'POWDER CARIBBEAN JERK SEASONING','POWDER CARIBBEAN JERK SEASONING',NULL,2,8.18),(384,'POWDER CHILLI','POWDER CHILLI',NULL,2,6.75),(385,'POWDER CINNAMON GROUND','POWDER CINNAMON GROUND',NULL,2,7.66),(386,'POWDER CURRY','POWDER CURRY',NULL,2,9.39),(387,'POWDER CURRY RED','POWDER CURRY RED',NULL,2,9.39),(388,'POWDER GARLIC','POWDER GARLIC',NULL,2,4.1),(389,'POWDER GELATIN MIX','POWDER GELATIN MIX',NULL,2,4.25),(390,'POWDER GINGER','POWDER GINGER',NULL,2,8.81),(391,'POWDER ITALIAN SEASONING','POWDER ITALIAN SEASONING',NULL,2,5.77),(392,'POWDER NUTMEG','POWDER NUTMEG',NULL,2,11.01),(393,'POWDER PAPRIKA 16 OZ','POWDER PAPRIKA 16 OZ',NULL,2,6.71),(394,'POWDER PEPPER WHITE GROUND','POWDER PEPPER WHITE GROUND',NULL,2,16.29),(395,'POWDER RED PEPPER ROASTED #10','POWDER RED PEPPER ROASTED #10',NULL,2,6.21),(396,'POWDER SEAFOOD SEASONING','POWDER SEAFOOD SEASONING',NULL,2,8.2),(397,'POWDER TUMERIC GROUND','POWDER TUMERIC GROUND',NULL,2,7.79),(398,'QUINOA','QUINOA',NULL,2,9.99),(399,'RAISIN ','RAISIN ',NULL,2,1.68),(400,'RAISIN PC','RAISIN PC',NULL,2,0.03),(401,'RICE BARS','RICE BARS',NULL,2,0.67),(402,'RICE BASMATI','RICE BASMATI',NULL,2,1.41),(403,'RICE JASMINE','RICE JASMINE',NULL,2,0.7),(404,'RICE LONG GRAIN','RICE LONG GRAIN',NULL,2,0.3),(405,'RICE NOODLES 1LB','RICE NOODLES 1LB',NULL,2,4.67),(406,'SALSA TOSTITOS','SALSA TOSTITOS',NULL,2,1.78),(407,'SALT IODIZED','SALT IODIZED',NULL,2,0.62),(408,'SAUCE BBQ GAL','SAUCE BBQ GAL',NULL,2,3.93),(409,'SAUCE COCKTAIL 8OZ','SAUCE COCKTAIL 8OZ',NULL,2,3.49),(410,'SAUCE CRANBERRY','SAUCE CRANBERRY',NULL,2,2.99),(411,'SAUCE HONEY MUSTARD GAL.','SAUCE HONEY MUSTARD GAL.',NULL,2,1.23),(412,'SAUCE LEMON BUTTER','SAUCE LEMON BUTTER',NULL,2,2.59),(413,'SAUCE SOY GAL','SAUCE SOY GAL',NULL,2,8.16),(414,'SAUCE SWEET CHILLI','SAUCE SWEET CHILLI',NULL,2,0.39),(415,'SAUCE TOBASCO PC','SAUCE TOBASCO PC',NULL,2,0.37),(416,'SAUSAGE VIENNA','SAUSAGE VIENNA',NULL,2,0.74),(417,'SNACK GRANOLA CRANBERRY','SNACK GRANOLA CRANBERRY',NULL,2,0.63),(418,'SNACK GRANOLA OATS & HONEY','SNACK GRANOLA OATS & HONEY',NULL,2,0.28),(419,'SODA','SODA',NULL,2,0.58),(420,'SUGAR BROWN','SUGAR BROWN',NULL,2,1.07),(421,'SUGAR FONDANT','SUGAR FONDANT',NULL,2,1.08),(422,'SUGAR GRANULATED','SUGAR GRANULATED',NULL,2,0.7),(423,'SWEET GHERKINS','SWEET GHERKINS',NULL,2,10.04),(424,'SYRUP BREAKFAST PC','SYRUP BREAKFAST PC',NULL,2,0.11),(425,'SYRUP CARAMEL HERSHEY 22OZ','SYRUP CARAMEL HERSHEY 22OZ',NULL,2,2.3),(426,'SYRUP CHOCOLATE HERSHEYS','SYRUP CHOCOLATE HERSHEYS',NULL,2,2.3),(427,'SYRUP STRAWBERRY','SYRUP STRAWBERRY',NULL,2,1.99),(428,'TANDORI PASTE','TANDORI PASTE',NULL,2,5.59),(429,'TEA ASSORTED','TEA ASSORTED',NULL,2,3.27),(430,'TEA GINGER','TEA GINGER',NULL,2,3.48),(431,'TEA MINT','TEA MINT',NULL,2,2.96),(432,'TOMATO DICED CAN','TOMATO DICED CAN',NULL,2,3.75),(433,'TOMATO KETCHUP','TOMATO KETCHUP',NULL,2,3.79),(434,'TOMATO KETCHUP PC','TOMATO KETCHUP PC',NULL,2,0.03),(435,'TOMATO PASTE','TOMATO PASTE',NULL,2,3.84),(436,'TOMATO SAUCE CAN','TOMATO SAUCE CAN',NULL,2,3.63),(437,'TOMATO SUNDRIED 32 OZ','TOMATO SUNDRIED 32 OZ',NULL,2,5.99),(438,'TUNA 665OZ','TUNA 665OZ',NULL,2,1.35),(439,'VANILLA EXTRACT','VANILLA EXTRACT',NULL,2,3.26),(440,'VINEGAR WHITE','VINEGAR WHITE',NULL,2,1.52),(441,'WALNUT HALVES & PIECES','WALNUT HALVES & PIECES',NULL,2,6.53),(442,'WATER 1.5OZ','WATER 1.5OZ',NULL,2,0.55),(443,'WATER 1LT','WATER 1LT',NULL,2,0.37),(444,'WATER 330 ML','WATER 330 ML',NULL,2,0.8),(445,'WATER 500 ML','WATER 500 ML',NULL,2,0.9),(446,'WATER CRYSTAL GEYSER 1.5L','WATER CRYSTAL GEYSER 1.5L',NULL,2,9.93),(447,'WATER CRYSTAL GEYSER 1L','WATER CRYSTAL GEYSER 1L',NULL,2,9.28),(448,'WATER FIJI','WATER FIJI',NULL,2,1.35),(449,'WATER PERRIER 23 OZ','WATER PERRIER 23 OZ',NULL,2,4.69),(450,'WATER PERRIER LIME 11.5 OZ','WATER PERRIER LIME 11.5 OZ',NULL,2,1.19),(451,'WINE COOKING','WINE COOKING',NULL,2,3.43),(452,'BACON ENGLISH','BACON ENGLISH',NULL,4,4.31),(453,'BACON SLICED','BACON SLICED',NULL,4,1.59),(454,'BACON TURKEY','BACON TURKEY',NULL,4,3.99),(455,'BEEF BUCKHEAD','BEEF BUCKHEAD',NULL,4,2.88),(456,'BEEF GROUND','BEEF GROUND',NULL,4,4.99),(457,'BEEF PROVENCAL','BEEF PROVENCAL',NULL,4,9.82),(458,'BEEF ROAST SLICED','BEEF ROAST SLICED',NULL,4,5.73),(459,'BEEF SIRLOIN STEAK','BEEF SIRLOIN STEAK',NULL,4,3.18),(460,'BEEF TENDERLOIN','BEEF TENDERLOIN',NULL,4,9.7),(461,'CHICKEN  BREAST 5OZ','CHICKEN  BREAST 5OZ',NULL,4,1.87),(462,'CHICKEN 8 PIECE (STAFF)','CHICKEN 8 PIECE (STAFF)',NULL,4,0.55),(463,'CHICKEN BREAST 4OZ','CHICKEN BREAST 4OZ',NULL,4,1.89),(464,'CHICKEN BREAST 6OZ','CHICKEN BREAST 6OZ',NULL,4,5.7),(465,'CHICKEN BREAST 8OZ','CHICKEN BREAST 8OZ',NULL,4,2.18),(466,'CHICKEN TENDER','CHICKEN TENDER',NULL,4,3.05),(467,'CHICKEN TENDERS','CHICKEN TENDERS',NULL,4,5.3),(468,'CHICKEN THAI SPRINGROLL','CHICKEN THAI SPRINGROLL',NULL,4,0.65),(469,'CHICKEN WINGS (JUMBO)','CHICKEN WINGS (JUMBO)',NULL,4,4.36),(470,'CRAB CLAW','CRAB CLAW',NULL,4,8.09),(471,'CRAB MEAT SNOW','CRAB MEAT SNOW',NULL,4,7.49),(472,'FISH SALTED','FISH SALTED',NULL,4,2.8),(473,'GOAT MEAT','GOAT MEAT',NULL,4,3.5),(474,'HAM PROSCIUTTO','HAM PROSCIUTTO',NULL,4,11.85),(475,'HAM SLICED','HAM SLICED',NULL,4,2.82),(476,'HAM SMOKED','HAM SMOKED',NULL,4,3.36),(477,'LAMB STEW','LAMB STEW',NULL,4,6.34),(478,'LOBSTER TAIL','LOBSTER TAIL',NULL,4,16.22),(479,'MAHI MAHI','MAHI MAHI',NULL,4,7.83),(480,'OXTAIL','OXTAIL',NULL,4,4.5),(481,'PATTY BEEF','PATTY BEEF',NULL,4,0),(482,'PORK SLICED','PORK SLICED',NULL,4,3.36),(483,'PORK TENDERLOIN','PORK TENDERLOIN',NULL,4,1.64),(484,'SALMON','SALMON',NULL,4,6.14),(485,'SALMON GRAVALAX','SALMON GRAVALAX',NULL,4,9.15),(486,'SALMON SMOKED','SALMON SMOKED',NULL,4,6.1),(487,'SAUSAGE PORK','SAUSAGE PORK',NULL,4,0),(488,'SHRIMP 16-20','SHRIMP 16-20',NULL,4,6.27),(489,'SHRIMP 21-25','SHRIMP 21-25',NULL,4,5.47),(490,'SHRIMP 31-40','SHRIMP 31-40',NULL,4,7.32),(491,'SNAPPER FILLET','SNAPPER FILLET',NULL,4,5.25),(492,'STAFF FISH','STAFF FISH',NULL,4,5),(493,'TROUT FILLET','TROUT FILLET',NULL,4,16.11),(494,'TURKEY SAUSAGE','TURKEY SAUSAGE',NULL,4,2.48),(495,'TURKEY SLICED','TURKEY SLICED',NULL,4,3.74),(496,'TURKEY WHOLE (STAFF)','TURKEY WHOLE (STAFF)',NULL,4,1.03),(497,'WHOLE ROAST BEEF','WHOLE ROAST BEEF',NULL,4,5.55),(498,'WINGS HOT & SPICY','WINGS HOT & SPICY',NULL,4,11.5),(499,'PANCAKE ','PANCAKE ',NULL,3,0.24),(500,'PANCAKE MINI','PANCAKE MINI',NULL,3,3.99),(501,'PASTA RAVIOLI SPINACH','PASTA RAVIOLI SPINACH',NULL,3,5.15),(502,'PEAS GREEN','PEAS GREEN',NULL,3,1.24),(503,'PEPPER HOT','PEPPER HOT',NULL,3,2.99),(504,'PLANTAIN FROZEN','PLANTAIN FROZEN',NULL,3,1.85),(505,'PUREE GUAVA','PUREE GUAVA',NULL,3,1.93),(506,'PUREE MANGO','PUREE MANGO',NULL,3,0.21),(507,'PUREE PASSION','PUREE PASSION',NULL,3,0.51),(508,'PUREE RASPBERRY','PUREE RASPBERRY',NULL,3,0.26),(509,'PUREE STRAWBERRY','PUREE STRAWBERRY',NULL,3,1.64),(510,'RASPBERRY FROZEN','RASPBERRY FROZEN',NULL,3,1.91),(511,'RAVIOLI MUSHROOM','RAVIOLI MUSHROOM',NULL,3,5.43),(512,'ROLL GLUTEN FREE','ROLL GLUTEN FREE',NULL,3,0.4),(513,'ROLL SOFT SANDWICH','ROLL SOFT SANDWICH',NULL,3,0.4),(514,'SAUCE PESTO','SAUCE PESTO',NULL,3,3.98),(515,'TIRAMISU','TIRAMISU',NULL,3,1.82),(516,'TOPPING RICHS WHIPPED','TOPPING RICHS WHIPPED',NULL,3,1.98),(517,'TORTILLA FLOUR WRAP 12','TORTILLA FLOUR WRAP 12',NULL,3,0.26),(518,'TORTILLA TOMATO BASIL','TORTILLA TOMATO BASIL',NULL,3,0.24),(519,'TORTILLA WHEAT WRAP','TORTILLA WHEAT WRAP',NULL,3,0.29),(520,'TORTILLA WRAP SPINNACH','TORTILLA WRAP SPINNACH',NULL,3,0.31),(521,'VEGETABLE MIX','VEGETABLE MIX',NULL,3,3.96),(522,'VEGETABLE SPRINGROLL','VEGETABLE SPRINGROLL',NULL,3,0.47),(523,'VEGETABLE SPRINGROLL','VEGETABLE SPRINGROLL',NULL,3,0.47),(524,'JUICE TOMATO 12OZ','JUICE TOMATO 12OZ',NULL,2,0),(525,'KALAMATA PITTED OLIVES','KALAMATA PITTED OLIVES',NULL,2,6.68),(526,'MACKEREL TIN 15OZ','MACKEREL TIN 15OZ',NULL,2,2.99),(527,'MAYONAISE JAR','MAYONAISE JAR',NULL,2,0.43),(528,'MAYONNAISE ','MAYONNAISE ',NULL,2,4.95),(529,'MAYONNAISE GAL','MAYONNAISE GAL',NULL,2,7.25),(530,'MAYONNAISE PC','MAYONNAISE PC',NULL,2,0.05),(531,'MILK 32OZ (SHELF) ASEPTIC 2%','MILK 32OZ (SHELF) ASEPTIC 2%',NULL,2,2.31),(532,'MILK 8OZ (SHELF) ASEPTIC 2%','MILK 8OZ (SHELF) ASEPTIC 2%',NULL,2,0.5),(533,'MILK COCONUT','MILK COCONUT',NULL,2,1.55),(534,'MILK EVAPORATED','MILK EVAPORATED',NULL,2,0.86),(535,'MILO','MILO',NULL,2,5.59),(536,'MORSEL WHITE','MORSEL WHITE',NULL,2,3.99),(537,'MUSHROOM STEMS & PIECES','MUSHROOM STEMS & PIECES',NULL,2,5.22),(538,'MUSTARD 9OZ','MUSTARD 9OZ',NULL,2,1.29),(539,'MUSTARD JAR','MUSTARD JAR',NULL,2,0.35),(540,'MUSTARD PC','MUSTARD PC',NULL,2,0.05),(541,'OATS ','OATS ',NULL,2,4.99),(542,'OIL DEEP FRY SHORTENING','OIL DEEP FRY SHORTENING',NULL,2,18.33),(543,'OIL OLIVE','OIL OLIVE',NULL,2,9.03),(544,'OIL SOYBEAN SALAD VEGETABLE','OIL SOYBEAN SALAD VEGETABLE',NULL,2,10.15),(545,'OIL VEGETABLE','OIL VEGETABLE',NULL,2,6.16),(546,'OLIVE RIPE SLICED','OLIVE RIPE SLICED',NULL,2,6.5),(547,'OLIVE RIPE WHOLE','OLIVE RIPE WHOLE',NULL,2,5.55),(548,'OLIVES MANZANILLA','OLIVES MANZANILLA',NULL,2,5.55),(549,'ORANGES MANDARINE','ORANGES MANDARINE',NULL,2,2.73),(550,'OREO PIECES','OREO PIECES',NULL,2,2.59),(551,'PAM','PAM',NULL,2,4.99),(552,'PAN AU CHOCOLATE','PAN AU CHOCOLATE',NULL,2,0.4),(553,'PASTA BOWTIE','PASTA BOWTIE',NULL,2,1.29),(554,'PASTA GNOCCHI','PASTA GNOCCHI',NULL,2,1.65),(555,'PASTA ORZO ROSA MARINA','PASTA ORZO ROSA MARINA',NULL,2,1.08),(556,'PASTA PENNE','PASTA PENNE',NULL,2,0.66),(557,'PASTA RIGATONI','PASTA RIGATONI',NULL,2,0.63),(558,'PASTA ROTINI','PASTA ROTINI',NULL,2,1.19),(559,'PASTA SPAGEHETTINI','PASTA SPAGEHETTINI',NULL,2,0.61),(560,'PASTE GREEN CURRY','PASTE GREEN CURRY',NULL,2,2.86),(561,'PASTE GUAVA','PASTE GUAVA',NULL,2,2.08),(562,'PEAR HALVES','PEAR HALVES',NULL,2,1.99),(563,'PECAN PIECES','PECAN PIECES',NULL,2,4.99),(564,'PESTO IN OLIVE','PESTO IN OLIVE',NULL,2,11.38),(565,'PIMENTO CAN','PIMENTO CAN',NULL,2,2.78),(566,'PINEAPPLE DICED/CHUNK','PINEAPPLE DICED/CHUNK',NULL,2,5.15),(567,'PINEAPPLE SLICES 20OZ','PINEAPPLE SLICES 20OZ',NULL,2,2.09),(568,'PINENUTS','PINENUTS',NULL,2,4.74),(569,'POTATO CHIPS','POTATO CHIPS',NULL,2,0.23),(570,'POTATO CHIPS BBQ','POTATO CHIPS BBQ',NULL,2,0.25),(571,'POTATO CHIPS ONION','POTATO CHIPS ONION',NULL,2,0.25),(572,'POTATO CHIPS VINEGAR & SALT','POTATO CHIPS VINEGAR & SALT',NULL,2,0.24),(573,'POTATO INSTANT MASHED','POTATO INSTANT MASHED',NULL,2,7.56),(574,'POWDER BAKING','POWDER BAKING',NULL,2,1.61),(575,'POWDER BASIL LEAVES','POWDER BASIL LEAVES',NULL,2,5.67),(576,'POWDER BAY LEAVES','POWDER BAY LEAVES',NULL,2,6),(577,'POWDER CARIBBEAN JERK SEASONING','POWDER CARIBBEAN JERK SEASONING',NULL,2,8.18),(578,'POWDER CHILLI','POWDER CHILLI',NULL,2,6.75),(579,'POWDER CINNAMON GROUND','POWDER CINNAMON GROUND',NULL,2,7.66),(580,'POWDER CURRY','POWDER CURRY',NULL,2,9.39),(581,'POWDER CURRY RED','POWDER CURRY RED',NULL,2,9.39),(582,'POWDER GARLIC','POWDER GARLIC',NULL,2,4.1),(583,'POWDER GELATIN MIX','POWDER GELATIN MIX',NULL,2,4.25),(584,'POWDER GINGER','POWDER GINGER',NULL,2,8.81),(585,'POWDER ITALIAN SEASONING','POWDER ITALIAN SEASONING',NULL,2,5.77),(586,'POWDER NUTMEG','POWDER NUTMEG',NULL,2,11.01),(587,'POWDER PAPRIKA 16 OZ','POWDER PAPRIKA 16 OZ',NULL,2,6.71),(588,'POWDER PEPPER WHITE GROUND','POWDER PEPPER WHITE GROUND',NULL,2,16.29),(589,'POWDER RED PEPPER ROASTED #10','POWDER RED PEPPER ROASTED #10',NULL,2,6.21),(590,'POWDER SEAFOOD SEASONING','POWDER SEAFOOD SEASONING',NULL,2,8.2),(591,'POWDER TUMERIC GROUND','POWDER TUMERIC GROUND',NULL,2,7.79),(592,'QUINOA','QUINOA',NULL,2,9.99),(593,'RAISIN ','RAISIN ',NULL,2,1.68),(594,'RAISIN PC','RAISIN PC',NULL,2,0.03),(595,'RICE BARS','RICE BARS',NULL,2,0.67),(596,'RICE BASMATI','RICE BASMATI',NULL,2,1.41),(597,'RICE JASMINE','RICE JASMINE',NULL,2,0.7),(598,'RICE LONG GRAIN','RICE LONG GRAIN',NULL,2,0.3),(599,'RICE NOODLES 1LB','RICE NOODLES 1LB',NULL,2,4.67),(600,'SALSA TOSTITOS','SALSA TOSTITOS',NULL,2,1.78),(601,'SALT IODIZED','SALT IODIZED',NULL,2,0.62),(602,'SAUCE BBQ GAL','SAUCE BBQ GAL',NULL,2,3.93),(603,'SAUCE COCKTAIL 8OZ','SAUCE COCKTAIL 8OZ',NULL,2,3.49),(604,'SAUCE CRANBERRY','SAUCE CRANBERRY',NULL,2,2.99),(605,'SAUCE HONEY MUSTARD GAL.','SAUCE HONEY MUSTARD GAL.',NULL,2,1.23),(606,'SAUCE LEMON BUTTER','SAUCE LEMON BUTTER',NULL,2,2.59),(607,'SAUCE SOY GAL','SAUCE SOY GAL',NULL,2,8.16),(608,'SAUCE SWEET CHILLI','SAUCE SWEET CHILLI',NULL,2,0.39),(609,'SAUCE TOBASCO PC','SAUCE TOBASCO PC',NULL,2,0.37),(610,'SAUSAGE VIENNA','SAUSAGE VIENNA',NULL,2,0.74),(611,'SNACK GRANOLA CRANBERRY','SNACK GRANOLA CRANBERRY',NULL,2,0.63),(612,'SNACK GRANOLA OATS & HONEY','SNACK GRANOLA OATS & HONEY',NULL,2,0.28),(613,'SODA','SODA',NULL,2,0.58),(614,'SUGAR BROWN','SUGAR BROWN',NULL,2,1.07),(615,'SUGAR FONDANT','SUGAR FONDANT',NULL,2,1.08),(616,'SUGAR GRANULATED','SUGAR GRANULATED',NULL,2,0.7),(617,'SWEET GHERKINS','SWEET GHERKINS',NULL,2,10.04),(618,'SYRUP BREAKFAST PC','SYRUP BREAKFAST PC',NULL,2,0.11),(619,'SYRUP CARAMEL HERSHEY 22OZ','SYRUP CARAMEL HERSHEY 22OZ',NULL,2,2.3),(620,'SYRUP CHOCOLATE HERSHEYS','SYRUP CHOCOLATE HERSHEYS',NULL,2,2.3),(621,'SYRUP STRAWBERRY','SYRUP STRAWBERRY',NULL,2,1.99),(622,'TANDORI PASTE','TANDORI PASTE',NULL,2,5.59),(623,'TEA ASSORTED','TEA ASSORTED',NULL,2,3.27),(624,'TEA GINGER','TEA GINGER',NULL,2,3.48),(625,'TEA MINT','TEA MINT',NULL,2,2.96),(626,'TOMATO DICED CAN','TOMATO DICED CAN',NULL,2,3.75),(627,'TOMATO KETCHUP','TOMATO KETCHUP',NULL,2,3.79),(628,'TOMATO KETCHUP PC','TOMATO KETCHUP PC',NULL,2,0.03),(629,'TOMATO PASTE','TOMATO PASTE',NULL,2,3.84),(630,'TOMATO SAUCE CAN','TOMATO SAUCE CAN',NULL,2,3.63),(631,'TOMATO SUNDRIED 32 OZ','TOMATO SUNDRIED 32 OZ',NULL,2,5.99),(632,'TUNA 665OZ','TUNA 665OZ',NULL,2,1.35),(633,'VANILLA EXTRACT','VANILLA EXTRACT',NULL,2,3.26),(634,'VINEGAR WHITE','VINEGAR WHITE',NULL,2,1.52),(635,'WALNUT HALVES & PIECES','WALNUT HALVES & PIECES',NULL,2,6.53),(636,'WATER 1.5OZ','WATER 1.5OZ',NULL,2,0.55),(637,'WATER 1LT','WATER 1LT',NULL,2,0.37),(638,'WATER 330 ML','WATER 330 ML',NULL,2,0.8),(639,'WATER 500 ML','WATER 500 ML',NULL,2,0.9),(640,'WATER CRYSTAL GEYSER 1.5L','WATER CRYSTAL GEYSER 1.5L',NULL,2,9.93),(641,'WATER CRYSTAL GEYSER 1L','WATER CRYSTAL GEYSER 1L',NULL,2,9.28),(642,'WATER FIJI','WATER FIJI',NULL,2,1.35),(643,'WATER PERRIER 23 OZ','WATER PERRIER 23 OZ',NULL,2,4.69),(644,'WATER PERRIER LIME 11.5 OZ','WATER PERRIER LIME 11.5 OZ',NULL,2,1.19),(645,'WINE COOKING','WINE COOKING',NULL,2,3.43),(646,'ANTIPASTO','ANTIPASTO',NULL,5,6.99),(647,'APPLES RED','APPLES RED',NULL,5,1.07),(648,'ASPARAGUS','ASPARAGUS',NULL,5,2.13),(649,'BANANA GREEN','BANANA GREEN',NULL,5,0.89),(650,'BANANA RIPE','BANANA RIPE',NULL,5,0.89),(651,'BASIL','BASIL',NULL,5,47.84),(652,'BEEF BASE','BEEF BASE',NULL,5,2.72),(653,'BEET FRESH','BEET FRESH',NULL,5,0.59),(654,'BLACKBERRIES','BLACKBERRIES',NULL,5,3.99),(655,'BLUEBERRIES','BLUEBERRIES',NULL,5,3.99),(656,'BROCCOLI','BROCCOLI',NULL,5,2.9),(657,'CABBAGE GREEN','CABBAGE GREEN',NULL,5,0.99),(658,'CABBAGE PURPLE','CABBAGE PURPLE',NULL,5,1.19),(659,'CARROT LOOSE','CARROT LOOSE',NULL,5,0.48),(660,'CAULIFLOWER','CAULIFLOWER',NULL,5,3.49),(661,'CELERY','CELERY',NULL,5,1.02),(662,'CHICKEN BASE SOUP','CHICKEN BASE SOUP',NULL,5,6.02),(663,'CHIVES','CHIVES',NULL,5,2.99),(664,'CHRISTOPHENE (CHO-CHO)','CHRISTOPHENE (CHO-CHO)',NULL,5,2.27),(665,'CILANTRO','CILANTRO',NULL,5,1.69),(666,'CUCUMBER','CUCUMBER',NULL,5,1.12),(667,'DILL','DILL',NULL,5,2.99),(668,'EGG  PLANT','EGG  PLANT',NULL,5,2.79),(669,'EGG PLANT JAPANESE','EGG PLANT JAPANESE',NULL,5,3.99),(670,'GARLIC PEELED FRESH','GARLIC PEELED FRESH',NULL,5,2.96),(671,'GINGER FRESH','GINGER FRESH',NULL,5,3.29),(672,'GRAPES RED','GRAPES RED',NULL,5,1.27),(673,'KIWI','KIWI',NULL,5,1.77),(674,'LEEKS','LEEKS',NULL,5,1.44),(675,'LEMON','LEMON',NULL,5,1.3),(676,'LEMON GRASS','LEMON GRASS',NULL,5,0.99),(677,'LETTUCE ARUGULA','LETTUCE ARUGULA',NULL,5,1.19),(678,'LETTUCE BABY MIXED','LETTUCE BABY MIXED',NULL,5,2.78),(679,'LETTUCE FRIZZY ','LETTUCE FRIZZY ',NULL,5,0),(680,'LETTUCE ROMAINE','LETTUCE ROMAINE',NULL,5,1.49),(681,'LIMES','LIMES',NULL,5,8.99),(682,'MANGO FRESH','MANGO FRESH',NULL,5,3.89),(683,'MELON CANTELOUPE','MELON CANTELOUPE',NULL,5,0.42),(684,'MELON HONEYDEW','MELON HONEYDEW',NULL,5,0.62),(685,'MELON WATER','MELON WATER',NULL,5,0.46),(686,'MINT FRESH','MINT FRESH',NULL,5,2.99),(687,'MUSHROOM FRESH','MUSHROOM FRESH',NULL,5,1.5),(688,'MUSHROOM PORTABELLA','MUSHROOM PORTABELLA',NULL,5,2.48),(689,'ONION GREEN','ONION GREEN',NULL,5,1.22),(690,'ONION RED','ONION RED',NULL,5,0.64),(691,'ONION YELLOW','ONION YELLOW',NULL,5,0.39),(692,'ORANGE','ORANGE',NULL,5,0.74),(693,'PARSLEY','PARSLEY',NULL,5,0.99),(694,'PARSNIP','PARSNIP',NULL,5,2.99),(695,'PEAR','PEAR',NULL,5,3.26),(696,'PEPPER GREEN','PEPPER GREEN',NULL,5,1.46),(697,'PEPPER RED','PEPPER RED',NULL,5,1.47),(698,'PEPPER YELLOW','PEPPER YELLOW',NULL,5,2.87),(699,'PINEAPPLE','PINEAPPLE',NULL,5,0.99),(700,'PLANTAIN RIPE','PLANTAIN RIPE',NULL,5,1.68),(701,'PLUMS','PLUMS',NULL,5,3.29),(702,'POTATO  BABY','POTATO  BABY',NULL,5,3.29),(703,'POTATO  SWEET','POTATO  SWEET',NULL,5,2.99),(704,'POTATO IDAHO','POTATO IDAHO',NULL,5,0.43),(705,'PUMPKIN','PUMPKIN',NULL,5,0.67),(706,'RADISH FRESH','RADISH FRESH',NULL,5,1.29),(707,'RADISH WHITE','RADISH WHITE',NULL,5,0),(708,'RASPBERRY','RASPBERRY',NULL,5,4.99),(709,'ROSEMARY','ROSEMARY',NULL,5,2.99),(710,'SAGE','SAGE',NULL,5,2.99),(711,'SPINACH FRESH','SPINACH FRESH',NULL,5,3.69),(712,'SQUASH BUTTERNUT','SQUASH BUTTERNUT',NULL,5,1.6),(713,'SQUASH YELLOW','SQUASH YELLOW',NULL,5,2.39),(714,'STRAWBERRY','STRAWBERRY',NULL,5,6.99),(715,'THYME','THYME',NULL,5,9.63),(716,'TOMATO CHERRY','TOMATO CHERRY',NULL,5,1.41),(717,'TOMATO GRAPE','TOMATO GRAPE',NULL,5,1.41),(718,'TOMATO LARGE','TOMATO LARGE',NULL,5,0.66),(719,'TOMATO PLUM','TOMATO PLUM',NULL,5,0.92),(720,'YAM YELLOW','YAM YELLOW',NULL,5,2.99),(721,'ZUCCHINI','ZUCCHINI',NULL,5,1.44),(841,'AIR FRESHNER FREBREEZE','AIR FRESHNER FREBREEZE',NULL,7,2.55),(842,'APRON','APRON',NULL,7,0.04),(843,'BEARD NETS','BEARD NETS',NULL,7,0.02),(844,'BIG PUNCH (Replacement for Oven Magic)','BIG PUNCH (Replacement for Oven Magic)',NULL,7,13.15),(845,'BROOM','BROOM',NULL,7,4.3),(846,'CAN LINER BAGS BLACK 24X33','CAN LINER BAGS BLACK 24X33',NULL,7,0.02),(847,'CAN LINER BAGS BLACK 33X39','CAN LINER BAGS BLACK 33X39',NULL,7,0.16),(848,'CAN LINER BAGS BLACK 38X58','CAN LINER BAGS BLACK 38X58',NULL,7,0.33),(849,'CAN LINER BAGS BLACK 60 GALLON HEAVY DUTY','CAN LINER BAGS BLACK 60 GALLON HEAVY DUTY',NULL,7,0.2),(850,'CAPS BOUFFANT','CAPS BOUFFANT',NULL,7,0.02),(851,'CLEANER BLEACH','CLEANER BLEACH',NULL,7,2.33),(852,'CLEANER FABULOSO','CLEANER FABULOSO',NULL,7,5.2),(853,'CLEANER FABULOSO (LAVENDER)','CLEANER FABULOSO (LAVENDER)',NULL,7,5.2),(854,'CLEANER FLOOR WASH & WALK','CLEANER FLOOR WASH & WALK',NULL,7,93.31),(855,'CLEANER H-7DEGREASER','CLEANER H-7DEGREASER',NULL,7,29),(856,'CLEANER OVEN MAGIC','CLEANER OVEN MAGIC',NULL,7,12.8),(857,'CLEANER SCOURING GREEN PADS','CLEANER SCOURING GREEN PADS',NULL,7,0.19),(858,'CLEANER SCOURING PADS ','CLEANER SCOURING PADS ',NULL,7,0.6),(859,'CLEANER SCOURING SPONGE','CLEANER SCOURING SPONGE',NULL,7,0.3),(860,'CLEANER SOLID BRILLIANCE','CLEANER SOLID BRILLIANCE',NULL,7,139.99),(861,'CLEANER SOLID POWER DETERGENT','CLEANER SOLID POWER DETERGENT',NULL,7,51.59),(862,'CLEANER TOILET BOWL','CLEANER TOILET BOWL',NULL,7,1.69),(863,'FOAMING OVEN & GRILL CLEANER','FOAMING OVEN & GRILL CLEANER',NULL,7,13.15),(864,'FUEL HANDY (CHAFING FUEL) STERNO','FUEL HANDY (CHAFING FUEL) STERNO',NULL,7,0.79),(865,'GLOVE LATEX','GLOVE LATEX',NULL,7,1.1),(866,'GLOVES VINYL','GLOVES VINYL',NULL,7,0.03),(867,'GRILL SRCEEN HOLDERS','GRILL SRCEEN HOLDERS',NULL,7,4.7),(868,'HAND SANITIZER (PURELL)','HAND SANITIZER (PURELL)',NULL,7,63.97),(869,'HAND SOAP','HAND SOAP',NULL,7,5.68),(870,'HEAVY DUTY GREEN GLOVES','HEAVY DUTY GREEN GLOVES',NULL,7,0.45),(871,'LAB COATS','LAB COATS',NULL,7,0.02),(872,'LARGE GREEN GLOVES (NITRI)','LARGE GREEN GLOVES (NITRI)',NULL,7,0.85),(873,'LIMEAWAY','LIMEAWAY',NULL,7,5.19),(874,'LYSOL ALL PURPOSE','LYSOL ALL PURPOSE',NULL,7,3.65),(875,'MASK DUST','MASK DUST',NULL,7,0.02),(876,'MIKROKLENE GAL','MIKROKLENE GAL',NULL,7,45.07),(877,'MITTEN','MITTEN',NULL,7,4.59),(878,'MOP','MOP',NULL,7,3.57),(879,'MOP HANDLE','MOP HANDLE',NULL,7,12.41),(880,'MULTI QUAT','MULTI QUAT',NULL,7,144.66),(881,'POLISH FURNITURE','POLISH FURNITURE',NULL,7,5.1),(882,'SCOTT HARD HARD ROLL TOWEL','SCOTT HARD HARD ROLL TOWEL',NULL,7,7.57),(883,'SCRUBBING BRUSH','SCRUBBING BRUSH',NULL,7,5.3),(884,'SHOE COVER','SHOE COVER',NULL,7,0.03),(885,'SNO-BOL','SNO-BOL',NULL,7,2.29),(886,'SOLITAIRE POTS & PANS','SOLITAIRE POTS & PANS',NULL,7,11.89),(887,'TOILET BOWL FRESHNER','TOILET BOWL FRESHNER',NULL,7,1.69),(888,'TOILET PAPER','TOILET PAPER',NULL,7,1.75),(889,'TOWEL HAND KIMBERLEY CLARK','TOWEL HAND KIMBERLEY CLARK',NULL,7,8.45),(890,'URINAL SCREEN','URINAL SCREEN',NULL,7,4.89),(891,'VEGETABLE WASH BOTTLE','VEGETABLE WASH BOTTLE',NULL,7,91.03),(892,'VICTORIA BAY 2PLY TOWEL','VICTORIA BAY 2PLY TOWEL',NULL,7,47.61),(893,'WASH VEGETABLE','WASH VEGETABLE',NULL,7,91.03),(894,'WINDEX','WINDEX',NULL,7,3.73),(895,'BOWLS LARGE','BOWLS LARGE',NULL,6,0.1),(896,'BOWLS MEDIUM','BOWLS MEDIUM',NULL,6,0.04),(897,'BOWLS SMALL','BOWLS SMALL',NULL,6,0.07),(898,'BOX DINNER','BOX DINNER',NULL,6,1.57),(899,'BOX SNACK','BOX SNACK',NULL,6,0.49),(900,'CONTAINER PORTION  YOSHI 3OZ','CONTAINER PORTION  YOSHI 3OZ',NULL,6,0.6),(901,'CONTAINER PORTION YOSHI 2X1.75','CONTAINER PORTION YOSHI 2X1.75',NULL,6,0.6),(902,'CONTAINER PORTION YOSHI 5.1OZ','CONTAINER PORTION YOSHI 5.1OZ',NULL,6,0.5),(903,'CONTAINER PORTION YOSHI 6.8OZ','CONTAINER PORTION YOSHI 6.8OZ',NULL,6,0.4),(904,'CONTAINER STONEWARE','CONTAINER STONEWARE',NULL,6,1.48),(905,'CUPS 4OZ','CUPS 4OZ',NULL,6,0.02),(906,'CUPS SOUFFLE 1 OZ','CUPS SOUFFLE 1 OZ',NULL,6,0.01),(907,'CUPS SOUFFLE 2 OZ','CUPS SOUFFLE 2 OZ',NULL,6,0.01),(908,'CUPS SOUFFLE LIDS 1 OZ','CUPS SOUFFLE LIDS 1 OZ',NULL,6,0.01),(909,'CUPS SOUFFLE LIDS 2OZ','CUPS SOUFFLE LIDS 2OZ',NULL,6,0.01),(910,'CUPS UTILITY','CUPS UTILITY',NULL,6,0.02),(911,'DOILY 10\' ROUND','DOILY 10\' ROUND',NULL,6,0.03),(912,'DOILY 12\' ROUND','DOILY 12\' ROUND',NULL,6,0.01),(913,'DOILY 5\' ROUND','DOILY 5\' ROUND',NULL,6,0.01),(914,'FOIL ALUMINIUM 12X 2000','FOIL ALUMINIUM 12X 2000',NULL,6,44.2),(915,'FOIL ALUMINIUM 12X1000 STANDARD','FOIL ALUMINIUM 12X1000 STANDARD',NULL,6,18.18),(916,'FOIL ALUMINIUM 18X 2000','FOIL ALUMINIUM 18X 2000',NULL,6,54.12),(917,'FOIL ALUMINIUM 18X1000','FOIL ALUMINIUM 18X1000',NULL,6,52.17),(918,'LABELS DATE','LABELS DATE',NULL,6,3.89),(919,'LIDS 4 OZ ','LIDS 4 OZ ',NULL,6,0.02),(920,'LIDS CUBE NOTION DOME','LIDS CUBE NOTION DOME',NULL,6,0.04),(921,'LIDS LARGE NOTION DOME','LIDS LARGE NOTION DOME',NULL,6,0.04),(922,'LIDS MEDIUM NOTION DOME','LIDS MEDIUM NOTION DOME',NULL,6,0.04),(923,'LIDS TALL NOTION DOME','LIDS TALL NOTION DOME',NULL,6,0.04),(924,'NETJETS TRAYS SQUARE','NETJETS TRAYS SQUARE',NULL,6,5.69),(925,'OCTAVIEW CONTAINER 6in','OCTAVIEW CONTAINER 6in',NULL,6,0.06),(926,'OCTAVIEW CONTAINER 7IN','OCTAVIEW CONTAINER 7IN',NULL,6,0.24),(927,'OCTAVIEW CONTAINER 9IN','OCTAVIEW CONTAINER 9IN',NULL,6,1),(928,'PANLINER SHEET','PANLINER SHEET',NULL,6,0.04),(929,'PAPER WYPALL','PAPER WYPALL',NULL,6,0.11),(930,'POLY BUN RACK COVER','POLY BUN RACK COVER',NULL,6,0.52),(931,'STIR BA SUGAR PACKS','STIR BA SUGAR PACKS',NULL,6,0.05),(932,'TRAYS SERVING LARGE','TRAYS SERVING LARGE',NULL,6,2.95),(933,'TRAYS SERVING MEDIUM','TRAYS SERVING MEDIUM',NULL,6,1.84),(934,'TRAYS SERVING SMALL','TRAYS SERVING SMALL',NULL,6,1.31),(935,'WRAP FILM 12X2000','WRAP FILM 12X2000',NULL,6,14.94),(936,'WRAP FILM 18X2000','WRAP FILM 18X2000',NULL,6,10.05),(937,'WRAP GOLD FOIL SHEET','WRAP GOLD FOIL SHEET',NULL,6,9.46),(938,'WRAP SILVER FOIL SHEET','WRAP SILVER FOIL SHEET',NULL,6,9.93);

/*Table structure for table `sir_log` */

DROP TABLE IF EXISTS `sir_log`;

CREATE TABLE `sir_log` (
  `log_id` bigint(20) NOT NULL AUTO_INCREMENT,
  `log_action_id` int(11) NOT NULL,
  `action_taken_by_employee_id` int(11) NOT NULL,
  `old_data` text,
  `new_data` text,
  `action_taken_on` datetime NOT NULL,
  PRIMARY KEY (`log_id`)
) ENGINE=MyISAM DEFAULT CHARSET=latin1;

/*Data for the table `sir_log` */

/*Table structure for table `sir_settings` */

DROP TABLE IF EXISTS `sir_settings`;

CREATE TABLE `sir_settings` (
  `settings_id` int(11) NOT NULL AUTO_INCREMENT,
  `settings_name` varchar(500) NOT NULL,
  `settings_value` varchar(500) NOT NULL,
  PRIMARY KEY (`settings_id`)
) ENGINE=MyISAM DEFAULT CHARSET=latin1;

/*Data for the table `sir_settings` */

/*Table structure for table `sir_users` */

DROP TABLE IF EXISTS `sir_users`;

CREATE TABLE `sir_users` (
  `user_id` int(11) NOT NULL AUTO_INCREMENT,
  `first_name` varchar(200) NOT NULL,
  `last_name` varchar(200) NOT NULL,
  `email_address` varchar(100) DEFAULT NULL,
  `gender_id` int(11) DEFAULT NULL,
  `department_id` int(11) NOT NULL,
  `job_title_id` int(11) NOT NULL,
  `dob` datetime DEFAULT NULL,
  `status_id` int(10) unsigned DEFAULT NULL,
  `user_password` varchar(500) NOT NULL,
  PRIMARY KEY (`user_id`)
) ENGINE=MyISAM AUTO_INCREMENT=5293 DEFAULT CHARSET=latin1;

/*Data for the table `sir_users` */

insert  into `sir_users`(`user_id`,`first_name`,`last_name`,`email_address`,`gender_id`,`department_id`,`job_title_id`,`dob`,`status_id`,`user_password`) values (5292,'Jerome','Bailey','bailey.jerome@gmail.com',1,0,0,'1980-01-01 00:00:00',1,'$2y$12$UL6BVrMbPmAhK9fbWg.xyORLIydIeMJno4A7V9.A7zkKN5he4Blu2'),(8,'Sherman','Davis','',1,1,1,'0000-00-00 00:00:00',1,'$2y$12$vUbrDabsK1S4ene8DSJwAe8uV9RvJmH60UViL8PRJSQD3Dgu2oame'),(18,'Carlton','Moncrieffe','Carlton.moncrieffe@gcggroup.com',1,2,2,'0000-00-00 00:00:00',1,'$2y$12$S1/Ex6eObcsLMH7DWDFclOtjue04BRgLZ662fhf9m9tI7QTHH09fy'),(7,'Alenne','Bush','',2,2,3,'0000-00-00 00:00:00',1,'$2y$12$1zlNjmW4gvw73xj8w2S6eOyYEhpjzJLsMINSillrrS4ib7pfHHA3K'),(1,'Roger','Aleria','',1,1,1,'0000-00-00 00:00:00',1,'$2y$12$/8gkHZFEPw7M2Uy/5jHRcOhjxeYQHgI6MyrROop8fQynWkGVdo3GW'),(10,'Carmen','Evans','',2,3,4,'0000-00-00 00:00:00',1,'$2y$12$F2APJFnYYVK3mg0o2OVkwOvTjVjKGTsErtSQ6oyPHw2HhSIMgA4hy'),(9,'Phillip','DeMercado','philip.demercado@gcggroup.com',1,1,5,'0000-00-00 00:00:00',1,'$2y$12$RZTjP7UB1DZSA4wC4cYGhOJ.VVBT5h5RTzISOLwp0ZRRyw3SNfiCG'),(16,'Sally','Lopez-Richards','',2,3,4,'0000-00-00 00:00:00',1,'$2y$12$lNS905Ru/XKJIA04LcsicuktE0Q45tgWfCXCvCNrDORwhE/MoRpuO'),(14,'Marcia','Leon','marcia.leon@gcggroup.com',1,1,6,'0000-00-00 00:00:00',1,'$2y$12$x4rZ32cl1.k.QvPenqrJheJ/w2Gm9vk7rG1bFWQGlX2cKlAmvyWQG'),(13,'Diane','Knowles','diane.knowles-stewart@gcggroup.com',2,4,7,'0000-00-00 00:00:00',1,'$2y$12$QFJO3SbJEWy2nxYLD4JtNeWj3KfvsUU1sev5ucfD/Z8qEv/V9oFOq'),(39,'Oscar ','Kirkconnell','',1,1,1,'0000-00-00 00:00:00',1,'$2y$12$Wk6vK9mkF6qtrppQ1ZbF1OZqzJrOgDRrrvh83njumAKajONyidqIK'),(40,'Rudi','Miller','rudi.miller@gcggroup.com',2,2,8,'0000-00-00 00:00:00',1,'$2y$12$PUFdUycRT0WVDrh5bQWZxO3PYgUvVfg2xDczX90Xys4srj.B24/de'),(23,'Anthony','Franklin','anthony.franklin@gcggroup.com',1,4,9,'0000-00-00 00:00:00',1,'$2y$12$XXqRfFuJZfeXbdBMzkf6VeTDRbUnGnSS01eKKJSz3pbYrkzjogmEG'),(15,'Pierre','Small','pierre.small@gcggroup.com',1,5,14,'0000-00-00 00:00:00',1,'$2y$12$/ixgkmbtcFaEV3g1yfdLbe.oyT.Ajj0q36ZWTbqv4N0sHefkh7wZK'),(6,'Christine','Beckford','christine.beckford@gcggroup.com',2,4,10,'0000-00-00 00:00:00',1,'$2y$12$8Ri3Pm8.JSfyk2YeAJYxA.U8ahe98dZcjbO05MYg7xABqUJhqp7ru'),(20,'Sashana','McField','',2,2,3,'0000-00-00 00:00:00',1,'$2y$12$qEcusociYh0uhkkgOVRaSOj8uoEkSJWvPwapD8n.Sb3QmOopH9r8W'),(19,'Rose','McPherson','',2,2,3,'0000-00-00 00:00:00',1,'$2y$12$6Wt2yCC3nG/q.joeIWwLd.XBHLxwCiHdtzNS6y214rZz2REBProIy'),(3,'Nadine','Bailey Rankine','',2,3,4,'0000-00-00 00:00:00',1,'$2y$12$AgAmIZH9EeuZW019BmYtY.UrPCbx5JVDzvwHRHtVnfRRToVdPhi5a'),(17,'Rodrick','Powell','',1,3,4,'0000-00-00 00:00:00',1,'$2y$12$z56y9xExgYn5EOWgGp2KqOVD3PKRmi207DHtV1OXqI.KYKC0r8LTu'),(25,'Gregory','Bell','gregory.bell@gcggroup.com',1,6,11,'0000-00-00 00:00:00',1,'$2y$12$rptMPWLZ/fgX8fBa9lycS.JdMSCIm5YF18nfe1zHKQ.SjsjZuPApq'),(31,'Roselyn','Seymour','',2,2,3,'0000-00-00 00:00:00',1,'$2y$12$8ceovXSvuD0ueoOicwyQReAf3GEwM/TKCuBNg59qTy8a42h299/rO'),(33,'Shelly-Ann','Hill','',2,6,12,'0000-00-00 00:00:00',1,'$2y$12$nhpIXsql4IAuFXmDetgH4ueDDa6PKv7fq2q3MeZPEnA78q7h9ED6a'),(42,'John','McField','',1,6,12,'0000-00-00 00:00:00',1,'$2y$12$AzW6Hq/jMjrzmFqjeraQSuB9CjZGxuLuuIdMl6ANOQF3dEC8z5mBS'),(37,'Troy','Brown','',1,1,1,'0000-00-00 00:00:00',1,'$2y$12$n56vkbb3clkZbg6zzYpXB.ubGEGo8ZtyUgBHcpEH3pYwVrKw3N382'),(38,'Clive','Carneiro','',1,2,3,'0000-00-00 00:00:00',1,'$2y$12$tnyXk/gmd0b4EyHbWIOJ9eNtA5nPMDLCo/vp8pVI.9J6LlQtMi3Cq'),(43,'Kennedy','Gomes','',1,2,13,'0000-00-00 00:00:00',1,'$2y$12$Kd/3usYtR82/B1cgbxZTEuPi/h9wnbdGB6urCAz9DfKDewCEGLjkO');

/*Table structure for table `supplier_contact_info` */

DROP TABLE IF EXISTS `supplier_contact_info`;

CREATE TABLE `supplier_contact_info` (
  `contact_info_id` bigint(20) NOT NULL AUTO_INCREMENT,
  `supplier_id` int(11) NOT NULL,
  `contact_type_id` int(11) NOT NULL,
  `contact_type_value` varchar(100) NOT NULL,
  PRIMARY KEY (`contact_info_id`,`supplier_id`)
) ENGINE=MyISAM DEFAULT CHARSET=latin1;

/*Data for the table `supplier_contact_info` */

/*Table structure for table `suppliers` */

DROP TABLE IF EXISTS `suppliers`;

CREATE TABLE `suppliers` (
  `supplier_id` int(11) NOT NULL AUTO_INCREMENT,
  `supplier_name` varchar(500) NOT NULL,
  `address_line_1` varchar(500) DEFAULT NULL,
  `address_line_2` varchar(500) DEFAULT NULL,
  `city` varchar(300) DEFAULT NULL,
  `state` varchar(300) DEFAULT NULL,
  `zip` varchar(50) DEFAULT NULL,
  PRIMARY KEY (`supplier_id`)
) ENGINE=MyISAM DEFAULT CHARSET=latin1;

/*Data for the table `suppliers` */

/*Table structure for table `user_permissions` */

DROP TABLE IF EXISTS `user_permissions`;

CREATE TABLE `user_permissions` (
  `user_id` int(11) NOT NULL,
  `permission_id` int(11) NOT NULL,
  PRIMARY KEY (`user_id`,`permission_id`)
) ENGINE=MyISAM DEFAULT CHARSET=latin1;

/*Data for the table `user_permissions` */

insert  into `user_permissions`(`user_id`,`permission_id`) values (5292,1),(5292,2),(5292,3),(5292,4),(5292,5),(5292,6),(5292,7),(5292,8),(5292,9),(5292,10),(5292,11),(5292,12),(5292,13),(5292,14),(5292,15),(5292,16),(5292,17),(5292,18),(5292,19),(5292,20),(5292,21),(5292,22),(5292,23),(5292,24),(5292,25);

/*!40101 SET SQL_MODE=@OLD_SQL_MODE */;
/*!40014 SET FOREIGN_KEY_CHECKS=@OLD_FOREIGN_KEY_CHECKS */;
/*!40014 SET UNIQUE_CHECKS=@OLD_UNIQUE_CHECKS */;
/*!40111 SET SQL_NOTES=@OLD_SQL_NOTES */;
