/*
SQLyog Ultimate v12.09 (64 bit)
MySQL - 5.7.14 : Database - sir
*********************************************************************
*/

/*!40101 SET NAMES utf8 */;

/*!40101 SET SQL_MODE=''*/;

/*!40014 SET @OLD_UNIQUE_CHECKS=@@UNIQUE_CHECKS, UNIQUE_CHECKS=0 */;
/*!40014 SET @OLD_FOREIGN_KEY_CHECKS=@@FOREIGN_KEY_CHECKS, FOREIGN_KEY_CHECKS=0 */;
/*!40101 SET @OLD_SQL_MODE=@@SQL_MODE, SQL_MODE='NO_AUTO_VALUE_ON_ZERO' */;
/*!40111 SET @OLD_SQL_NOTES=@@SQL_NOTES, SQL_NOTES=0 */;
/*Table structure for table `app_statuses` */

DROP TABLE IF EXISTS `app_statuses`;

CREATE TABLE `app_statuses` (
  `status_id` int(11) NOT NULL AUTO_INCREMENT,
  `status_` varchar(50) NOT NULL,
  PRIMARY KEY (`status_id`)
) ENGINE=MyISAM AUTO_INCREMENT=3 DEFAULT CHARSET=latin1;

/*Data for the table `app_statuses` */

insert  into `app_statuses`(`status_id`,`status_`) values (1,'Active'),(2,'Not Active');

/*Table structure for table `auth_tokens` */

DROP TABLE IF EXISTS `auth_tokens`;

CREATE TABLE `auth_tokens` (
  `token_id` int(11) NOT NULL AUTO_INCREMENT,
  `identifier` char(12) NOT NULL,
  `user_token` char(64) NOT NULL,
  `user_id` int(11) NOT NULL,
  `expiry_date` datetime NOT NULL,
  PRIMARY KEY (`token_id`)
) ENGINE=MyISAM DEFAULT CHARSET=latin1;

/*Data for the table `auth_tokens` */

/*Table structure for table `ci_sessions` */

DROP TABLE IF EXISTS `ci_sessions`;

CREATE TABLE `ci_sessions` (
  `id` varchar(128) NOT NULL,
  `ip_address` varchar(45) NOT NULL,
  `timestamp` int(10) unsigned NOT NULL DEFAULT '0',
  `data` blob NOT NULL,
  KEY `ci_sessions_timestamp` (`timestamp`)
) ENGINE=MyISAM DEFAULT CHARSET=latin1;

/*Data for the table `ci_sessions` */

insert  into `ci_sessions`(`id`,`ip_address`,`timestamp`,`data`) values ('edu1pi93nn9818fckje3b5h1i3g99b1l','127.0.0.1',1531628296,'__ci_last_regenerate|i:1531628295;'),('lqq5p0j56ib4aaqgendl185950himj1e','127.0.0.1',1531601616,'__ci_last_regenerate|i:1531601600;user_id|s:4:\"5292\";first_name|s:6:\"Jerome\";last_name|s:6:\"Bailey\";email_address|s:23:\"bailey.jerome@gmail.com\";gender_id|s:1:\"1\";department_id|s:1:\"0\";job_title_id|s:1:\"0\";dob|s:19:\"1980-01-01 00:00:00\";status_id|s:1:\"1\";user_password|s:60:\"$2y$12$UL6BVrMbPmAhK9fbWg.xyORLIydIeMJno4A7V9.A7zkKN5he4Blu2\";is_an_admin|s:1:\"1\";logged_in|i:1;encrypted_user_id|s:172:\"e99c3575510ac2dc6a944b85d1f8ea64f9409198a8dd3b9f55a7a360a2999f675f36954bd5abbe1e08bb9d087272be208111c765cc136d817cbe0ab3d2578136stAcV7rnkwekWIfpe0M4URPyl+uLrRaJfrdeFduA0hs=\";permissions|a:53:{i:0;s:13:\"view_products\";i:1;s:11:\"add_product\";i:2;s:12:\"edit_product\";i:3;s:14:\"delete_product\";i:4;s:10:\"view_forms\";i:5;s:18:\"create_requisition\";i:6;s:16:\"edit_requisition\";i:7;s:17:\"view_requisitions\";i:8;s:10:\"view_users\";i:9;s:8:\"add_user\";i:10;s:9:\"edit_user\";i:11;s:11:\"delete_user\";i:12;s:16:\"view_departments\";i:13;s:14:\"add_department\";i:14;s:15:\"edit_department\";i:15;s:17:\"delete_department\";i:16;s:15:\"view_job_titles\";i:17;s:13:\"add_job_title\";i:18;s:14:\"edit_job_title\";i:19;s:16:\"delete_job_title\";i:20;s:14:\"view_login_log\";i:21;s:14:\"view_suppliers\";i:22;s:12:\"add_supplier\";i:23;s:13:\"edit_supplier\";i:24;s:15:\"delete_supplier\";i:25;s:24:\"approve_requisition_form\";i:26;s:21:\"create_purchase_order\";i:27;s:25:\"create_flight_check_sheet\";i:28;s:13:\"add_inventory\";i:29;s:24:\"view_flight_check_sheets\";i:30;s:20:\"view_purchase_orders\";i:31;s:14:\"view_inventory\";i:32;s:22:\"approve_purchase_order\";i:33;s:21:\"delete_purchase_order\";i:34;s:25:\"delete_flight_check_sheet\";i:35;s:18:\"delete_requisition\";i:36;s:19:\"edit_purchase_order\";i:37;s:23:\"edit_flight_check_sheet\";i:38;s:20:\"dispatch_requisition\";i:39;s:14:\"create_invoice\";i:40;s:23:\"view_generated_barcodes\";i:41;s:28:\"duplicate_flight_check_sheet\";i:42;s:21:\"duplicate_requisition\";i:43;s:11:\"edit_client\";i:44;s:13:\"delete_client\";i:45;s:24:\"duplicate_purchase_order\";i:46;s:12:\"create_quote\";i:47;s:12:\"edit_invoice\";i:48;s:10:\"edit_quote\";i:49;s:14:\"delete_invoice\";i:50;s:12:\"delete_quote\";i:51;s:13:\"view_invoices\";i:52;s:11:\"view_quotes\";}'),('8r7p9uda0nja2omues0uu8dira8po4eb','127.0.0.1',1531601600,'__ci_last_regenerate|i:1531601600;user_id|s:4:\"5292\";first_name|s:6:\"Jerome\";last_name|s:6:\"Bailey\";email_address|s:23:\"bailey.jerome@gmail.com\";gender_id|s:1:\"1\";department_id|s:1:\"0\";job_title_id|s:1:\"0\";dob|s:19:\"1980-01-01 00:00:00\";status_id|s:1:\"1\";user_password|s:60:\"$2y$12$UL6BVrMbPmAhK9fbWg.xyORLIydIeMJno4A7V9.A7zkKN5he4Blu2\";is_an_admin|s:1:\"1\";logged_in|i:1;encrypted_user_id|s:172:\"e99c3575510ac2dc6a944b85d1f8ea64f9409198a8dd3b9f55a7a360a2999f675f36954bd5abbe1e08bb9d087272be208111c765cc136d817cbe0ab3d2578136stAcV7rnkwekWIfpe0M4URPyl+uLrRaJfrdeFduA0hs=\";permissions|a:53:{i:0;s:13:\"view_products\";i:1;s:11:\"add_product\";i:2;s:12:\"edit_product\";i:3;s:14:\"delete_product\";i:4;s:10:\"view_forms\";i:5;s:18:\"create_requisition\";i:6;s:16:\"edit_requisition\";i:7;s:17:\"view_requisitions\";i:8;s:10:\"view_users\";i:9;s:8:\"add_user\";i:10;s:9:\"edit_user\";i:11;s:11:\"delete_user\";i:12;s:16:\"view_departments\";i:13;s:14:\"add_department\";i:14;s:15:\"edit_department\";i:15;s:17:\"delete_department\";i:16;s:15:\"view_job_titles\";i:17;s:13:\"add_job_title\";i:18;s:14:\"edit_job_title\";i:19;s:16:\"delete_job_title\";i:20;s:14:\"view_login_log\";i:21;s:14:\"view_suppliers\";i:22;s:12:\"add_supplier\";i:23;s:13:\"edit_supplier\";i:24;s:15:\"delete_supplier\";i:25;s:24:\"approve_requisition_form\";i:26;s:21:\"create_purchase_order\";i:27;s:25:\"create_flight_check_sheet\";i:28;s:13:\"add_inventory\";i:29;s:24:\"view_flight_check_sheets\";i:30;s:20:\"view_purchase_orders\";i:31;s:14:\"view_inventory\";i:32;s:22:\"approve_purchase_order\";i:33;s:21:\"delete_purchase_order\";i:34;s:25:\"delete_flight_check_sheet\";i:35;s:18:\"delete_requisition\";i:36;s:19:\"edit_purchase_order\";i:37;s:23:\"edit_flight_check_sheet\";i:38;s:20:\"dispatch_requisition\";i:39;s:14:\"create_invoice\";i:40;s:23:\"view_generated_barcodes\";i:41;s:28:\"duplicate_flight_check_sheet\";i:42;s:21:\"duplicate_requisition\";i:43;s:11:\"edit_client\";i:44;s:13:\"delete_client\";i:45;s:24:\"duplicate_purchase_order\";i:46;s:12:\"create_quote\";i:47;s:12:\"edit_invoice\";i:48;s:10:\"edit_quote\";i:49;s:14:\"delete_invoice\";i:50;s:12:\"delete_quote\";i:51;s:13:\"view_invoices\";i:52;s:11:\"view_quotes\";}'),('fmlu3rcdahuhdo63u8v5nm2h6s0cqnop','127.0.0.1',1531600593,'__ci_last_regenerate|i:1531600593;user_id|s:4:\"5292\";first_name|s:6:\"Jerome\";last_name|s:6:\"Bailey\";email_address|s:23:\"bailey.jerome@gmail.com\";gender_id|s:1:\"1\";department_id|s:1:\"0\";job_title_id|s:1:\"0\";dob|s:19:\"1980-01-01 00:00:00\";status_id|s:1:\"1\";user_password|s:60:\"$2y$12$UL6BVrMbPmAhK9fbWg.xyORLIydIeMJno4A7V9.A7zkKN5he4Blu2\";is_an_admin|s:1:\"1\";logged_in|i:1;encrypted_user_id|s:172:\"e99c3575510ac2dc6a944b85d1f8ea64f9409198a8dd3b9f55a7a360a2999f675f36954bd5abbe1e08bb9d087272be208111c765cc136d817cbe0ab3d2578136stAcV7rnkwekWIfpe0M4URPyl+uLrRaJfrdeFduA0hs=\";permissions|a:53:{i:0;s:13:\"view_products\";i:1;s:11:\"add_product\";i:2;s:12:\"edit_product\";i:3;s:14:\"delete_product\";i:4;s:10:\"view_forms\";i:5;s:18:\"create_requisition\";i:6;s:16:\"edit_requisition\";i:7;s:17:\"view_requisitions\";i:8;s:10:\"view_users\";i:9;s:8:\"add_user\";i:10;s:9:\"edit_user\";i:11;s:11:\"delete_user\";i:12;s:16:\"view_departments\";i:13;s:14:\"add_department\";i:14;s:15:\"edit_department\";i:15;s:17:\"delete_department\";i:16;s:15:\"view_job_titles\";i:17;s:13:\"add_job_title\";i:18;s:14:\"edit_job_title\";i:19;s:16:\"delete_job_title\";i:20;s:14:\"view_login_log\";i:21;s:14:\"view_suppliers\";i:22;s:12:\"add_supplier\";i:23;s:13:\"edit_supplier\";i:24;s:15:\"delete_supplier\";i:25;s:24:\"approve_requisition_form\";i:26;s:21:\"create_purchase_order\";i:27;s:25:\"create_flight_check_sheet\";i:28;s:13:\"add_inventory\";i:29;s:24:\"view_flight_check_sheets\";i:30;s:20:\"view_purchase_orders\";i:31;s:14:\"view_inventory\";i:32;s:22:\"approve_purchase_order\";i:33;s:21:\"delete_purchase_order\";i:34;s:25:\"delete_flight_check_sheet\";i:35;s:18:\"delete_requisition\";i:36;s:19:\"edit_purchase_order\";i:37;s:23:\"edit_flight_check_sheet\";i:38;s:20:\"dispatch_requisition\";i:39;s:14:\"create_invoice\";i:40;s:23:\"view_generated_barcodes\";i:41;s:28:\"duplicate_flight_check_sheet\";i:42;s:21:\"duplicate_requisition\";i:43;s:11:\"edit_client\";i:44;s:13:\"delete_client\";i:45;s:24:\"duplicate_purchase_order\";i:46;s:12:\"create_quote\";i:47;s:12:\"edit_invoice\";i:48;s:10:\"edit_quote\";i:49;s:14:\"delete_invoice\";i:50;s:12:\"delete_quote\";i:51;s:13:\"view_invoices\";i:52;s:11:\"view_quotes\";}'),('ut1vj8dadn5hpu7g5p5uqsbvkj2c588h','127.0.0.1',1531600114,'__ci_last_regenerate|i:1531600114;user_id|s:4:\"5292\";first_name|s:6:\"Jerome\";last_name|s:6:\"Bailey\";email_address|s:23:\"bailey.jerome@gmail.com\";gender_id|s:1:\"1\";department_id|s:1:\"0\";job_title_id|s:1:\"0\";dob|s:19:\"1980-01-01 00:00:00\";status_id|s:1:\"1\";user_password|s:60:\"$2y$12$UL6BVrMbPmAhK9fbWg.xyORLIydIeMJno4A7V9.A7zkKN5he4Blu2\";is_an_admin|s:1:\"1\";logged_in|i:1;encrypted_user_id|s:172:\"e99c3575510ac2dc6a944b85d1f8ea64f9409198a8dd3b9f55a7a360a2999f675f36954bd5abbe1e08bb9d087272be208111c765cc136d817cbe0ab3d2578136stAcV7rnkwekWIfpe0M4URPyl+uLrRaJfrdeFduA0hs=\";permissions|a:53:{i:0;s:13:\"view_products\";i:1;s:11:\"add_product\";i:2;s:12:\"edit_product\";i:3;s:14:\"delete_product\";i:4;s:10:\"view_forms\";i:5;s:18:\"create_requisition\";i:6;s:16:\"edit_requisition\";i:7;s:17:\"view_requisitions\";i:8;s:10:\"view_users\";i:9;s:8:\"add_user\";i:10;s:9:\"edit_user\";i:11;s:11:\"delete_user\";i:12;s:16:\"view_departments\";i:13;s:14:\"add_department\";i:14;s:15:\"edit_department\";i:15;s:17:\"delete_department\";i:16;s:15:\"view_job_titles\";i:17;s:13:\"add_job_title\";i:18;s:14:\"edit_job_title\";i:19;s:16:\"delete_job_title\";i:20;s:14:\"view_login_log\";i:21;s:14:\"view_suppliers\";i:22;s:12:\"add_supplier\";i:23;s:13:\"edit_supplier\";i:24;s:15:\"delete_supplier\";i:25;s:24:\"approve_requisition_form\";i:26;s:21:\"create_purchase_order\";i:27;s:25:\"create_flight_check_sheet\";i:28;s:13:\"add_inventory\";i:29;s:24:\"view_flight_check_sheets\";i:30;s:20:\"view_purchase_orders\";i:31;s:14:\"view_inventory\";i:32;s:22:\"approve_purchase_order\";i:33;s:21:\"delete_purchase_order\";i:34;s:25:\"delete_flight_check_sheet\";i:35;s:18:\"delete_requisition\";i:36;s:19:\"edit_purchase_order\";i:37;s:23:\"edit_flight_check_sheet\";i:38;s:20:\"dispatch_requisition\";i:39;s:14:\"create_invoice\";i:40;s:23:\"view_generated_barcodes\";i:41;s:28:\"duplicate_flight_check_sheet\";i:42;s:21:\"duplicate_requisition\";i:43;s:11:\"edit_client\";i:44;s:13:\"delete_client\";i:45;s:24:\"duplicate_purchase_order\";i:46;s:12:\"create_quote\";i:47;s:12:\"edit_invoice\";i:48;s:10:\"edit_quote\";i:49;s:14:\"delete_invoice\";i:50;s:12:\"delete_quote\";i:51;s:13:\"view_invoices\";i:52;s:11:\"view_quotes\";}'),('elr1dhhatqr8i1s7mntmgpud1dcjhjeh','127.0.0.1',1531599799,'__ci_last_regenerate|i:1531599799;user_id|s:4:\"5292\";first_name|s:6:\"Jerome\";last_name|s:6:\"Bailey\";email_address|s:23:\"bailey.jerome@gmail.com\";gender_id|s:1:\"1\";department_id|s:1:\"0\";job_title_id|s:1:\"0\";dob|s:19:\"1980-01-01 00:00:00\";status_id|s:1:\"1\";user_password|s:60:\"$2y$12$UL6BVrMbPmAhK9fbWg.xyORLIydIeMJno4A7V9.A7zkKN5he4Blu2\";is_an_admin|s:1:\"1\";logged_in|i:1;encrypted_user_id|s:172:\"e99c3575510ac2dc6a944b85d1f8ea64f9409198a8dd3b9f55a7a360a2999f675f36954bd5abbe1e08bb9d087272be208111c765cc136d817cbe0ab3d2578136stAcV7rnkwekWIfpe0M4URPyl+uLrRaJfrdeFduA0hs=\";permissions|a:53:{i:0;s:13:\"view_products\";i:1;s:11:\"add_product\";i:2;s:12:\"edit_product\";i:3;s:14:\"delete_product\";i:4;s:10:\"view_forms\";i:5;s:18:\"create_requisition\";i:6;s:16:\"edit_requisition\";i:7;s:17:\"view_requisitions\";i:8;s:10:\"view_users\";i:9;s:8:\"add_user\";i:10;s:9:\"edit_user\";i:11;s:11:\"delete_user\";i:12;s:16:\"view_departments\";i:13;s:14:\"add_department\";i:14;s:15:\"edit_department\";i:15;s:17:\"delete_department\";i:16;s:15:\"view_job_titles\";i:17;s:13:\"add_job_title\";i:18;s:14:\"edit_job_title\";i:19;s:16:\"delete_job_title\";i:20;s:14:\"view_login_log\";i:21;s:14:\"view_suppliers\";i:22;s:12:\"add_supplier\";i:23;s:13:\"edit_supplier\";i:24;s:15:\"delete_supplier\";i:25;s:24:\"approve_requisition_form\";i:26;s:21:\"create_purchase_order\";i:27;s:25:\"create_flight_check_sheet\";i:28;s:13:\"add_inventory\";i:29;s:24:\"view_flight_check_sheets\";i:30;s:20:\"view_purchase_orders\";i:31;s:14:\"view_inventory\";i:32;s:22:\"approve_purchase_order\";i:33;s:21:\"delete_purchase_order\";i:34;s:25:\"delete_flight_check_sheet\";i:35;s:18:\"delete_requisition\";i:36;s:19:\"edit_purchase_order\";i:37;s:23:\"edit_flight_check_sheet\";i:38;s:20:\"dispatch_requisition\";i:39;s:14:\"create_invoice\";i:40;s:23:\"view_generated_barcodes\";i:41;s:28:\"duplicate_flight_check_sheet\";i:42;s:21:\"duplicate_requisition\";i:43;s:11:\"edit_client\";i:44;s:13:\"delete_client\";i:45;s:24:\"duplicate_purchase_order\";i:46;s:12:\"create_quote\";i:47;s:12:\"edit_invoice\";i:48;s:10:\"edit_quote\";i:49;s:14:\"delete_invoice\";i:50;s:12:\"delete_quote\";i:51;s:13:\"view_invoices\";i:52;s:11:\"view_quotes\";}'),('01ghf5dcnjg0ikvgn3setah0nl176ssc','127.0.0.1',1531598717,'__ci_last_regenerate|i:1531598717;user_id|s:4:\"5292\";first_name|s:6:\"Jerome\";last_name|s:6:\"Bailey\";email_address|s:23:\"bailey.jerome@gmail.com\";gender_id|s:1:\"1\";department_id|s:1:\"0\";job_title_id|s:1:\"0\";dob|s:19:\"1980-01-01 00:00:00\";status_id|s:1:\"1\";user_password|s:60:\"$2y$12$UL6BVrMbPmAhK9fbWg.xyORLIydIeMJno4A7V9.A7zkKN5he4Blu2\";is_an_admin|s:1:\"1\";logged_in|i:1;encrypted_user_id|s:172:\"e99c3575510ac2dc6a944b85d1f8ea64f9409198a8dd3b9f55a7a360a2999f675f36954bd5abbe1e08bb9d087272be208111c765cc136d817cbe0ab3d2578136stAcV7rnkwekWIfpe0M4URPyl+uLrRaJfrdeFduA0hs=\";permissions|a:53:{i:0;s:13:\"view_products\";i:1;s:11:\"add_product\";i:2;s:12:\"edit_product\";i:3;s:14:\"delete_product\";i:4;s:10:\"view_forms\";i:5;s:18:\"create_requisition\";i:6;s:16:\"edit_requisition\";i:7;s:17:\"view_requisitions\";i:8;s:10:\"view_users\";i:9;s:8:\"add_user\";i:10;s:9:\"edit_user\";i:11;s:11:\"delete_user\";i:12;s:16:\"view_departments\";i:13;s:14:\"add_department\";i:14;s:15:\"edit_department\";i:15;s:17:\"delete_department\";i:16;s:15:\"view_job_titles\";i:17;s:13:\"add_job_title\";i:18;s:14:\"edit_job_title\";i:19;s:16:\"delete_job_title\";i:20;s:14:\"view_login_log\";i:21;s:14:\"view_suppliers\";i:22;s:12:\"add_supplier\";i:23;s:13:\"edit_supplier\";i:24;s:15:\"delete_supplier\";i:25;s:24:\"approve_requisition_form\";i:26;s:21:\"create_purchase_order\";i:27;s:25:\"create_flight_check_sheet\";i:28;s:13:\"add_inventory\";i:29;s:24:\"view_flight_check_sheets\";i:30;s:20:\"view_purchase_orders\";i:31;s:14:\"view_inventory\";i:32;s:22:\"approve_purchase_order\";i:33;s:21:\"delete_purchase_order\";i:34;s:25:\"delete_flight_check_sheet\";i:35;s:18:\"delete_requisition\";i:36;s:19:\"edit_purchase_order\";i:37;s:23:\"edit_flight_check_sheet\";i:38;s:20:\"dispatch_requisition\";i:39;s:14:\"create_invoice\";i:40;s:23:\"view_generated_barcodes\";i:41;s:28:\"duplicate_flight_check_sheet\";i:42;s:21:\"duplicate_requisition\";i:43;s:11:\"edit_client\";i:44;s:13:\"delete_client\";i:45;s:24:\"duplicate_purchase_order\";i:46;s:12:\"create_quote\";i:47;s:12:\"edit_invoice\";i:48;s:10:\"edit_quote\";i:49;s:14:\"delete_invoice\";i:50;s:12:\"delete_quote\";i:51;s:13:\"view_invoices\";i:52;s:11:\"view_quotes\";}'),('skduhujpg02j39sujes2e2fbk5h42gao','127.0.0.1',1531597214,'__ci_last_regenerate|i:1531597214;user_id|s:4:\"5292\";first_name|s:6:\"Jerome\";last_name|s:6:\"Bailey\";email_address|s:23:\"bailey.jerome@gmail.com\";gender_id|s:1:\"1\";department_id|s:1:\"0\";job_title_id|s:1:\"0\";dob|s:19:\"1980-01-01 00:00:00\";status_id|s:1:\"1\";user_password|s:60:\"$2y$12$UL6BVrMbPmAhK9fbWg.xyORLIydIeMJno4A7V9.A7zkKN5he4Blu2\";is_an_admin|s:1:\"1\";logged_in|i:1;encrypted_user_id|s:172:\"e99c3575510ac2dc6a944b85d1f8ea64f9409198a8dd3b9f55a7a360a2999f675f36954bd5abbe1e08bb9d087272be208111c765cc136d817cbe0ab3d2578136stAcV7rnkwekWIfpe0M4URPyl+uLrRaJfrdeFduA0hs=\";permissions|a:53:{i:0;s:13:\"view_products\";i:1;s:11:\"add_product\";i:2;s:12:\"edit_product\";i:3;s:14:\"delete_product\";i:4;s:10:\"view_forms\";i:5;s:18:\"create_requisition\";i:6;s:16:\"edit_requisition\";i:7;s:17:\"view_requisitions\";i:8;s:10:\"view_users\";i:9;s:8:\"add_user\";i:10;s:9:\"edit_user\";i:11;s:11:\"delete_user\";i:12;s:16:\"view_departments\";i:13;s:14:\"add_department\";i:14;s:15:\"edit_department\";i:15;s:17:\"delete_department\";i:16;s:15:\"view_job_titles\";i:17;s:13:\"add_job_title\";i:18;s:14:\"edit_job_title\";i:19;s:16:\"delete_job_title\";i:20;s:14:\"view_login_log\";i:21;s:14:\"view_suppliers\";i:22;s:12:\"add_supplier\";i:23;s:13:\"edit_supplier\";i:24;s:15:\"delete_supplier\";i:25;s:24:\"approve_requisition_form\";i:26;s:21:\"create_purchase_order\";i:27;s:25:\"create_flight_check_sheet\";i:28;s:13:\"add_inventory\";i:29;s:24:\"view_flight_check_sheets\";i:30;s:20:\"view_purchase_orders\";i:31;s:14:\"view_inventory\";i:32;s:22:\"approve_purchase_order\";i:33;s:21:\"delete_purchase_order\";i:34;s:25:\"delete_flight_check_sheet\";i:35;s:18:\"delete_requisition\";i:36;s:19:\"edit_purchase_order\";i:37;s:23:\"edit_flight_check_sheet\";i:38;s:20:\"dispatch_requisition\";i:39;s:14:\"create_invoice\";i:40;s:23:\"view_generated_barcodes\";i:41;s:28:\"duplicate_flight_check_sheet\";i:42;s:21:\"duplicate_requisition\";i:43;s:11:\"edit_client\";i:44;s:13:\"delete_client\";i:45;s:24:\"duplicate_purchase_order\";i:46;s:12:\"create_quote\";i:47;s:12:\"edit_invoice\";i:48;s:10:\"edit_quote\";i:49;s:14:\"delete_invoice\";i:50;s:12:\"delete_quote\";i:51;s:13:\"view_invoices\";i:52;s:11:\"view_quotes\";}'),('9pmbkm70a6v4ludul3qm79eib7jrve2b','127.0.0.1',1531596837,'__ci_last_regenerate|i:1531596837;user_id|s:4:\"5292\";first_name|s:6:\"Jerome\";last_name|s:6:\"Bailey\";email_address|s:23:\"bailey.jerome@gmail.com\";gender_id|s:1:\"1\";department_id|s:1:\"0\";job_title_id|s:1:\"0\";dob|s:19:\"1980-01-01 00:00:00\";status_id|s:1:\"1\";user_password|s:60:\"$2y$12$UL6BVrMbPmAhK9fbWg.xyORLIydIeMJno4A7V9.A7zkKN5he4Blu2\";is_an_admin|s:1:\"1\";logged_in|i:1;encrypted_user_id|s:172:\"e99c3575510ac2dc6a944b85d1f8ea64f9409198a8dd3b9f55a7a360a2999f675f36954bd5abbe1e08bb9d087272be208111c765cc136d817cbe0ab3d2578136stAcV7rnkwekWIfpe0M4URPyl+uLrRaJfrdeFduA0hs=\";permissions|a:53:{i:0;s:13:\"view_products\";i:1;s:11:\"add_product\";i:2;s:12:\"edit_product\";i:3;s:14:\"delete_product\";i:4;s:10:\"view_forms\";i:5;s:18:\"create_requisition\";i:6;s:16:\"edit_requisition\";i:7;s:17:\"view_requisitions\";i:8;s:10:\"view_users\";i:9;s:8:\"add_user\";i:10;s:9:\"edit_user\";i:11;s:11:\"delete_user\";i:12;s:16:\"view_departments\";i:13;s:14:\"add_department\";i:14;s:15:\"edit_department\";i:15;s:17:\"delete_department\";i:16;s:15:\"view_job_titles\";i:17;s:13:\"add_job_title\";i:18;s:14:\"edit_job_title\";i:19;s:16:\"delete_job_title\";i:20;s:14:\"view_login_log\";i:21;s:14:\"view_suppliers\";i:22;s:12:\"add_supplier\";i:23;s:13:\"edit_supplier\";i:24;s:15:\"delete_supplier\";i:25;s:24:\"approve_requisition_form\";i:26;s:21:\"create_purchase_order\";i:27;s:25:\"create_flight_check_sheet\";i:28;s:13:\"add_inventory\";i:29;s:24:\"view_flight_check_sheets\";i:30;s:20:\"view_purchase_orders\";i:31;s:14:\"view_inventory\";i:32;s:22:\"approve_purchase_order\";i:33;s:21:\"delete_purchase_order\";i:34;s:25:\"delete_flight_check_sheet\";i:35;s:18:\"delete_requisition\";i:36;s:19:\"edit_purchase_order\";i:37;s:23:\"edit_flight_check_sheet\";i:38;s:20:\"dispatch_requisition\";i:39;s:14:\"create_invoice\";i:40;s:23:\"view_generated_barcodes\";i:41;s:28:\"duplicate_flight_check_sheet\";i:42;s:21:\"duplicate_requisition\";i:43;s:11:\"edit_client\";i:44;s:13:\"delete_client\";i:45;s:24:\"duplicate_purchase_order\";i:46;s:12:\"create_quote\";i:47;s:12:\"edit_invoice\";i:48;s:10:\"edit_quote\";i:49;s:14:\"delete_invoice\";i:50;s:12:\"delete_quote\";i:51;s:13:\"view_invoices\";i:52;s:11:\"view_quotes\";}'),('l01lcdepkc3dq7odrgupn0i9uklilva1','127.0.0.1',1531596033,'__ci_last_regenerate|i:1531596033;user_id|s:4:\"5292\";first_name|s:6:\"Jerome\";last_name|s:6:\"Bailey\";email_address|s:23:\"bailey.jerome@gmail.com\";gender_id|s:1:\"1\";department_id|s:1:\"0\";job_title_id|s:1:\"0\";dob|s:19:\"1980-01-01 00:00:00\";status_id|s:1:\"1\";user_password|s:60:\"$2y$12$UL6BVrMbPmAhK9fbWg.xyORLIydIeMJno4A7V9.A7zkKN5he4Blu2\";is_an_admin|s:1:\"1\";logged_in|i:1;encrypted_user_id|s:172:\"e99c3575510ac2dc6a944b85d1f8ea64f9409198a8dd3b9f55a7a360a2999f675f36954bd5abbe1e08bb9d087272be208111c765cc136d817cbe0ab3d2578136stAcV7rnkwekWIfpe0M4URPyl+uLrRaJfrdeFduA0hs=\";permissions|a:53:{i:0;s:13:\"view_products\";i:1;s:11:\"add_product\";i:2;s:12:\"edit_product\";i:3;s:14:\"delete_product\";i:4;s:10:\"view_forms\";i:5;s:18:\"create_requisition\";i:6;s:16:\"edit_requisition\";i:7;s:17:\"view_requisitions\";i:8;s:10:\"view_users\";i:9;s:8:\"add_user\";i:10;s:9:\"edit_user\";i:11;s:11:\"delete_user\";i:12;s:16:\"view_departments\";i:13;s:14:\"add_department\";i:14;s:15:\"edit_department\";i:15;s:17:\"delete_department\";i:16;s:15:\"view_job_titles\";i:17;s:13:\"add_job_title\";i:18;s:14:\"edit_job_title\";i:19;s:16:\"delete_job_title\";i:20;s:14:\"view_login_log\";i:21;s:14:\"view_suppliers\";i:22;s:12:\"add_supplier\";i:23;s:13:\"edit_supplier\";i:24;s:15:\"delete_supplier\";i:25;s:24:\"approve_requisition_form\";i:26;s:21:\"create_purchase_order\";i:27;s:25:\"create_flight_check_sheet\";i:28;s:13:\"add_inventory\";i:29;s:24:\"view_flight_check_sheets\";i:30;s:20:\"view_purchase_orders\";i:31;s:14:\"view_inventory\";i:32;s:22:\"approve_purchase_order\";i:33;s:21:\"delete_purchase_order\";i:34;s:25:\"delete_flight_check_sheet\";i:35;s:18:\"delete_requisition\";i:36;s:19:\"edit_purchase_order\";i:37;s:23:\"edit_flight_check_sheet\";i:38;s:20:\"dispatch_requisition\";i:39;s:14:\"create_invoice\";i:40;s:23:\"view_generated_barcodes\";i:41;s:28:\"duplicate_flight_check_sheet\";i:42;s:21:\"duplicate_requisition\";i:43;s:11:\"edit_client\";i:44;s:13:\"delete_client\";i:45;s:24:\"duplicate_purchase_order\";i:46;s:12:\"create_quote\";i:47;s:12:\"edit_invoice\";i:48;s:10:\"edit_quote\";i:49;s:14:\"delete_invoice\";i:50;s:12:\"delete_quote\";i:51;s:13:\"view_invoices\";i:52;s:11:\"view_quotes\";}'),('74mnjivgav9ormchtludc2b41ueh1ku1','127.0.0.1',1531595693,'__ci_last_regenerate|i:1531595693;user_id|s:4:\"5292\";first_name|s:6:\"Jerome\";last_name|s:6:\"Bailey\";email_address|s:23:\"bailey.jerome@gmail.com\";gender_id|s:1:\"1\";department_id|s:1:\"0\";job_title_id|s:1:\"0\";dob|s:19:\"1980-01-01 00:00:00\";status_id|s:1:\"1\";user_password|s:60:\"$2y$12$UL6BVrMbPmAhK9fbWg.xyORLIydIeMJno4A7V9.A7zkKN5he4Blu2\";is_an_admin|s:1:\"1\";logged_in|i:1;encrypted_user_id|s:172:\"e99c3575510ac2dc6a944b85d1f8ea64f9409198a8dd3b9f55a7a360a2999f675f36954bd5abbe1e08bb9d087272be208111c765cc136d817cbe0ab3d2578136stAcV7rnkwekWIfpe0M4URPyl+uLrRaJfrdeFduA0hs=\";permissions|a:53:{i:0;s:13:\"view_products\";i:1;s:11:\"add_product\";i:2;s:12:\"edit_product\";i:3;s:14:\"delete_product\";i:4;s:10:\"view_forms\";i:5;s:18:\"create_requisition\";i:6;s:16:\"edit_requisition\";i:7;s:17:\"view_requisitions\";i:8;s:10:\"view_users\";i:9;s:8:\"add_user\";i:10;s:9:\"edit_user\";i:11;s:11:\"delete_user\";i:12;s:16:\"view_departments\";i:13;s:14:\"add_department\";i:14;s:15:\"edit_department\";i:15;s:17:\"delete_department\";i:16;s:15:\"view_job_titles\";i:17;s:13:\"add_job_title\";i:18;s:14:\"edit_job_title\";i:19;s:16:\"delete_job_title\";i:20;s:14:\"view_login_log\";i:21;s:14:\"view_suppliers\";i:22;s:12:\"add_supplier\";i:23;s:13:\"edit_supplier\";i:24;s:15:\"delete_supplier\";i:25;s:24:\"approve_requisition_form\";i:26;s:21:\"create_purchase_order\";i:27;s:25:\"create_flight_check_sheet\";i:28;s:13:\"add_inventory\";i:29;s:24:\"view_flight_check_sheets\";i:30;s:20:\"view_purchase_orders\";i:31;s:14:\"view_inventory\";i:32;s:22:\"approve_purchase_order\";i:33;s:21:\"delete_purchase_order\";i:34;s:25:\"delete_flight_check_sheet\";i:35;s:18:\"delete_requisition\";i:36;s:19:\"edit_purchase_order\";i:37;s:23:\"edit_flight_check_sheet\";i:38;s:20:\"dispatch_requisition\";i:39;s:14:\"create_invoice\";i:40;s:23:\"view_generated_barcodes\";i:41;s:28:\"duplicate_flight_check_sheet\";i:42;s:21:\"duplicate_requisition\";i:43;s:11:\"edit_client\";i:44;s:13:\"delete_client\";i:45;s:24:\"duplicate_purchase_order\";i:46;s:12:\"create_quote\";i:47;s:12:\"edit_invoice\";i:48;s:10:\"edit_quote\";i:49;s:14:\"delete_invoice\";i:50;s:12:\"delete_quote\";i:51;s:13:\"view_invoices\";i:52;s:11:\"view_quotes\";}'),('j42jj9aho4iernnf1ne7u68v947h49v5','127.0.0.1',1531595141,'__ci_last_regenerate|i:1531595141;user_id|s:4:\"5292\";first_name|s:6:\"Jerome\";last_name|s:6:\"Bailey\";email_address|s:23:\"bailey.jerome@gmail.com\";gender_id|s:1:\"1\";department_id|s:1:\"0\";job_title_id|s:1:\"0\";dob|s:19:\"1980-01-01 00:00:00\";status_id|s:1:\"1\";user_password|s:60:\"$2y$12$UL6BVrMbPmAhK9fbWg.xyORLIydIeMJno4A7V9.A7zkKN5he4Blu2\";is_an_admin|s:1:\"1\";logged_in|i:1;encrypted_user_id|s:172:\"e99c3575510ac2dc6a944b85d1f8ea64f9409198a8dd3b9f55a7a360a2999f675f36954bd5abbe1e08bb9d087272be208111c765cc136d817cbe0ab3d2578136stAcV7rnkwekWIfpe0M4URPyl+uLrRaJfrdeFduA0hs=\";permissions|a:53:{i:0;s:13:\"view_products\";i:1;s:11:\"add_product\";i:2;s:12:\"edit_product\";i:3;s:14:\"delete_product\";i:4;s:10:\"view_forms\";i:5;s:18:\"create_requisition\";i:6;s:16:\"edit_requisition\";i:7;s:17:\"view_requisitions\";i:8;s:10:\"view_users\";i:9;s:8:\"add_user\";i:10;s:9:\"edit_user\";i:11;s:11:\"delete_user\";i:12;s:16:\"view_departments\";i:13;s:14:\"add_department\";i:14;s:15:\"edit_department\";i:15;s:17:\"delete_department\";i:16;s:15:\"view_job_titles\";i:17;s:13:\"add_job_title\";i:18;s:14:\"edit_job_title\";i:19;s:16:\"delete_job_title\";i:20;s:14:\"view_login_log\";i:21;s:14:\"view_suppliers\";i:22;s:12:\"add_supplier\";i:23;s:13:\"edit_supplier\";i:24;s:15:\"delete_supplier\";i:25;s:24:\"approve_requisition_form\";i:26;s:21:\"create_purchase_order\";i:27;s:25:\"create_flight_check_sheet\";i:28;s:13:\"add_inventory\";i:29;s:24:\"view_flight_check_sheets\";i:30;s:20:\"view_purchase_orders\";i:31;s:14:\"view_inventory\";i:32;s:22:\"approve_purchase_order\";i:33;s:21:\"delete_purchase_order\";i:34;s:25:\"delete_flight_check_sheet\";i:35;s:18:\"delete_requisition\";i:36;s:19:\"edit_purchase_order\";i:37;s:23:\"edit_flight_check_sheet\";i:38;s:20:\"dispatch_requisition\";i:39;s:14:\"create_invoice\";i:40;s:23:\"view_generated_barcodes\";i:41;s:28:\"duplicate_flight_check_sheet\";i:42;s:21:\"duplicate_requisition\";i:43;s:11:\"edit_client\";i:44;s:13:\"delete_client\";i:45;s:24:\"duplicate_purchase_order\";i:46;s:12:\"create_quote\";i:47;s:12:\"edit_invoice\";i:48;s:10:\"edit_quote\";i:49;s:14:\"delete_invoice\";i:50;s:12:\"delete_quote\";i:51;s:13:\"view_invoices\";i:52;s:11:\"view_quotes\";}'),('dusu9b1jquvpr9jmnhm7573g1rq8j1qd','127.0.0.1',1531594838,'__ci_last_regenerate|i:1531594838;user_id|s:4:\"5292\";first_name|s:6:\"Jerome\";last_name|s:6:\"Bailey\";email_address|s:23:\"bailey.jerome@gmail.com\";gender_id|s:1:\"1\";department_id|s:1:\"0\";job_title_id|s:1:\"0\";dob|s:19:\"1980-01-01 00:00:00\";status_id|s:1:\"1\";user_password|s:60:\"$2y$12$UL6BVrMbPmAhK9fbWg.xyORLIydIeMJno4A7V9.A7zkKN5he4Blu2\";is_an_admin|s:1:\"1\";logged_in|i:1;encrypted_user_id|s:172:\"e99c3575510ac2dc6a944b85d1f8ea64f9409198a8dd3b9f55a7a360a2999f675f36954bd5abbe1e08bb9d087272be208111c765cc136d817cbe0ab3d2578136stAcV7rnkwekWIfpe0M4URPyl+uLrRaJfrdeFduA0hs=\";permissions|a:53:{i:0;s:13:\"view_products\";i:1;s:11:\"add_product\";i:2;s:12:\"edit_product\";i:3;s:14:\"delete_product\";i:4;s:10:\"view_forms\";i:5;s:18:\"create_requisition\";i:6;s:16:\"edit_requisition\";i:7;s:17:\"view_requisitions\";i:8;s:10:\"view_users\";i:9;s:8:\"add_user\";i:10;s:9:\"edit_user\";i:11;s:11:\"delete_user\";i:12;s:16:\"view_departments\";i:13;s:14:\"add_department\";i:14;s:15:\"edit_department\";i:15;s:17:\"delete_department\";i:16;s:15:\"view_job_titles\";i:17;s:13:\"add_job_title\";i:18;s:14:\"edit_job_title\";i:19;s:16:\"delete_job_title\";i:20;s:14:\"view_login_log\";i:21;s:14:\"view_suppliers\";i:22;s:12:\"add_supplier\";i:23;s:13:\"edit_supplier\";i:24;s:15:\"delete_supplier\";i:25;s:24:\"approve_requisition_form\";i:26;s:21:\"create_purchase_order\";i:27;s:25:\"create_flight_check_sheet\";i:28;s:13:\"add_inventory\";i:29;s:24:\"view_flight_check_sheets\";i:30;s:20:\"view_purchase_orders\";i:31;s:14:\"view_inventory\";i:32;s:22:\"approve_purchase_order\";i:33;s:21:\"delete_purchase_order\";i:34;s:25:\"delete_flight_check_sheet\";i:35;s:18:\"delete_requisition\";i:36;s:19:\"edit_purchase_order\";i:37;s:23:\"edit_flight_check_sheet\";i:38;s:20:\"dispatch_requisition\";i:39;s:14:\"create_invoice\";i:40;s:23:\"view_generated_barcodes\";i:41;s:28:\"duplicate_flight_check_sheet\";i:42;s:21:\"duplicate_requisition\";i:43;s:11:\"edit_client\";i:44;s:13:\"delete_client\";i:45;s:24:\"duplicate_purchase_order\";i:46;s:12:\"create_quote\";i:47;s:12:\"edit_invoice\";i:48;s:10:\"edit_quote\";i:49;s:14:\"delete_invoice\";i:50;s:12:\"delete_quote\";i:51;s:13:\"view_invoices\";i:52;s:11:\"view_quotes\";}'),('st12mlns40h8ep8tb66j7tni7m2f6v94','127.0.0.1',1531594522,'__ci_last_regenerate|i:1531594522;user_id|s:4:\"5292\";first_name|s:6:\"Jerome\";last_name|s:6:\"Bailey\";email_address|s:23:\"bailey.jerome@gmail.com\";gender_id|s:1:\"1\";department_id|s:1:\"0\";job_title_id|s:1:\"0\";dob|s:19:\"1980-01-01 00:00:00\";status_id|s:1:\"1\";user_password|s:60:\"$2y$12$UL6BVrMbPmAhK9fbWg.xyORLIydIeMJno4A7V9.A7zkKN5he4Blu2\";is_an_admin|s:1:\"1\";logged_in|i:1;encrypted_user_id|s:172:\"e99c3575510ac2dc6a944b85d1f8ea64f9409198a8dd3b9f55a7a360a2999f675f36954bd5abbe1e08bb9d087272be208111c765cc136d817cbe0ab3d2578136stAcV7rnkwekWIfpe0M4URPyl+uLrRaJfrdeFduA0hs=\";permissions|a:53:{i:0;s:13:\"view_products\";i:1;s:11:\"add_product\";i:2;s:12:\"edit_product\";i:3;s:14:\"delete_product\";i:4;s:10:\"view_forms\";i:5;s:18:\"create_requisition\";i:6;s:16:\"edit_requisition\";i:7;s:17:\"view_requisitions\";i:8;s:10:\"view_users\";i:9;s:8:\"add_user\";i:10;s:9:\"edit_user\";i:11;s:11:\"delete_user\";i:12;s:16:\"view_departments\";i:13;s:14:\"add_department\";i:14;s:15:\"edit_department\";i:15;s:17:\"delete_department\";i:16;s:15:\"view_job_titles\";i:17;s:13:\"add_job_title\";i:18;s:14:\"edit_job_title\";i:19;s:16:\"delete_job_title\";i:20;s:14:\"view_login_log\";i:21;s:14:\"view_suppliers\";i:22;s:12:\"add_supplier\";i:23;s:13:\"edit_supplier\";i:24;s:15:\"delete_supplier\";i:25;s:24:\"approve_requisition_form\";i:26;s:21:\"create_purchase_order\";i:27;s:25:\"create_flight_check_sheet\";i:28;s:13:\"add_inventory\";i:29;s:24:\"view_flight_check_sheets\";i:30;s:20:\"view_purchase_orders\";i:31;s:14:\"view_inventory\";i:32;s:22:\"approve_purchase_order\";i:33;s:21:\"delete_purchase_order\";i:34;s:25:\"delete_flight_check_sheet\";i:35;s:18:\"delete_requisition\";i:36;s:19:\"edit_purchase_order\";i:37;s:23:\"edit_flight_check_sheet\";i:38;s:20:\"dispatch_requisition\";i:39;s:14:\"create_invoice\";i:40;s:23:\"view_generated_barcodes\";i:41;s:28:\"duplicate_flight_check_sheet\";i:42;s:21:\"duplicate_requisition\";i:43;s:11:\"edit_client\";i:44;s:13:\"delete_client\";i:45;s:24:\"duplicate_purchase_order\";i:46;s:12:\"create_quote\";i:47;s:12:\"edit_invoice\";i:48;s:10:\"edit_quote\";i:49;s:14:\"delete_invoice\";i:50;s:12:\"delete_quote\";i:51;s:13:\"view_invoices\";i:52;s:11:\"view_quotes\";}'),('5lvgp84pcash698661kkkr6oq3u085fg','127.0.0.1',1531594177,'__ci_last_regenerate|i:1531594177;user_id|s:4:\"5292\";first_name|s:6:\"Jerome\";last_name|s:6:\"Bailey\";email_address|s:23:\"bailey.jerome@gmail.com\";gender_id|s:1:\"1\";department_id|s:1:\"0\";job_title_id|s:1:\"0\";dob|s:19:\"1980-01-01 00:00:00\";status_id|s:1:\"1\";user_password|s:60:\"$2y$12$UL6BVrMbPmAhK9fbWg.xyORLIydIeMJno4A7V9.A7zkKN5he4Blu2\";is_an_admin|s:1:\"1\";logged_in|i:1;encrypted_user_id|s:172:\"e99c3575510ac2dc6a944b85d1f8ea64f9409198a8dd3b9f55a7a360a2999f675f36954bd5abbe1e08bb9d087272be208111c765cc136d817cbe0ab3d2578136stAcV7rnkwekWIfpe0M4URPyl+uLrRaJfrdeFduA0hs=\";permissions|a:53:{i:0;s:13:\"view_products\";i:1;s:11:\"add_product\";i:2;s:12:\"edit_product\";i:3;s:14:\"delete_product\";i:4;s:10:\"view_forms\";i:5;s:18:\"create_requisition\";i:6;s:16:\"edit_requisition\";i:7;s:17:\"view_requisitions\";i:8;s:10:\"view_users\";i:9;s:8:\"add_user\";i:10;s:9:\"edit_user\";i:11;s:11:\"delete_user\";i:12;s:16:\"view_departments\";i:13;s:14:\"add_department\";i:14;s:15:\"edit_department\";i:15;s:17:\"delete_department\";i:16;s:15:\"view_job_titles\";i:17;s:13:\"add_job_title\";i:18;s:14:\"edit_job_title\";i:19;s:16:\"delete_job_title\";i:20;s:14:\"view_login_log\";i:21;s:14:\"view_suppliers\";i:22;s:12:\"add_supplier\";i:23;s:13:\"edit_supplier\";i:24;s:15:\"delete_supplier\";i:25;s:24:\"approve_requisition_form\";i:26;s:21:\"create_purchase_order\";i:27;s:25:\"create_flight_check_sheet\";i:28;s:13:\"add_inventory\";i:29;s:24:\"view_flight_check_sheets\";i:30;s:20:\"view_purchase_orders\";i:31;s:14:\"view_inventory\";i:32;s:22:\"approve_purchase_order\";i:33;s:21:\"delete_purchase_order\";i:34;s:25:\"delete_flight_check_sheet\";i:35;s:18:\"delete_requisition\";i:36;s:19:\"edit_purchase_order\";i:37;s:23:\"edit_flight_check_sheet\";i:38;s:20:\"dispatch_requisition\";i:39;s:14:\"create_invoice\";i:40;s:23:\"view_generated_barcodes\";i:41;s:28:\"duplicate_flight_check_sheet\";i:42;s:21:\"duplicate_requisition\";i:43;s:11:\"edit_client\";i:44;s:13:\"delete_client\";i:45;s:24:\"duplicate_purchase_order\";i:46;s:12:\"create_quote\";i:47;s:12:\"edit_invoice\";i:48;s:10:\"edit_quote\";i:49;s:14:\"delete_invoice\";i:50;s:12:\"delete_quote\";i:51;s:13:\"view_invoices\";i:52;s:11:\"view_quotes\";}'),('d6j5gb35s073oh6t2rb015ncgsn85vml','127.0.0.1',1531593644,'__ci_last_regenerate|i:1531593644;user_id|s:4:\"5292\";first_name|s:6:\"Jerome\";last_name|s:6:\"Bailey\";email_address|s:23:\"bailey.jerome@gmail.com\";gender_id|s:1:\"1\";department_id|s:1:\"0\";job_title_id|s:1:\"0\";dob|s:19:\"1980-01-01 00:00:00\";status_id|s:1:\"1\";user_password|s:60:\"$2y$12$UL6BVrMbPmAhK9fbWg.xyORLIydIeMJno4A7V9.A7zkKN5he4Blu2\";is_an_admin|s:1:\"1\";logged_in|i:1;encrypted_user_id|s:172:\"e99c3575510ac2dc6a944b85d1f8ea64f9409198a8dd3b9f55a7a360a2999f675f36954bd5abbe1e08bb9d087272be208111c765cc136d817cbe0ab3d2578136stAcV7rnkwekWIfpe0M4URPyl+uLrRaJfrdeFduA0hs=\";permissions|a:53:{i:0;s:13:\"view_products\";i:1;s:11:\"add_product\";i:2;s:12:\"edit_product\";i:3;s:14:\"delete_product\";i:4;s:10:\"view_forms\";i:5;s:18:\"create_requisition\";i:6;s:16:\"edit_requisition\";i:7;s:17:\"view_requisitions\";i:8;s:10:\"view_users\";i:9;s:8:\"add_user\";i:10;s:9:\"edit_user\";i:11;s:11:\"delete_user\";i:12;s:16:\"view_departments\";i:13;s:14:\"add_department\";i:14;s:15:\"edit_department\";i:15;s:17:\"delete_department\";i:16;s:15:\"view_job_titles\";i:17;s:13:\"add_job_title\";i:18;s:14:\"edit_job_title\";i:19;s:16:\"delete_job_title\";i:20;s:14:\"view_login_log\";i:21;s:14:\"view_suppliers\";i:22;s:12:\"add_supplier\";i:23;s:13:\"edit_supplier\";i:24;s:15:\"delete_supplier\";i:25;s:24:\"approve_requisition_form\";i:26;s:21:\"create_purchase_order\";i:27;s:25:\"create_flight_check_sheet\";i:28;s:13:\"add_inventory\";i:29;s:24:\"view_flight_check_sheets\";i:30;s:20:\"view_purchase_orders\";i:31;s:14:\"view_inventory\";i:32;s:22:\"approve_purchase_order\";i:33;s:21:\"delete_purchase_order\";i:34;s:25:\"delete_flight_check_sheet\";i:35;s:18:\"delete_requisition\";i:36;s:19:\"edit_purchase_order\";i:37;s:23:\"edit_flight_check_sheet\";i:38;s:20:\"dispatch_requisition\";i:39;s:14:\"create_invoice\";i:40;s:23:\"view_generated_barcodes\";i:41;s:28:\"duplicate_flight_check_sheet\";i:42;s:21:\"duplicate_requisition\";i:43;s:11:\"edit_client\";i:44;s:13:\"delete_client\";i:45;s:24:\"duplicate_purchase_order\";i:46;s:12:\"create_quote\";i:47;s:12:\"edit_invoice\";i:48;s:10:\"edit_quote\";i:49;s:14:\"delete_invoice\";i:50;s:12:\"delete_quote\";i:51;s:13:\"view_invoices\";i:52;s:11:\"view_quotes\";}'),('ko5bpmelje3dnfj5v6sidv61qv67jcrc','127.0.0.1',1531593151,'__ci_last_regenerate|i:1531593151;user_id|s:4:\"5292\";first_name|s:6:\"Jerome\";last_name|s:6:\"Bailey\";email_address|s:23:\"bailey.jerome@gmail.com\";gender_id|s:1:\"1\";department_id|s:1:\"0\";job_title_id|s:1:\"0\";dob|s:19:\"1980-01-01 00:00:00\";status_id|s:1:\"1\";user_password|s:60:\"$2y$12$UL6BVrMbPmAhK9fbWg.xyORLIydIeMJno4A7V9.A7zkKN5he4Blu2\";is_an_admin|s:1:\"1\";logged_in|i:1;encrypted_user_id|s:172:\"e99c3575510ac2dc6a944b85d1f8ea64f9409198a8dd3b9f55a7a360a2999f675f36954bd5abbe1e08bb9d087272be208111c765cc136d817cbe0ab3d2578136stAcV7rnkwekWIfpe0M4URPyl+uLrRaJfrdeFduA0hs=\";permissions|a:53:{i:0;s:13:\"view_products\";i:1;s:11:\"add_product\";i:2;s:12:\"edit_product\";i:3;s:14:\"delete_product\";i:4;s:10:\"view_forms\";i:5;s:18:\"create_requisition\";i:6;s:16:\"edit_requisition\";i:7;s:17:\"view_requisitions\";i:8;s:10:\"view_users\";i:9;s:8:\"add_user\";i:10;s:9:\"edit_user\";i:11;s:11:\"delete_user\";i:12;s:16:\"view_departments\";i:13;s:14:\"add_department\";i:14;s:15:\"edit_department\";i:15;s:17:\"delete_department\";i:16;s:15:\"view_job_titles\";i:17;s:13:\"add_job_title\";i:18;s:14:\"edit_job_title\";i:19;s:16:\"delete_job_title\";i:20;s:14:\"view_login_log\";i:21;s:14:\"view_suppliers\";i:22;s:12:\"add_supplier\";i:23;s:13:\"edit_supplier\";i:24;s:15:\"delete_supplier\";i:25;s:24:\"approve_requisition_form\";i:26;s:21:\"create_purchase_order\";i:27;s:25:\"create_flight_check_sheet\";i:28;s:13:\"add_inventory\";i:29;s:24:\"view_flight_check_sheets\";i:30;s:20:\"view_purchase_orders\";i:31;s:14:\"view_inventory\";i:32;s:22:\"approve_purchase_order\";i:33;s:21:\"delete_purchase_order\";i:34;s:25:\"delete_flight_check_sheet\";i:35;s:18:\"delete_requisition\";i:36;s:19:\"edit_purchase_order\";i:37;s:23:\"edit_flight_check_sheet\";i:38;s:20:\"dispatch_requisition\";i:39;s:14:\"create_invoice\";i:40;s:23:\"view_generated_barcodes\";i:41;s:28:\"duplicate_flight_check_sheet\";i:42;s:21:\"duplicate_requisition\";i:43;s:11:\"edit_client\";i:44;s:13:\"delete_client\";i:45;s:24:\"duplicate_purchase_order\";i:46;s:12:\"create_quote\";i:47;s:12:\"edit_invoice\";i:48;s:10:\"edit_quote\";i:49;s:14:\"delete_invoice\";i:50;s:12:\"delete_quote\";i:51;s:13:\"view_invoices\";i:52;s:11:\"view_quotes\";}'),('c3kaos5eau0o7upop0kaer3dtjclv9bg','127.0.0.1',1531592775,'__ci_last_regenerate|i:1531592775;user_id|s:4:\"5292\";first_name|s:6:\"Jerome\";last_name|s:6:\"Bailey\";email_address|s:23:\"bailey.jerome@gmail.com\";gender_id|s:1:\"1\";department_id|s:1:\"0\";job_title_id|s:1:\"0\";dob|s:19:\"1980-01-01 00:00:00\";status_id|s:1:\"1\";user_password|s:60:\"$2y$12$UL6BVrMbPmAhK9fbWg.xyORLIydIeMJno4A7V9.A7zkKN5he4Blu2\";is_an_admin|s:1:\"1\";logged_in|i:1;encrypted_user_id|s:172:\"e99c3575510ac2dc6a944b85d1f8ea64f9409198a8dd3b9f55a7a360a2999f675f36954bd5abbe1e08bb9d087272be208111c765cc136d817cbe0ab3d2578136stAcV7rnkwekWIfpe0M4URPyl+uLrRaJfrdeFduA0hs=\";permissions|a:53:{i:0;s:13:\"view_products\";i:1;s:11:\"add_product\";i:2;s:12:\"edit_product\";i:3;s:14:\"delete_product\";i:4;s:10:\"view_forms\";i:5;s:18:\"create_requisition\";i:6;s:16:\"edit_requisition\";i:7;s:17:\"view_requisitions\";i:8;s:10:\"view_users\";i:9;s:8:\"add_user\";i:10;s:9:\"edit_user\";i:11;s:11:\"delete_user\";i:12;s:16:\"view_departments\";i:13;s:14:\"add_department\";i:14;s:15:\"edit_department\";i:15;s:17:\"delete_department\";i:16;s:15:\"view_job_titles\";i:17;s:13:\"add_job_title\";i:18;s:14:\"edit_job_title\";i:19;s:16:\"delete_job_title\";i:20;s:14:\"view_login_log\";i:21;s:14:\"view_suppliers\";i:22;s:12:\"add_supplier\";i:23;s:13:\"edit_supplier\";i:24;s:15:\"delete_supplier\";i:25;s:24:\"approve_requisition_form\";i:26;s:21:\"create_purchase_order\";i:27;s:25:\"create_flight_check_sheet\";i:28;s:13:\"add_inventory\";i:29;s:24:\"view_flight_check_sheets\";i:30;s:20:\"view_purchase_orders\";i:31;s:14:\"view_inventory\";i:32;s:22:\"approve_purchase_order\";i:33;s:21:\"delete_purchase_order\";i:34;s:25:\"delete_flight_check_sheet\";i:35;s:18:\"delete_requisition\";i:36;s:19:\"edit_purchase_order\";i:37;s:23:\"edit_flight_check_sheet\";i:38;s:20:\"dispatch_requisition\";i:39;s:14:\"create_invoice\";i:40;s:23:\"view_generated_barcodes\";i:41;s:28:\"duplicate_flight_check_sheet\";i:42;s:21:\"duplicate_requisition\";i:43;s:11:\"edit_client\";i:44;s:13:\"delete_client\";i:45;s:24:\"duplicate_purchase_order\";i:46;s:12:\"create_quote\";i:47;s:12:\"edit_invoice\";i:48;s:10:\"edit_quote\";i:49;s:14:\"delete_invoice\";i:50;s:12:\"delete_quote\";i:51;s:13:\"view_invoices\";i:52;s:11:\"view_quotes\";}'),('sjo157sln3nsaa63ntbkog313nmo22iq','127.0.0.1',1531591147,'__ci_last_regenerate|i:1531591147;user_id|s:4:\"5292\";first_name|s:6:\"Jerome\";last_name|s:6:\"Bailey\";email_address|s:23:\"bailey.jerome@gmail.com\";gender_id|s:1:\"1\";department_id|s:1:\"0\";job_title_id|s:1:\"0\";dob|s:19:\"1980-01-01 00:00:00\";status_id|s:1:\"1\";user_password|s:60:\"$2y$12$UL6BVrMbPmAhK9fbWg.xyORLIydIeMJno4A7V9.A7zkKN5he4Blu2\";is_an_admin|s:1:\"1\";logged_in|i:1;encrypted_user_id|s:172:\"e99c3575510ac2dc6a944b85d1f8ea64f9409198a8dd3b9f55a7a360a2999f675f36954bd5abbe1e08bb9d087272be208111c765cc136d817cbe0ab3d2578136stAcV7rnkwekWIfpe0M4URPyl+uLrRaJfrdeFduA0hs=\";permissions|a:53:{i:0;s:13:\"view_products\";i:1;s:11:\"add_product\";i:2;s:12:\"edit_product\";i:3;s:14:\"delete_product\";i:4;s:10:\"view_forms\";i:5;s:18:\"create_requisition\";i:6;s:16:\"edit_requisition\";i:7;s:17:\"view_requisitions\";i:8;s:10:\"view_users\";i:9;s:8:\"add_user\";i:10;s:9:\"edit_user\";i:11;s:11:\"delete_user\";i:12;s:16:\"view_departments\";i:13;s:14:\"add_department\";i:14;s:15:\"edit_department\";i:15;s:17:\"delete_department\";i:16;s:15:\"view_job_titles\";i:17;s:13:\"add_job_title\";i:18;s:14:\"edit_job_title\";i:19;s:16:\"delete_job_title\";i:20;s:14:\"view_login_log\";i:21;s:14:\"view_suppliers\";i:22;s:12:\"add_supplier\";i:23;s:13:\"edit_supplier\";i:24;s:15:\"delete_supplier\";i:25;s:24:\"approve_requisition_form\";i:26;s:21:\"create_purchase_order\";i:27;s:25:\"create_flight_check_sheet\";i:28;s:13:\"add_inventory\";i:29;s:24:\"view_flight_check_sheets\";i:30;s:20:\"view_purchase_orders\";i:31;s:14:\"view_inventory\";i:32;s:22:\"approve_purchase_order\";i:33;s:21:\"delete_purchase_order\";i:34;s:25:\"delete_flight_check_sheet\";i:35;s:18:\"delete_requisition\";i:36;s:19:\"edit_purchase_order\";i:37;s:23:\"edit_flight_check_sheet\";i:38;s:20:\"dispatch_requisition\";i:39;s:14:\"create_invoice\";i:40;s:23:\"view_generated_barcodes\";i:41;s:28:\"duplicate_flight_check_sheet\";i:42;s:21:\"duplicate_requisition\";i:43;s:11:\"edit_client\";i:44;s:13:\"delete_client\";i:45;s:24:\"duplicate_purchase_order\";i:46;s:12:\"create_quote\";i:47;s:12:\"edit_invoice\";i:48;s:10:\"edit_quote\";i:49;s:14:\"delete_invoice\";i:50;s:12:\"delete_quote\";i:51;s:13:\"view_invoices\";i:52;s:11:\"view_quotes\";}'),('gb9cb24cp7s3ak9kvdssimousrpodgdk','127.0.0.1',1531589858,'__ci_last_regenerate|i:1531589858;user_id|s:4:\"5292\";first_name|s:6:\"Jerome\";last_name|s:6:\"Bailey\";email_address|s:23:\"bailey.jerome@gmail.com\";gender_id|s:1:\"1\";department_id|s:1:\"0\";job_title_id|s:1:\"0\";dob|s:19:\"1980-01-01 00:00:00\";status_id|s:1:\"1\";user_password|s:60:\"$2y$12$UL6BVrMbPmAhK9fbWg.xyORLIydIeMJno4A7V9.A7zkKN5he4Blu2\";is_an_admin|s:1:\"1\";logged_in|i:1;encrypted_user_id|s:172:\"e99c3575510ac2dc6a944b85d1f8ea64f9409198a8dd3b9f55a7a360a2999f675f36954bd5abbe1e08bb9d087272be208111c765cc136d817cbe0ab3d2578136stAcV7rnkwekWIfpe0M4URPyl+uLrRaJfrdeFduA0hs=\";permissions|a:53:{i:0;s:13:\"view_products\";i:1;s:11:\"add_product\";i:2;s:12:\"edit_product\";i:3;s:14:\"delete_product\";i:4;s:10:\"view_forms\";i:5;s:18:\"create_requisition\";i:6;s:16:\"edit_requisition\";i:7;s:17:\"view_requisitions\";i:8;s:10:\"view_users\";i:9;s:8:\"add_user\";i:10;s:9:\"edit_user\";i:11;s:11:\"delete_user\";i:12;s:16:\"view_departments\";i:13;s:14:\"add_department\";i:14;s:15:\"edit_department\";i:15;s:17:\"delete_department\";i:16;s:15:\"view_job_titles\";i:17;s:13:\"add_job_title\";i:18;s:14:\"edit_job_title\";i:19;s:16:\"delete_job_title\";i:20;s:14:\"view_login_log\";i:21;s:14:\"view_suppliers\";i:22;s:12:\"add_supplier\";i:23;s:13:\"edit_supplier\";i:24;s:15:\"delete_supplier\";i:25;s:24:\"approve_requisition_form\";i:26;s:21:\"create_purchase_order\";i:27;s:25:\"create_flight_check_sheet\";i:28;s:13:\"add_inventory\";i:29;s:24:\"view_flight_check_sheets\";i:30;s:20:\"view_purchase_orders\";i:31;s:14:\"view_inventory\";i:32;s:22:\"approve_purchase_order\";i:33;s:21:\"delete_purchase_order\";i:34;s:25:\"delete_flight_check_sheet\";i:35;s:18:\"delete_requisition\";i:36;s:19:\"edit_purchase_order\";i:37;s:23:\"edit_flight_check_sheet\";i:38;s:20:\"dispatch_requisition\";i:39;s:14:\"create_invoice\";i:40;s:23:\"view_generated_barcodes\";i:41;s:28:\"duplicate_flight_check_sheet\";i:42;s:21:\"duplicate_requisition\";i:43;s:11:\"edit_client\";i:44;s:13:\"delete_client\";i:45;s:24:\"duplicate_purchase_order\";i:46;s:12:\"create_quote\";i:47;s:12:\"edit_invoice\";i:48;s:10:\"edit_quote\";i:49;s:14:\"delete_invoice\";i:50;s:12:\"delete_quote\";i:51;s:13:\"view_invoices\";i:52;s:11:\"view_quotes\";}'),('vbl7bhbgqlmtc4iaafou4at8qfe36elh','::1',1530891657,'__ci_last_regenerate|i:1530891569;user_id|s:4:\"5292\";first_name|s:6:\"Jerome\";last_name|s:6:\"Bailey\";email_address|s:23:\"bailey.jerome@gmail.com\";gender_id|s:1:\"1\";department_id|s:1:\"0\";job_title_id|s:1:\"0\";dob|s:19:\"1980-01-01 00:00:00\";status_id|s:1:\"1\";user_password|s:60:\"$2y$12$UL6BVrMbPmAhK9fbWg.xyORLIydIeMJno4A7V9.A7zkKN5he4Blu2\";is_an_admin|s:1:\"1\";logged_in|i:1;encrypted_user_id|s:172:\"7486e27c31a45e5e5fc207b4d8fbf2a74f01949ba141741a8fd6ca85842b1c8ec9067f31bd03b03a822201dc64097f0d1159ee08e2c71d842c92699a875fa6c0bSZAACrm8N1Cx6mSoUhw8wOwUsU2Grpc4SfK6Z+xlTQ=\";permissions|a:53:{i:0;s:13:\"view_products\";i:1;s:11:\"add_product\";i:2;s:12:\"edit_product\";i:3;s:14:\"delete_product\";i:4;s:10:\"view_forms\";i:5;s:18:\"create_requisition\";i:6;s:16:\"edit_requisition\";i:7;s:17:\"view_requisitions\";i:8;s:10:\"view_users\";i:9;s:8:\"add_user\";i:10;s:9:\"edit_user\";i:11;s:11:\"delete_user\";i:12;s:16:\"view_departments\";i:13;s:14:\"add_department\";i:14;s:15:\"edit_department\";i:15;s:17:\"delete_department\";i:16;s:15:\"view_job_titles\";i:17;s:13:\"add_job_title\";i:18;s:14:\"edit_job_title\";i:19;s:16:\"delete_job_title\";i:20;s:14:\"view_login_log\";i:21;s:14:\"view_suppliers\";i:22;s:12:\"add_supplier\";i:23;s:13:\"edit_supplier\";i:24;s:15:\"delete_supplier\";i:25;s:24:\"approve_requisition_form\";i:26;s:21:\"create_purchase_order\";i:27;s:25:\"create_flight_check_sheet\";i:28;s:13:\"add_inventory\";i:29;s:24:\"view_flight_check_sheets\";i:30;s:20:\"view_purchase_orders\";i:31;s:14:\"view_inventory\";i:32;s:22:\"approve_purchase_order\";i:33;s:21:\"delete_purchase_order\";i:34;s:25:\"delete_flight_check_sheet\";i:35;s:18:\"delete_requisition\";i:36;s:19:\"edit_purchase_order\";i:37;s:23:\"edit_flight_check_sheet\";i:38;s:20:\"dispatch_requisition\";i:39;s:14:\"create_invoice\";i:40;s:23:\"view_generated_barcodes\";i:41;s:28:\"duplicate_flight_check_sheet\";i:42;s:21:\"duplicate_requisition\";i:43;s:11:\"edit_client\";i:44;s:13:\"delete_client\";i:45;s:24:\"duplicate_purchase_order\";i:46;s:12:\"create_quote\";i:47;s:12:\"edit_invoice\";i:48;s:10:\"edit_quote\";i:49;s:14:\"delete_invoice\";i:50;s:12:\"delete_quote\";i:51;s:13:\"view_invoices\";i:52;s:11:\"view_quotes\";}'),('umpndo3t6nh462rlho2urhst33e8bonh','::1',1530891569,'__ci_last_regenerate|i:1530891569;user_id|s:4:\"5292\";first_name|s:6:\"Jerome\";last_name|s:6:\"Bailey\";email_address|s:23:\"bailey.jerome@gmail.com\";gender_id|s:1:\"1\";department_id|s:1:\"0\";job_title_id|s:1:\"0\";dob|s:19:\"1980-01-01 00:00:00\";status_id|s:1:\"1\";user_password|s:60:\"$2y$12$UL6BVrMbPmAhK9fbWg.xyORLIydIeMJno4A7V9.A7zkKN5he4Blu2\";is_an_admin|s:1:\"1\";logged_in|i:1;encrypted_user_id|s:172:\"7486e27c31a45e5e5fc207b4d8fbf2a74f01949ba141741a8fd6ca85842b1c8ec9067f31bd03b03a822201dc64097f0d1159ee08e2c71d842c92699a875fa6c0bSZAACrm8N1Cx6mSoUhw8wOwUsU2Grpc4SfK6Z+xlTQ=\";permissions|a:53:{i:0;s:13:\"view_products\";i:1;s:11:\"add_product\";i:2;s:12:\"edit_product\";i:3;s:14:\"delete_product\";i:4;s:10:\"view_forms\";i:5;s:18:\"create_requisition\";i:6;s:16:\"edit_requisition\";i:7;s:17:\"view_requisitions\";i:8;s:10:\"view_users\";i:9;s:8:\"add_user\";i:10;s:9:\"edit_user\";i:11;s:11:\"delete_user\";i:12;s:16:\"view_departments\";i:13;s:14:\"add_department\";i:14;s:15:\"edit_department\";i:15;s:17:\"delete_department\";i:16;s:15:\"view_job_titles\";i:17;s:13:\"add_job_title\";i:18;s:14:\"edit_job_title\";i:19;s:16:\"delete_job_title\";i:20;s:14:\"view_login_log\";i:21;s:14:\"view_suppliers\";i:22;s:12:\"add_supplier\";i:23;s:13:\"edit_supplier\";i:24;s:15:\"delete_supplier\";i:25;s:24:\"approve_requisition_form\";i:26;s:21:\"create_purchase_order\";i:27;s:25:\"create_flight_check_sheet\";i:28;s:13:\"add_inventory\";i:29;s:24:\"view_flight_check_sheets\";i:30;s:20:\"view_purchase_orders\";i:31;s:14:\"view_inventory\";i:32;s:22:\"approve_purchase_order\";i:33;s:21:\"delete_purchase_order\";i:34;s:25:\"delete_flight_check_sheet\";i:35;s:18:\"delete_requisition\";i:36;s:19:\"edit_purchase_order\";i:37;s:23:\"edit_flight_check_sheet\";i:38;s:20:\"dispatch_requisition\";i:39;s:14:\"create_invoice\";i:40;s:23:\"view_generated_barcodes\";i:41;s:28:\"duplicate_flight_check_sheet\";i:42;s:21:\"duplicate_requisition\";i:43;s:11:\"edit_client\";i:44;s:13:\"delete_client\";i:45;s:24:\"duplicate_purchase_order\";i:46;s:12:\"create_quote\";i:47;s:12:\"edit_invoice\";i:48;s:10:\"edit_quote\";i:49;s:14:\"delete_invoice\";i:50;s:12:\"delete_quote\";i:51;s:13:\"view_invoices\";i:52;s:11:\"view_quotes\";}'),('ucqg4bi59d6btb37jcjj8rbpstpfcen5','::1',1530853638,'__ci_last_regenerate|i:1530853625;user_id|s:4:\"5292\";first_name|s:6:\"Jerome\";last_name|s:6:\"Bailey\";email_address|s:23:\"bailey.jerome@gmail.com\";gender_id|s:1:\"1\";department_id|s:1:\"0\";job_title_id|s:1:\"0\";dob|s:19:\"1980-01-01 00:00:00\";status_id|s:1:\"1\";user_password|s:60:\"$2y$12$UL6BVrMbPmAhK9fbWg.xyORLIydIeMJno4A7V9.A7zkKN5he4Blu2\";is_an_admin|s:1:\"1\";logged_in|i:1;encrypted_user_id|s:172:\"1957cf979926e253cf88a9397523769927802ecfdbe60b8d4f8afd1cd2501c2f9f534c10784ea437b3b51f6306af229318bfb20649dda8527316b4f4f8f2a057DYHchC0HEnYZaiG7WdJw6xFvYfJX8ytys6Q4Cy2/1VA=\";permissions|a:53:{i:0;s:13:\"view_products\";i:1;s:11:\"add_product\";i:2;s:12:\"edit_product\";i:3;s:14:\"delete_product\";i:4;s:10:\"view_forms\";i:5;s:18:\"create_requisition\";i:6;s:16:\"edit_requisition\";i:7;s:17:\"view_requisitions\";i:8;s:10:\"view_users\";i:9;s:8:\"add_user\";i:10;s:9:\"edit_user\";i:11;s:11:\"delete_user\";i:12;s:16:\"view_departments\";i:13;s:14:\"add_department\";i:14;s:15:\"edit_department\";i:15;s:17:\"delete_department\";i:16;s:15:\"view_job_titles\";i:17;s:13:\"add_job_title\";i:18;s:14:\"edit_job_title\";i:19;s:16:\"delete_job_title\";i:20;s:14:\"view_login_log\";i:21;s:14:\"view_suppliers\";i:22;s:12:\"add_supplier\";i:23;s:13:\"edit_supplier\";i:24;s:15:\"delete_supplier\";i:25;s:24:\"approve_requisition_form\";i:26;s:21:\"create_purchase_order\";i:27;s:25:\"create_flight_check_sheet\";i:28;s:13:\"add_inventory\";i:29;s:24:\"view_flight_check_sheets\";i:30;s:20:\"view_purchase_orders\";i:31;s:14:\"view_inventory\";i:32;s:22:\"approve_purchase_order\";i:33;s:21:\"delete_purchase_order\";i:34;s:25:\"delete_flight_check_sheet\";i:35;s:18:\"delete_requisition\";i:36;s:19:\"edit_purchase_order\";i:37;s:23:\"edit_flight_check_sheet\";i:38;s:20:\"dispatch_requisition\";i:39;s:14:\"create_invoice\";i:40;s:23:\"view_generated_barcodes\";i:41;s:28:\"duplicate_flight_check_sheet\";i:42;s:21:\"duplicate_requisition\";i:43;s:11:\"edit_client\";i:44;s:13:\"delete_client\";i:45;s:24:\"duplicate_purchase_order\";i:46;s:12:\"create_quote\";i:47;s:12:\"edit_invoice\";i:48;s:10:\"edit_quote\";i:49;s:14:\"delete_invoice\";i:50;s:12:\"delete_quote\";i:51;s:13:\"view_invoices\";i:52;s:11:\"view_quotes\";}'),('hp3ko14c2kmdc26b2e6choptofj2bj1d','::1',1530853625,'__ci_last_regenerate|i:1530853625;user_id|s:4:\"5292\";first_name|s:6:\"Jerome\";last_name|s:6:\"Bailey\";email_address|s:23:\"bailey.jerome@gmail.com\";gender_id|s:1:\"1\";department_id|s:1:\"0\";job_title_id|s:1:\"0\";dob|s:19:\"1980-01-01 00:00:00\";status_id|s:1:\"1\";user_password|s:60:\"$2y$12$UL6BVrMbPmAhK9fbWg.xyORLIydIeMJno4A7V9.A7zkKN5he4Blu2\";is_an_admin|s:1:\"1\";logged_in|i:1;encrypted_user_id|s:172:\"1957cf979926e253cf88a9397523769927802ecfdbe60b8d4f8afd1cd2501c2f9f534c10784ea437b3b51f6306af229318bfb20649dda8527316b4f4f8f2a057DYHchC0HEnYZaiG7WdJw6xFvYfJX8ytys6Q4Cy2/1VA=\";permissions|a:53:{i:0;s:13:\"view_products\";i:1;s:11:\"add_product\";i:2;s:12:\"edit_product\";i:3;s:14:\"delete_product\";i:4;s:10:\"view_forms\";i:5;s:18:\"create_requisition\";i:6;s:16:\"edit_requisition\";i:7;s:17:\"view_requisitions\";i:8;s:10:\"view_users\";i:9;s:8:\"add_user\";i:10;s:9:\"edit_user\";i:11;s:11:\"delete_user\";i:12;s:16:\"view_departments\";i:13;s:14:\"add_department\";i:14;s:15:\"edit_department\";i:15;s:17:\"delete_department\";i:16;s:15:\"view_job_titles\";i:17;s:13:\"add_job_title\";i:18;s:14:\"edit_job_title\";i:19;s:16:\"delete_job_title\";i:20;s:14:\"view_login_log\";i:21;s:14:\"view_suppliers\";i:22;s:12:\"add_supplier\";i:23;s:13:\"edit_supplier\";i:24;s:15:\"delete_supplier\";i:25;s:24:\"approve_requisition_form\";i:26;s:21:\"create_purchase_order\";i:27;s:25:\"create_flight_check_sheet\";i:28;s:13:\"add_inventory\";i:29;s:24:\"view_flight_check_sheets\";i:30;s:20:\"view_purchase_orders\";i:31;s:14:\"view_inventory\";i:32;s:22:\"approve_purchase_order\";i:33;s:21:\"delete_purchase_order\";i:34;s:25:\"delete_flight_check_sheet\";i:35;s:18:\"delete_requisition\";i:36;s:19:\"edit_purchase_order\";i:37;s:23:\"edit_flight_check_sheet\";i:38;s:20:\"dispatch_requisition\";i:39;s:14:\"create_invoice\";i:40;s:23:\"view_generated_barcodes\";i:41;s:28:\"duplicate_flight_check_sheet\";i:42;s:21:\"duplicate_requisition\";i:43;s:11:\"edit_client\";i:44;s:13:\"delete_client\";i:45;s:24:\"duplicate_purchase_order\";i:46;s:12:\"create_quote\";i:47;s:12:\"edit_invoice\";i:48;s:10:\"edit_quote\";i:49;s:14:\"delete_invoice\";i:50;s:12:\"delete_quote\";i:51;s:13:\"view_invoices\";i:52;s:11:\"view_quotes\";}'),('876md4ncj0a4jkhlpi7tafe351hi5gba','::1',1530853273,'__ci_last_regenerate|i:1530853273;user_id|s:4:\"5292\";first_name|s:6:\"Jerome\";last_name|s:6:\"Bailey\";email_address|s:23:\"bailey.jerome@gmail.com\";gender_id|s:1:\"1\";department_id|s:1:\"0\";job_title_id|s:1:\"0\";dob|s:19:\"1980-01-01 00:00:00\";status_id|s:1:\"1\";user_password|s:60:\"$2y$12$UL6BVrMbPmAhK9fbWg.xyORLIydIeMJno4A7V9.A7zkKN5he4Blu2\";is_an_admin|s:1:\"1\";logged_in|i:1;encrypted_user_id|s:172:\"1957cf979926e253cf88a9397523769927802ecfdbe60b8d4f8afd1cd2501c2f9f534c10784ea437b3b51f6306af229318bfb20649dda8527316b4f4f8f2a057DYHchC0HEnYZaiG7WdJw6xFvYfJX8ytys6Q4Cy2/1VA=\";permissions|a:53:{i:0;s:13:\"view_products\";i:1;s:11:\"add_product\";i:2;s:12:\"edit_product\";i:3;s:14:\"delete_product\";i:4;s:10:\"view_forms\";i:5;s:18:\"create_requisition\";i:6;s:16:\"edit_requisition\";i:7;s:17:\"view_requisitions\";i:8;s:10:\"view_users\";i:9;s:8:\"add_user\";i:10;s:9:\"edit_user\";i:11;s:11:\"delete_user\";i:12;s:16:\"view_departments\";i:13;s:14:\"add_department\";i:14;s:15:\"edit_department\";i:15;s:17:\"delete_department\";i:16;s:15:\"view_job_titles\";i:17;s:13:\"add_job_title\";i:18;s:14:\"edit_job_title\";i:19;s:16:\"delete_job_title\";i:20;s:14:\"view_login_log\";i:21;s:14:\"view_suppliers\";i:22;s:12:\"add_supplier\";i:23;s:13:\"edit_supplier\";i:24;s:15:\"delete_supplier\";i:25;s:24:\"approve_requisition_form\";i:26;s:21:\"create_purchase_order\";i:27;s:25:\"create_flight_check_sheet\";i:28;s:13:\"add_inventory\";i:29;s:24:\"view_flight_check_sheets\";i:30;s:20:\"view_purchase_orders\";i:31;s:14:\"view_inventory\";i:32;s:22:\"approve_purchase_order\";i:33;s:21:\"delete_purchase_order\";i:34;s:25:\"delete_flight_check_sheet\";i:35;s:18:\"delete_requisition\";i:36;s:19:\"edit_purchase_order\";i:37;s:23:\"edit_flight_check_sheet\";i:38;s:20:\"dispatch_requisition\";i:39;s:14:\"create_invoice\";i:40;s:23:\"view_generated_barcodes\";i:41;s:28:\"duplicate_flight_check_sheet\";i:42;s:21:\"duplicate_requisition\";i:43;s:11:\"edit_client\";i:44;s:13:\"delete_client\";i:45;s:24:\"duplicate_purchase_order\";i:46;s:12:\"create_quote\";i:47;s:12:\"edit_invoice\";i:48;s:10:\"edit_quote\";i:49;s:14:\"delete_invoice\";i:50;s:12:\"delete_quote\";i:51;s:13:\"view_invoices\";i:52;s:11:\"view_quotes\";}'),('4cj54uroj1494198kmjiohkr65rcofto','::1',1530852711,'__ci_last_regenerate|i:1530852711;user_id|s:4:\"5292\";first_name|s:6:\"Jerome\";last_name|s:6:\"Bailey\";email_address|s:23:\"bailey.jerome@gmail.com\";gender_id|s:1:\"1\";department_id|s:1:\"0\";job_title_id|s:1:\"0\";dob|s:19:\"1980-01-01 00:00:00\";status_id|s:1:\"1\";user_password|s:60:\"$2y$12$UL6BVrMbPmAhK9fbWg.xyORLIydIeMJno4A7V9.A7zkKN5he4Blu2\";is_an_admin|s:1:\"1\";logged_in|i:1;encrypted_user_id|s:172:\"1957cf979926e253cf88a9397523769927802ecfdbe60b8d4f8afd1cd2501c2f9f534c10784ea437b3b51f6306af229318bfb20649dda8527316b4f4f8f2a057DYHchC0HEnYZaiG7WdJw6xFvYfJX8ytys6Q4Cy2/1VA=\";permissions|a:53:{i:0;s:13:\"view_products\";i:1;s:11:\"add_product\";i:2;s:12:\"edit_product\";i:3;s:14:\"delete_product\";i:4;s:10:\"view_forms\";i:5;s:18:\"create_requisition\";i:6;s:16:\"edit_requisition\";i:7;s:17:\"view_requisitions\";i:8;s:10:\"view_users\";i:9;s:8:\"add_user\";i:10;s:9:\"edit_user\";i:11;s:11:\"delete_user\";i:12;s:16:\"view_departments\";i:13;s:14:\"add_department\";i:14;s:15:\"edit_department\";i:15;s:17:\"delete_department\";i:16;s:15:\"view_job_titles\";i:17;s:13:\"add_job_title\";i:18;s:14:\"edit_job_title\";i:19;s:16:\"delete_job_title\";i:20;s:14:\"view_login_log\";i:21;s:14:\"view_suppliers\";i:22;s:12:\"add_supplier\";i:23;s:13:\"edit_supplier\";i:24;s:15:\"delete_supplier\";i:25;s:24:\"approve_requisition_form\";i:26;s:21:\"create_purchase_order\";i:27;s:25:\"create_flight_check_sheet\";i:28;s:13:\"add_inventory\";i:29;s:24:\"view_flight_check_sheets\";i:30;s:20:\"view_purchase_orders\";i:31;s:14:\"view_inventory\";i:32;s:22:\"approve_purchase_order\";i:33;s:21:\"delete_purchase_order\";i:34;s:25:\"delete_flight_check_sheet\";i:35;s:18:\"delete_requisition\";i:36;s:19:\"edit_purchase_order\";i:37;s:23:\"edit_flight_check_sheet\";i:38;s:20:\"dispatch_requisition\";i:39;s:14:\"create_invoice\";i:40;s:23:\"view_generated_barcodes\";i:41;s:28:\"duplicate_flight_check_sheet\";i:42;s:21:\"duplicate_requisition\";i:43;s:11:\"edit_client\";i:44;s:13:\"delete_client\";i:45;s:24:\"duplicate_purchase_order\";i:46;s:12:\"create_quote\";i:47;s:12:\"edit_invoice\";i:48;s:10:\"edit_quote\";i:49;s:14:\"delete_invoice\";i:50;s:12:\"delete_quote\";i:51;s:13:\"view_invoices\";i:52;s:11:\"view_quotes\";}status_message|s:43:\"Your Invoice has been created successfully!\";status_code|s:7:\"success\";'),('781vq83qr81n9msskci628birnc6km5j','::1',1530852368,'__ci_last_regenerate|i:1530852368;user_id|s:4:\"5292\";first_name|s:6:\"Jerome\";last_name|s:6:\"Bailey\";email_address|s:23:\"bailey.jerome@gmail.com\";gender_id|s:1:\"1\";department_id|s:1:\"0\";job_title_id|s:1:\"0\";dob|s:19:\"1980-01-01 00:00:00\";status_id|s:1:\"1\";user_password|s:60:\"$2y$12$UL6BVrMbPmAhK9fbWg.xyORLIydIeMJno4A7V9.A7zkKN5he4Blu2\";is_an_admin|s:1:\"1\";logged_in|i:1;encrypted_user_id|s:172:\"1957cf979926e253cf88a9397523769927802ecfdbe60b8d4f8afd1cd2501c2f9f534c10784ea437b3b51f6306af229318bfb20649dda8527316b4f4f8f2a057DYHchC0HEnYZaiG7WdJw6xFvYfJX8ytys6Q4Cy2/1VA=\";permissions|a:53:{i:0;s:13:\"view_products\";i:1;s:11:\"add_product\";i:2;s:12:\"edit_product\";i:3;s:14:\"delete_product\";i:4;s:10:\"view_forms\";i:5;s:18:\"create_requisition\";i:6;s:16:\"edit_requisition\";i:7;s:17:\"view_requisitions\";i:8;s:10:\"view_users\";i:9;s:8:\"add_user\";i:10;s:9:\"edit_user\";i:11;s:11:\"delete_user\";i:12;s:16:\"view_departments\";i:13;s:14:\"add_department\";i:14;s:15:\"edit_department\";i:15;s:17:\"delete_department\";i:16;s:15:\"view_job_titles\";i:17;s:13:\"add_job_title\";i:18;s:14:\"edit_job_title\";i:19;s:16:\"delete_job_title\";i:20;s:14:\"view_login_log\";i:21;s:14:\"view_suppliers\";i:22;s:12:\"add_supplier\";i:23;s:13:\"edit_supplier\";i:24;s:15:\"delete_supplier\";i:25;s:24:\"approve_requisition_form\";i:26;s:21:\"create_purchase_order\";i:27;s:25:\"create_flight_check_sheet\";i:28;s:13:\"add_inventory\";i:29;s:24:\"view_flight_check_sheets\";i:30;s:20:\"view_purchase_orders\";i:31;s:14:\"view_inventory\";i:32;s:22:\"approve_purchase_order\";i:33;s:21:\"delete_purchase_order\";i:34;s:25:\"delete_flight_check_sheet\";i:35;s:18:\"delete_requisition\";i:36;s:19:\"edit_purchase_order\";i:37;s:23:\"edit_flight_check_sheet\";i:38;s:20:\"dispatch_requisition\";i:39;s:14:\"create_invoice\";i:40;s:23:\"view_generated_barcodes\";i:41;s:28:\"duplicate_flight_check_sheet\";i:42;s:21:\"duplicate_requisition\";i:43;s:11:\"edit_client\";i:44;s:13:\"delete_client\";i:45;s:24:\"duplicate_purchase_order\";i:46;s:12:\"create_quote\";i:47;s:12:\"edit_invoice\";i:48;s:10:\"edit_quote\";i:49;s:14:\"delete_invoice\";i:50;s:12:\"delete_quote\";i:51;s:13:\"view_invoices\";i:52;s:11:\"view_quotes\";}'),('t9comgqll24ndr8miu8phvcj920ajbpm','::1',1530851933,'__ci_last_regenerate|i:1530851933;user_id|s:4:\"5292\";first_name|s:6:\"Jerome\";last_name|s:6:\"Bailey\";email_address|s:23:\"bailey.jerome@gmail.com\";gender_id|s:1:\"1\";department_id|s:1:\"0\";job_title_id|s:1:\"0\";dob|s:19:\"1980-01-01 00:00:00\";status_id|s:1:\"1\";user_password|s:60:\"$2y$12$UL6BVrMbPmAhK9fbWg.xyORLIydIeMJno4A7V9.A7zkKN5he4Blu2\";is_an_admin|s:1:\"1\";logged_in|i:1;encrypted_user_id|s:172:\"1957cf979926e253cf88a9397523769927802ecfdbe60b8d4f8afd1cd2501c2f9f534c10784ea437b3b51f6306af229318bfb20649dda8527316b4f4f8f2a057DYHchC0HEnYZaiG7WdJw6xFvYfJX8ytys6Q4Cy2/1VA=\";permissions|a:53:{i:0;s:13:\"view_products\";i:1;s:11:\"add_product\";i:2;s:12:\"edit_product\";i:3;s:14:\"delete_product\";i:4;s:10:\"view_forms\";i:5;s:18:\"create_requisition\";i:6;s:16:\"edit_requisition\";i:7;s:17:\"view_requisitions\";i:8;s:10:\"view_users\";i:9;s:8:\"add_user\";i:10;s:9:\"edit_user\";i:11;s:11:\"delete_user\";i:12;s:16:\"view_departments\";i:13;s:14:\"add_department\";i:14;s:15:\"edit_department\";i:15;s:17:\"delete_department\";i:16;s:15:\"view_job_titles\";i:17;s:13:\"add_job_title\";i:18;s:14:\"edit_job_title\";i:19;s:16:\"delete_job_title\";i:20;s:14:\"view_login_log\";i:21;s:14:\"view_suppliers\";i:22;s:12:\"add_supplier\";i:23;s:13:\"edit_supplier\";i:24;s:15:\"delete_supplier\";i:25;s:24:\"approve_requisition_form\";i:26;s:21:\"create_purchase_order\";i:27;s:25:\"create_flight_check_sheet\";i:28;s:13:\"add_inventory\";i:29;s:24:\"view_flight_check_sheets\";i:30;s:20:\"view_purchase_orders\";i:31;s:14:\"view_inventory\";i:32;s:22:\"approve_purchase_order\";i:33;s:21:\"delete_purchase_order\";i:34;s:25:\"delete_flight_check_sheet\";i:35;s:18:\"delete_requisition\";i:36;s:19:\"edit_purchase_order\";i:37;s:23:\"edit_flight_check_sheet\";i:38;s:20:\"dispatch_requisition\";i:39;s:14:\"create_invoice\";i:40;s:23:\"view_generated_barcodes\";i:41;s:28:\"duplicate_flight_check_sheet\";i:42;s:21:\"duplicate_requisition\";i:43;s:11:\"edit_client\";i:44;s:13:\"delete_client\";i:45;s:24:\"duplicate_purchase_order\";i:46;s:12:\"create_quote\";i:47;s:12:\"edit_invoice\";i:48;s:10:\"edit_quote\";i:49;s:14:\"delete_invoice\";i:50;s:12:\"delete_quote\";i:51;s:13:\"view_invoices\";i:52;s:11:\"view_quotes\";}'),('c6ierpnvhdpdfg00noq3iq5knkeop0m7','::1',1530848667,'__ci_last_regenerate|i:1530848667;user_id|s:4:\"5292\";first_name|s:6:\"Jerome\";last_name|s:6:\"Bailey\";email_address|s:23:\"bailey.jerome@gmail.com\";gender_id|s:1:\"1\";department_id|s:1:\"0\";job_title_id|s:1:\"0\";dob|s:19:\"1980-01-01 00:00:00\";status_id|s:1:\"1\";user_password|s:60:\"$2y$12$UL6BVrMbPmAhK9fbWg.xyORLIydIeMJno4A7V9.A7zkKN5he4Blu2\";is_an_admin|s:1:\"1\";logged_in|i:1;encrypted_user_id|s:172:\"1957cf979926e253cf88a9397523769927802ecfdbe60b8d4f8afd1cd2501c2f9f534c10784ea437b3b51f6306af229318bfb20649dda8527316b4f4f8f2a057DYHchC0HEnYZaiG7WdJw6xFvYfJX8ytys6Q4Cy2/1VA=\";permissions|a:53:{i:0;s:13:\"view_products\";i:1;s:11:\"add_product\";i:2;s:12:\"edit_product\";i:3;s:14:\"delete_product\";i:4;s:10:\"view_forms\";i:5;s:18:\"create_requisition\";i:6;s:16:\"edit_requisition\";i:7;s:17:\"view_requisitions\";i:8;s:10:\"view_users\";i:9;s:8:\"add_user\";i:10;s:9:\"edit_user\";i:11;s:11:\"delete_user\";i:12;s:16:\"view_departments\";i:13;s:14:\"add_department\";i:14;s:15:\"edit_department\";i:15;s:17:\"delete_department\";i:16;s:15:\"view_job_titles\";i:17;s:13:\"add_job_title\";i:18;s:14:\"edit_job_title\";i:19;s:16:\"delete_job_title\";i:20;s:14:\"view_login_log\";i:21;s:14:\"view_suppliers\";i:22;s:12:\"add_supplier\";i:23;s:13:\"edit_supplier\";i:24;s:15:\"delete_supplier\";i:25;s:24:\"approve_requisition_form\";i:26;s:21:\"create_purchase_order\";i:27;s:25:\"create_flight_check_sheet\";i:28;s:13:\"add_inventory\";i:29;s:24:\"view_flight_check_sheets\";i:30;s:20:\"view_purchase_orders\";i:31;s:14:\"view_inventory\";i:32;s:22:\"approve_purchase_order\";i:33;s:21:\"delete_purchase_order\";i:34;s:25:\"delete_flight_check_sheet\";i:35;s:18:\"delete_requisition\";i:36;s:19:\"edit_purchase_order\";i:37;s:23:\"edit_flight_check_sheet\";i:38;s:20:\"dispatch_requisition\";i:39;s:14:\"create_invoice\";i:40;s:23:\"view_generated_barcodes\";i:41;s:28:\"duplicate_flight_check_sheet\";i:42;s:21:\"duplicate_requisition\";i:43;s:11:\"edit_client\";i:44;s:13:\"delete_client\";i:45;s:24:\"duplicate_purchase_order\";i:46;s:12:\"create_quote\";i:47;s:12:\"edit_invoice\";i:48;s:10:\"edit_quote\";i:49;s:14:\"delete_invoice\";i:50;s:12:\"delete_quote\";i:51;s:13:\"view_invoices\";i:52;s:11:\"view_quotes\";}'),('u5sics311h1f6gghvecr6fgnvuditrgr','::1',1530849074,'__ci_last_regenerate|i:1530849074;user_id|s:4:\"5292\";first_name|s:6:\"Jerome\";last_name|s:6:\"Bailey\";email_address|s:23:\"bailey.jerome@gmail.com\";gender_id|s:1:\"1\";department_id|s:1:\"0\";job_title_id|s:1:\"0\";dob|s:19:\"1980-01-01 00:00:00\";status_id|s:1:\"1\";user_password|s:60:\"$2y$12$UL6BVrMbPmAhK9fbWg.xyORLIydIeMJno4A7V9.A7zkKN5he4Blu2\";is_an_admin|s:1:\"1\";logged_in|i:1;encrypted_user_id|s:172:\"1957cf979926e253cf88a9397523769927802ecfdbe60b8d4f8afd1cd2501c2f9f534c10784ea437b3b51f6306af229318bfb20649dda8527316b4f4f8f2a057DYHchC0HEnYZaiG7WdJw6xFvYfJX8ytys6Q4Cy2/1VA=\";permissions|a:53:{i:0;s:13:\"view_products\";i:1;s:11:\"add_product\";i:2;s:12:\"edit_product\";i:3;s:14:\"delete_product\";i:4;s:10:\"view_forms\";i:5;s:18:\"create_requisition\";i:6;s:16:\"edit_requisition\";i:7;s:17:\"view_requisitions\";i:8;s:10:\"view_users\";i:9;s:8:\"add_user\";i:10;s:9:\"edit_user\";i:11;s:11:\"delete_user\";i:12;s:16:\"view_departments\";i:13;s:14:\"add_department\";i:14;s:15:\"edit_department\";i:15;s:17:\"delete_department\";i:16;s:15:\"view_job_titles\";i:17;s:13:\"add_job_title\";i:18;s:14:\"edit_job_title\";i:19;s:16:\"delete_job_title\";i:20;s:14:\"view_login_log\";i:21;s:14:\"view_suppliers\";i:22;s:12:\"add_supplier\";i:23;s:13:\"edit_supplier\";i:24;s:15:\"delete_supplier\";i:25;s:24:\"approve_requisition_form\";i:26;s:21:\"create_purchase_order\";i:27;s:25:\"create_flight_check_sheet\";i:28;s:13:\"add_inventory\";i:29;s:24:\"view_flight_check_sheets\";i:30;s:20:\"view_purchase_orders\";i:31;s:14:\"view_inventory\";i:32;s:22:\"approve_purchase_order\";i:33;s:21:\"delete_purchase_order\";i:34;s:25:\"delete_flight_check_sheet\";i:35;s:18:\"delete_requisition\";i:36;s:19:\"edit_purchase_order\";i:37;s:23:\"edit_flight_check_sheet\";i:38;s:20:\"dispatch_requisition\";i:39;s:14:\"create_invoice\";i:40;s:23:\"view_generated_barcodes\";i:41;s:28:\"duplicate_flight_check_sheet\";i:42;s:21:\"duplicate_requisition\";i:43;s:11:\"edit_client\";i:44;s:13:\"delete_client\";i:45;s:24:\"duplicate_purchase_order\";i:46;s:12:\"create_quote\";i:47;s:12:\"edit_invoice\";i:48;s:10:\"edit_quote\";i:49;s:14:\"delete_invoice\";i:50;s:12:\"delete_quote\";i:51;s:13:\"view_invoices\";i:52;s:11:\"view_quotes\";}'),('25c3bh56bs32ra4od45lipvniv7v0jpr','::1',1530849403,'__ci_last_regenerate|i:1530849403;user_id|s:4:\"5292\";first_name|s:6:\"Jerome\";last_name|s:6:\"Bailey\";email_address|s:23:\"bailey.jerome@gmail.com\";gender_id|s:1:\"1\";department_id|s:1:\"0\";job_title_id|s:1:\"0\";dob|s:19:\"1980-01-01 00:00:00\";status_id|s:1:\"1\";user_password|s:60:\"$2y$12$UL6BVrMbPmAhK9fbWg.xyORLIydIeMJno4A7V9.A7zkKN5he4Blu2\";is_an_admin|s:1:\"1\";logged_in|i:1;encrypted_user_id|s:172:\"1957cf979926e253cf88a9397523769927802ecfdbe60b8d4f8afd1cd2501c2f9f534c10784ea437b3b51f6306af229318bfb20649dda8527316b4f4f8f2a057DYHchC0HEnYZaiG7WdJw6xFvYfJX8ytys6Q4Cy2/1VA=\";permissions|a:53:{i:0;s:13:\"view_products\";i:1;s:11:\"add_product\";i:2;s:12:\"edit_product\";i:3;s:14:\"delete_product\";i:4;s:10:\"view_forms\";i:5;s:18:\"create_requisition\";i:6;s:16:\"edit_requisition\";i:7;s:17:\"view_requisitions\";i:8;s:10:\"view_users\";i:9;s:8:\"add_user\";i:10;s:9:\"edit_user\";i:11;s:11:\"delete_user\";i:12;s:16:\"view_departments\";i:13;s:14:\"add_department\";i:14;s:15:\"edit_department\";i:15;s:17:\"delete_department\";i:16;s:15:\"view_job_titles\";i:17;s:13:\"add_job_title\";i:18;s:14:\"edit_job_title\";i:19;s:16:\"delete_job_title\";i:20;s:14:\"view_login_log\";i:21;s:14:\"view_suppliers\";i:22;s:12:\"add_supplier\";i:23;s:13:\"edit_supplier\";i:24;s:15:\"delete_supplier\";i:25;s:24:\"approve_requisition_form\";i:26;s:21:\"create_purchase_order\";i:27;s:25:\"create_flight_check_sheet\";i:28;s:13:\"add_inventory\";i:29;s:24:\"view_flight_check_sheets\";i:30;s:20:\"view_purchase_orders\";i:31;s:14:\"view_inventory\";i:32;s:22:\"approve_purchase_order\";i:33;s:21:\"delete_purchase_order\";i:34;s:25:\"delete_flight_check_sheet\";i:35;s:18:\"delete_requisition\";i:36;s:19:\"edit_purchase_order\";i:37;s:23:\"edit_flight_check_sheet\";i:38;s:20:\"dispatch_requisition\";i:39;s:14:\"create_invoice\";i:40;s:23:\"view_generated_barcodes\";i:41;s:28:\"duplicate_flight_check_sheet\";i:42;s:21:\"duplicate_requisition\";i:43;s:11:\"edit_client\";i:44;s:13:\"delete_client\";i:45;s:24:\"duplicate_purchase_order\";i:46;s:12:\"create_quote\";i:47;s:12:\"edit_invoice\";i:48;s:10:\"edit_quote\";i:49;s:14:\"delete_invoice\";i:50;s:12:\"delete_quote\";i:51;s:13:\"view_invoices\";i:52;s:11:\"view_quotes\";}'),('sdadpnmk156a85l2pafeqb1f8gd8p1n2','::1',1530850726,'__ci_last_regenerate|i:1530850726;user_id|s:4:\"5292\";first_name|s:6:\"Jerome\";last_name|s:6:\"Bailey\";email_address|s:23:\"bailey.jerome@gmail.com\";gender_id|s:1:\"1\";department_id|s:1:\"0\";job_title_id|s:1:\"0\";dob|s:19:\"1980-01-01 00:00:00\";status_id|s:1:\"1\";user_password|s:60:\"$2y$12$UL6BVrMbPmAhK9fbWg.xyORLIydIeMJno4A7V9.A7zkKN5he4Blu2\";is_an_admin|s:1:\"1\";logged_in|i:1;encrypted_user_id|s:172:\"1957cf979926e253cf88a9397523769927802ecfdbe60b8d4f8afd1cd2501c2f9f534c10784ea437b3b51f6306af229318bfb20649dda8527316b4f4f8f2a057DYHchC0HEnYZaiG7WdJw6xFvYfJX8ytys6Q4Cy2/1VA=\";permissions|a:53:{i:0;s:13:\"view_products\";i:1;s:11:\"add_product\";i:2;s:12:\"edit_product\";i:3;s:14:\"delete_product\";i:4;s:10:\"view_forms\";i:5;s:18:\"create_requisition\";i:6;s:16:\"edit_requisition\";i:7;s:17:\"view_requisitions\";i:8;s:10:\"view_users\";i:9;s:8:\"add_user\";i:10;s:9:\"edit_user\";i:11;s:11:\"delete_user\";i:12;s:16:\"view_departments\";i:13;s:14:\"add_department\";i:14;s:15:\"edit_department\";i:15;s:17:\"delete_department\";i:16;s:15:\"view_job_titles\";i:17;s:13:\"add_job_title\";i:18;s:14:\"edit_job_title\";i:19;s:16:\"delete_job_title\";i:20;s:14:\"view_login_log\";i:21;s:14:\"view_suppliers\";i:22;s:12:\"add_supplier\";i:23;s:13:\"edit_supplier\";i:24;s:15:\"delete_supplier\";i:25;s:24:\"approve_requisition_form\";i:26;s:21:\"create_purchase_order\";i:27;s:25:\"create_flight_check_sheet\";i:28;s:13:\"add_inventory\";i:29;s:24:\"view_flight_check_sheets\";i:30;s:20:\"view_purchase_orders\";i:31;s:14:\"view_inventory\";i:32;s:22:\"approve_purchase_order\";i:33;s:21:\"delete_purchase_order\";i:34;s:25:\"delete_flight_check_sheet\";i:35;s:18:\"delete_requisition\";i:36;s:19:\"edit_purchase_order\";i:37;s:23:\"edit_flight_check_sheet\";i:38;s:20:\"dispatch_requisition\";i:39;s:14:\"create_invoice\";i:40;s:23:\"view_generated_barcodes\";i:41;s:28:\"duplicate_flight_check_sheet\";i:42;s:21:\"duplicate_requisition\";i:43;s:11:\"edit_client\";i:44;s:13:\"delete_client\";i:45;s:24:\"duplicate_purchase_order\";i:46;s:12:\"create_quote\";i:47;s:12:\"edit_invoice\";i:48;s:10:\"edit_quote\";i:49;s:14:\"delete_invoice\";i:50;s:12:\"delete_quote\";i:51;s:13:\"view_invoices\";i:52;s:11:\"view_quotes\";}');

/*Table structure for table `client_flight_passenger_count` */

DROP TABLE IF EXISTS `client_flight_passenger_count`;

CREATE TABLE `client_flight_passenger_count` (
  `client_flight_id` int(11) NOT NULL,
  `no_of_first_class_passengers` int(11) NOT NULL,
  `no_of_coach_passengers` int(11) NOT NULL,
  PRIMARY KEY (`client_flight_id`)
) ENGINE=MyISAM DEFAULT CHARSET=latin1;

/*Data for the table `client_flight_passenger_count` */

/*Table structure for table `client_flights` */

DROP TABLE IF EXISTS `client_flights`;

CREATE TABLE `client_flights` (
  `client_flight_id` int(11) NOT NULL AUTO_INCREMENT,
  `client_id` int(11) NOT NULL,
  `flight_no` varchar(15) NOT NULL,
  `destination` varchar(300) DEFAULT NULL,
  PRIMARY KEY (`client_flight_id`)
) ENGINE=MyISAM AUTO_INCREMENT=5 DEFAULT CHARSET=latin1;

/*Data for the table `client_flights` */

insert  into `client_flights`(`client_flight_id`,`client_id`,`flight_no`,`destination`) values (1,2,'101',NULL),(2,3,'102',NULL),(3,3,'882',NULL),(4,3,'832',NULL);

/*Table structure for table `clients` */

DROP TABLE IF EXISTS `clients`;

CREATE TABLE `clients` (
  `client_id` int(11) NOT NULL AUTO_INCREMENT,
  `client_name` varchar(500) NOT NULL,
  `abbreviation` varchar(20) DEFAULT NULL,
  `address_line_1` varchar(500) DEFAULT NULL,
  `address_line_2` varchar(500) DEFAULT NULL,
  `city` varchar(300) DEFAULT NULL,
  `state` varchar(300) DEFAULT NULL,
  `zip` varchar(50) DEFAULT NULL,
  PRIMARY KEY (`client_id`)
) ENGINE=MyISAM AUTO_INCREMENT=7 DEFAULT CHARSET=latin1;

/*Data for the table `clients` */

insert  into `clients`(`client_id`,`client_name`,`abbreviation`,`address_line_1`,`address_line_2`,`city`,`state`,`zip`) values (1,'Delta','DL',NULL,NULL,NULL,NULL,NULL),(2,'British Airways','BA','','','','',''),(3,'Cayman Airways','KX',NULL,NULL,NULL,NULL,NULL),(4,'	United Airlines','UAL',NULL,NULL,NULL,NULL,NULL),(5,'SoutWest','SWA',NULL,NULL,NULL,NULL,NULL),(6,'Staff','STAFF',NULL,NULL,NULL,NULL,NULL);

/*Table structure for table `contact_info_types` */

DROP TABLE IF EXISTS `contact_info_types`;

CREATE TABLE `contact_info_types` (
  `contact_type_id` int(11) NOT NULL AUTO_INCREMENT,
  `type_name` varchar(100) DEFAULT NULL,
  PRIMARY KEY (`contact_type_id`)
) ENGINE=MyISAM DEFAULT CHARSET=latin1;

/*Data for the table `contact_info_types` */

/*Table structure for table `daily_requisition_cost` */

DROP TABLE IF EXISTS `daily_requisition_cost`;

CREATE TABLE `daily_requisition_cost` (
  `requisition_date` datetime NOT NULL,
  `total_cost` double NOT NULL,
  PRIMARY KEY (`requisition_date`)
) ENGINE=MyISAM DEFAULT CHARSET=latin1;

/*Data for the table `daily_requisition_cost` */

insert  into `daily_requisition_cost`(`requisition_date`,`total_cost`) values ('2018-05-12 00:00:00',182.98),('2018-05-13 07:25:41',500),('2018-05-19 00:00:00',346.06),('2018-05-22 00:00:00',9);

/*Table structure for table `departments` */

DROP TABLE IF EXISTS `departments`;

CREATE TABLE `departments` (
  `department_id` int(11) NOT NULL AUTO_INCREMENT,
  `department_name` varchar(300) NOT NULL,
  PRIMARY KEY (`department_id`)
) ENGINE=MyISAM AUTO_INCREMENT=7 DEFAULT CHARSET=latin1;

/*Data for the table `departments` */

insert  into `departments`(`department_id`,`department_name`) values (1,'Operation'),(2,'Production'),(3,'Sanitation/Operations'),(4,'Administration'),(5,'Quality'),(6,'Stores');

/*Table structure for table `emails` */

DROP TABLE IF EXISTS `emails`;

CREATE TABLE `emails` (
  `email_id` int(11) NOT NULL AUTO_INCREMENT,
  `slug` varchar(200) DEFAULT NULL,
  `email_subject` varchar(400) DEFAULT NULL,
  `email_body` text,
  PRIMARY KEY (`email_id`)
) ENGINE=InnoDB AUTO_INCREMENT=7 DEFAULT CHARSET=latin1;

/*Data for the table `emails` */

insert  into `emails`(`email_id`,`slug`,`email_subject`,`email_body`) values (1,NULL,'Verify your email address','<p>\r\n	<strong>Hi {firstname},</strong></p>\r\n<p>\r\n	To complete your signup for ELIRA Ticketing, you must click on the link below to verify your email account.</p>\r\n<p>\r\n	{VerificationLink}</p>\r\n<p>\r\n	You can also copy and paste the link in your browser to complete the signup process.</p>\r\n<p>\r\n	You have 24hrs in which to verify your account. If you fail to do so within this timeframe, you will have to re-create your account.</p>\r\n\r\n\r\n<p>\r\n	Thanks,<br />\r\n	The ELIRA Ticketing Team<br />\r\n	www.elira-ticketing.com</p>\r\n\r\n\r\n\r\n\r\n'),(2,NULL,'Welcome to ELIRA Ticketing','<p>\r\n	<strong>Hi {FirstName},</strong></p>\r\n<p>\r\n	Thanks for signing up with MyDealsJa, Jamaica&#39;s premium bargain website!</p>\r\n<p>\r\n	{VerificationLink}</p>\r\n<p>\r\n	To complete the sign-up process please click on the hyperlink listed above.You can also copy and paste the link in your browser.</p>\r\n<p>\r\n	You have 24hrs in which to verify your account. If you fail to do so within this timeframe, you will have to re-create your account.</p>\r\n<p>\r\n	Each day, check your email, Facebook or Twitter feeds for details on deals from some of Jamaica&#39;s finest businesses and brands.</p>\r\n<p>\r\n	With one easy click, purchase your deal. Print your voucher, and take it to the retailer within the specified time frame, and enjoy your deal!</p>\r\n<p>\r\n	We look forward to providing you with more of the best deals in Jamaica.</p>\r\n<p>\r\n	Thank you,</p>\r\n<p>\r\n	The MyDealsJa Team</p>\r\n'),(4,'dispatch_requisition','A new requisition needs to be dispatched','<p>\r\n	<strong>Hi {first_name},</strong></p>\r\n<p>\r\n	A new Requisition was created for {client_name} with Flight No {flight_no}.</p>\r\n\r\n<p>Please log into the SIR Application to dispatch it! </p>\r\n<p>\r\n	Regards,<br />\r\n	SIR</p>\r\n'),(5,'low_stock_level','Low Stock Level','<p>\r\n	<strong>Hi {first_name},</strong></p>\r\n<p>\r\n	{product_name} has reached/gone below its minimum stock level after being used in \r\na requisition.</p>\r\n\r\n<p>\r\n	Regards,<br />\r\n	SIR</p>\r\n'),(6,'approve_po','A new Purchase Order has been created and needs your attention','<p>\r\n	<strong>Hi {first_name},</strong></p>\r\n<p>\r\n	A new Purchase Order has been created and needs your approval.</p>\r\n<<p>\r\n	Regards,<br />\r\n	SIR</p>\r\n');

/*Table structure for table `exceptions` */

DROP TABLE IF EXISTS `exceptions`;

CREATE TABLE `exceptions` (
  `_id` bigint(20) NOT NULL AUTO_INCREMENT,
  `exception` text NOT NULL,
  `date_occured` datetime NOT NULL,
  PRIMARY KEY (`_id`)
) ENGINE=MyISAM DEFAULT CHARSET=latin1;

/*Data for the table `exceptions` */

/*Table structure for table `flight_check_sheet_headings` */

DROP TABLE IF EXISTS `flight_check_sheet_headings`;

CREATE TABLE `flight_check_sheet_headings` (
  `heading_id` int(11) NOT NULL AUTO_INCREMENT,
  `heading` varchar(500) NOT NULL,
  PRIMARY KEY (`heading_id`)
) ENGINE=MyISAM AUTO_INCREMENT=13 DEFAULT CHARSET=latin1;

/*Data for the table `flight_check_sheet_headings` */

insert  into `flight_check_sheet_headings`(`heading_id`,`heading`) values (1,'BREAKFAST: CREW MEALS'),(2,'BREAKFAST: FIRST CLASS MEALS'),(3,'LUNCH: CREW MEALS'),(4,'LUNCH: FIRST CLASS MEALS'),(5,'DINNER: CREW MEALS'),(6,'DINNER: FIRST CLASS MEALS'),(7,'MISCELLANEOUS'),(8,'SERVICE CHARGE'),(9,'BREAKFAST: ECONOMY'),(10,'LUNCH: ECONOMY'),(11,'DINNER: ECONOMY'),(12,'SPML');

/*Table structure for table `flight_check_sheets` */

DROP TABLE IF EXISTS `flight_check_sheets`;

CREATE TABLE `flight_check_sheets` (
  `sheet_no` bigint(20) NOT NULL AUTO_INCREMENT,
  `client_id` int(11) NOT NULL,
  `date_time` datetime NOT NULL,
  `flight_no` varchar(20) NOT NULL,
  `check_sheet_no` bigint(20) NOT NULL,
  `cycle` int(11) NOT NULL,
  `breakfast_crew_meals` longtext,
  `breakfast_first_class_meals` longtext,
  `breakfast_economy` longtext,
  `lunch_crew_meals` longtext,
  `lunch_first_class_meals` longtext,
  `lunch_economy` longtext,
  `dinner_crew_meals` longtext,
  `dinner_first_class_meals` longtext,
  `dinner_economy` longtext,
  `spml` longtext,
  `miscellaneous` longtext,
  `service_charge` longtext,
  `created_by_employee_id` int(11) DEFAULT NULL,
  PRIMARY KEY (`sheet_no`)
) ENGINE=MyISAM AUTO_INCREMENT=8 DEFAULT CHARSET=latin1;

/*Data for the table `flight_check_sheets` */

insert  into `flight_check_sheets`(`sheet_no`,`client_id`,`date_time`,`flight_no`,`check_sheet_no`,`cycle`,`breakfast_crew_meals`,`breakfast_first_class_meals`,`breakfast_economy`,`lunch_crew_meals`,`lunch_first_class_meals`,`lunch_economy`,`dinner_crew_meals`,`dinner_first_class_meals`,`dinner_economy`,`spml`,`miscellaneous`,`service_charge`,`created_by_employee_id`) values (3,2,'2018-05-18 00:00:00','555',10003,1,'[{\"description\":\"asasf\",\"qty\":\"1\"}]','[{\"description\":\"asfasfsasa\",\"qty\":\"2\"}]',NULL,'[{\"description\":\"asfasas\",\"qty\":\"6\"}]','[{\"description\":\"asfasasfas\",\"qty\":\"4\"}]',NULL,'[{\"description\":\"asfasasfas\",\"qty\":\"4\"}]','[{\"description\":\"asfasfas\",\"qty\":\"4\"}]',NULL,NULL,'[]','[]',5292),(4,1,'2018-05-27 00:00:00','444',10000,1,'[{\"description\":\"2\",\"qty\":\"2\"},{\"description\":\"2\",\"qty\":\"2\"}]','[]','[{\"description\":\"2\",\"qty\":\"asfasas\"}]','[]','[]','[]','[]','[]','[]',NULL,'[]','[{\"description\":\"5\",\"qty\":\"asasasf\"}]',5292),(5,1,'2018-05-27 00:00:00','444',10001,2,'[{\"description\":\"4\",\"qty\":\"2\"},{\"description\":\"2\",\"qty\":\"2\"}]','[]','[{\"description\":\"2\",\"qty\":\"2\"}]','[]','[]','[]','[]','[]','[]',NULL,'[]','[{\"description\":\"asfasas\",\"qty\":\"5\"}]',5292),(6,1,'2018-05-27 00:00:00','444',10002,1,'[{\"description\":\"test\",\"qty\":\"5\"}]','[]','[{\"description\":\"asfasas\",\"qty\":\"5\"}]','[]','[]','[]','[]','[]','[]',NULL,'[]','[{\"description\":\"asasasf\",\"qty\":\"6\"}]',5292),(7,1,'2018-05-27 00:00:00','444',10003,1,'[{\"description\":\"test\",\"qty\":\"5\"}]','[]','[{\"description\":\"asfasas\",\"qty\":\"5\"}]','[]','[]','[]','[]','[]','[]',NULL,'[]','[{\"description\":\"asasasf\",\"qty\":\"6\"}]',5292);

/*Table structure for table `flight_destinations` */

DROP TABLE IF EXISTS `flight_destinations`;

CREATE TABLE `flight_destinations` (
  `destination_id` int(11) NOT NULL AUTO_INCREMENT,
  `destination` varchar(300) NOT NULL,
  `destination_abbreviation` varchar(10) DEFAULT NULL,
  PRIMARY KEY (`destination_id`)
) ENGINE=MyISAM AUTO_INCREMENT=5 DEFAULT CHARSET=latin1;

/*Data for the table `flight_destinations` */

insert  into `flight_destinations`(`destination_id`,`destination`,`destination_abbreviation`) values (1,'Chicago O\'Hare','ORD'),(2,'New York','JFK'),(3,'Miami','MIA'),(4,'Tampa','TPA');

/*Table structure for table `flight_types` */

DROP TABLE IF EXISTS `flight_types`;

CREATE TABLE `flight_types` (
  `flight_type_id` int(11) NOT NULL AUTO_INCREMENT,
  `flight_type` varchar(300) NOT NULL,
  `description` text,
  PRIMARY KEY (`flight_type_id`)
) ENGINE=MyISAM AUTO_INCREMENT=8 DEFAULT CHARSET=latin1;

/*Data for the table `flight_types` */

insert  into `flight_types`(`flight_type_id`,`flight_type`,`description`) values (1,'First Class',NULL),(2,'Economy',NULL),(3,'Crew',NULL),(4,'WTP','World Travel Plus'),(5,'WT','World Travel'),(6,'Club World',NULL),(7,'Inter-Island',NULL);

/*Table structure for table `gcg_locations` */

DROP TABLE IF EXISTS `gcg_locations`;

CREATE TABLE `gcg_locations` (
  `location_id` int(11) NOT NULL AUTO_INCREMENT,
  `country` varchar(500) DEFAULT NULL,
  `location` varchar(500) NOT NULL,
  PRIMARY KEY (`location_id`)
) ENGINE=MyISAM AUTO_INCREMENT=26 DEFAULT CHARSET=latin1;

/*Data for the table `gcg_locations` */

insert  into `gcg_locations`(`location_id`,`country`,`location`) values (1,'Cayman Islands','George Town'),(2,'Bermuda','Bermuda'),(3,'Florida','Miami'),(4,'Jamaica','Montego Bay'),(5,'Jamaica','Kingston'),(6,'Guatemala','Guatemala'),(7,'El Salvador','El Salvador'),(8,'Honduras','Honduras'),(9,'Colombia','Colombia'),(10,'Aruba','Aruba'),(11,'Curacao','Curacao'),(12,'Caracas','Caracas'),(13,'Quito','Quito'),(14,'B.V.I','St. Thomas'),(15,'St. Maarten','St. Maarten'),(16,'Antigua','Antigua'),(17,'St. Lucia','St. Lucia'),(18,'Barbados','Barbados'),(19,'Grenada','Grenada'),(20,'Tobago','Tobago'),(21,'Trinidad','Trinidad'),(22,'Isla Margarita','Isla Margarita'),(23,'Guayaquil','Guayaquil'),(24,'Paraguay','Paraguay'),(25,'Uruguay','Uruguay');

/*Table structure for table `genders` */

DROP TABLE IF EXISTS `genders`;

CREATE TABLE `genders` (
  `gender_id` int(11) NOT NULL AUTO_INCREMENT,
  `gender` varchar(10) NOT NULL,
  PRIMARY KEY (`gender_id`)
) ENGINE=MyISAM AUTO_INCREMENT=3 DEFAULT CHARSET=latin1;

/*Data for the table `genders` */

insert  into `genders`(`gender_id`,`gender`) values (1,'Male'),(2,'Female');

/*Table structure for table `generated_barcodes` */

DROP TABLE IF EXISTS `generated_barcodes`;

CREATE TABLE `generated_barcodes` (
  `_id` int(11) NOT NULL AUTO_INCREMENT,
  `product_id` bigint(20) NOT NULL,
  `barcode` varchar(20) NOT NULL,
  `date_generated` datetime DEFAULT NULL,
  `generated_by_employee_id` int(11) DEFAULT NULL,
  PRIMARY KEY (`_id`)
) ENGINE=MyISAM AUTO_INCREMENT=5 DEFAULT CHARSET=latin1;

/*Data for the table `generated_barcodes` */

insert  into `generated_barcodes`(`_id`,`product_id`,`barcode`,`date_generated`,`generated_by_employee_id`) values (1,841,'42426070841','2018-05-26 19:05:59',5292),(2,1,'42426010001','2018-05-26 19:07:26',5292),(3,939,'42426020939','2018-06-26 18:12:27',5292),(4,943,'424260943','2018-07-06 15:33:35',5292);

/*Table structure for table `inventory_dates` */

DROP TABLE IF EXISTS `inventory_dates`;

CREATE TABLE `inventory_dates` (
  `inventory_id` bigint(20) NOT NULL AUTO_INCREMENT,
  `taken_on` datetime NOT NULL,
  `initiated_by_employee_id` int(11) NOT NULL,
  PRIMARY KEY (`inventory_id`)
) ENGINE=MyISAM AUTO_INCREMENT=6 DEFAULT CHARSET=latin1;

/*Data for the table `inventory_dates` */

insert  into `inventory_dates`(`inventory_id`,`taken_on`,`initiated_by_employee_id`) values (1,'2018-04-29 00:00:00',5292),(2,'2018-05-02 00:00:00',5292),(3,'2018-05-08 00:00:00',5292),(4,'2018-06-06 00:00:00',5292),(5,'2018-06-22 00:00:00',5292);

/*Table structure for table `inventory_history` */

DROP TABLE IF EXISTS `inventory_history`;

CREATE TABLE `inventory_history` (
  `history_id` bigint(20) NOT NULL AUTO_INCREMENT,
  `inventory_id` bigint(20) NOT NULL,
  `product_id` bigint(20) NOT NULL,
  `previous_amount` int(11) NOT NULL,
  `inventory_amount_added` int(11) NOT NULL,
  `total_amount` int(11) NOT NULL,
  PRIMARY KEY (`history_id`)
) ENGINE=MyISAM AUTO_INCREMENT=3 DEFAULT CHARSET=latin1;

/*Data for the table `inventory_history` */

insert  into `inventory_history`(`history_id`,`inventory_id`,`product_id`,`previous_amount`,`inventory_amount_added`,`total_amount`) values (1,1,252,1000,25,1025),(2,1,252,1025,700,1725);

/*Table structure for table `invoices` */

DROP TABLE IF EXISTS `invoices`;

CREATE TABLE `invoices` (
  `invoice_id` bigint(20) NOT NULL AUTO_INCREMENT,
  `invoice_no` bigint(20) NOT NULL,
  `client_id` int(11) NOT NULL,
  `invoice_date` datetime NOT NULL,
  `invoice_details` text NOT NULL,
  `invoice_total_amount` decimal(10,0) NOT NULL,
  `created_by_employee_id` int(11) NOT NULL,
  PRIMARY KEY (`invoice_id`)
) ENGINE=MyISAM AUTO_INCREMENT=13 DEFAULT CHARSET=latin1;

/*Data for the table `invoices` */

insert  into `invoices`(`invoice_id`,`invoice_no`,`client_id`,`invoice_date`,`invoice_details`,`invoice_total_amount`,`created_by_employee_id`) values (11,124,2,'2018-07-06 00:00:00','[{\"qty\":\"1\",\"desc\":\"asfasfasf\",\"price\":\"200\",\"extn\":\"200\"}]','200',5292),(12,125,1,'2018-07-06 00:00:00','[{\"qty\":\"2\",\"desc\":\"asasfas\",\"price\":\"255\",\"extn\":\"510\"}]','510',5292),(2,1001,5,'2018-04-22 00:00:00','[{\"qty\":\"1\",\"desc\":\"asfasfasfasf\",\"price\":\"112\",\"extn\":\"112\"}]','112',5292),(5,1002,4,'2018-05-18 00:00:00','[]','0',5292),(6,1002,4,'2018-05-18 00:00:00','[]','0',5292),(7,1006,4,'2018-05-18 00:00:00','[{\"qty\":\"1\",\"desc\":\"asfasfsa\",\"price\":\"2\",\"extn\":\"2\"},{\"qty\":\"8\",\"desc\":\"asfasf\",\"price\":\"250\",\"extn\":\"2000\"}]','2002',5292),(8,1006,9,'2018-05-18 00:00:00','[{\"qty\":\"1\",\"part_no\":\"0\",\"desc\":\"sfasfasf\",\"price\":\"0\",\"extn\":\"0\"}]','0',5292),(9,123,5,'2018-05-25 00:00:00','[{\"qty\":\"10\",\"desc\":\"test item\",\"price\":\"526\",\"extn\":\"5260\"}]','5260',5292);

/*Table structure for table `job_titles` */

DROP TABLE IF EXISTS `job_titles`;

CREATE TABLE `job_titles` (
  `job_title_id` int(11) NOT NULL AUTO_INCREMENT,
  `job_title` varchar(300) NOT NULL,
  PRIMARY KEY (`job_title_id`)
) ENGINE=MyISAM AUTO_INCREMENT=15 DEFAULT CHARSET=latin1;

/*Data for the table `job_titles` */

insert  into `job_titles`(`job_title_id`,`job_title`) values (1,'Driver/Loader'),(2,'Sous Chef'),(3,'Cook'),(4,'Janitor'),(5,'Operations Supervisor'),(6,'Operations Admin. Assistant'),(7,'Administration Assisistant'),(8,'Head Chef'),(9,'General Manager'),(10,'Billing Clerk'),(11,'Purchasing Officer'),(12,'Store Keeper'),(13,'Pastry Cook'),(14,'Quality Officer');

/*Table structure for table `log_actions` */

DROP TABLE IF EXISTS `log_actions`;

CREATE TABLE `log_actions` (
  `log_action_id` bigint(20) NOT NULL AUTO_INCREMENT,
  `action_name` varchar(500) NOT NULL,
  PRIMARY KEY (`log_action_id`)
) ENGINE=MyISAM AUTO_INCREMENT=32 DEFAULT CHARSET=latin1;

/*Data for the table `log_actions` */

insert  into `log_actions`(`log_action_id`,`action_name`) values (1,'Created Requisition'),(2,'Created Purchase Order'),(3,'Approved Purchase Order'),(4,'Dispatched Requisition'),(5,'Added a User'),(6,'Edited a User'),(7,'Deleted a User'),(8,'Added a Client'),(9,'Edited a Client'),(10,'Deleted a Client'),(11,'Added a Supplier'),(12,'Edited a Supplier'),(13,'Deleted a Supplier'),(14,'Added a Product'),(15,'Edited a Product'),(16,'Deleted a Product'),(17,'Assigned Permissions to user'),(18,'Added a permission'),(19,'Added a client flight'),(20,'Generated Product Barcode'),(21,'Edited Flight Check Sheet'),(22,'Created Flight Check Sheet'),(23,'Created Flight Check Sheet from duplicate'),(24,'Edited Purchase Order'),(25,'Created Purchase Order from duplicate'),(26,'Created Invoice'),(27,'Created Quote'),(28,'Edited an Invoice'),(29,'Edited a Quote'),(30,'Edited a Requisition'),(31,'Created a Requisition from duplicate');

/*Table structure for table `login_log` */

DROP TABLE IF EXISTS `login_log`;

CREATE TABLE `login_log` (
  `_id` bigint(20) NOT NULL AUTO_INCREMENT,
  `user_id` int(11) DEFAULT NULL,
  `login_date` datetime DEFAULT NULL,
  PRIMARY KEY (`_id`)
) ENGINE=InnoDB AUTO_INCREMENT=132 DEFAULT CHARSET=latin1;

/*Data for the table `login_log` */

insert  into `login_log`(`_id`,`user_id`,`login_date`) values (1,5292,'2018-03-19 12:13:46'),(2,5292,'2018-03-18 07:17:29'),(3,5292,'2018-03-22 03:51:58'),(4,5292,'2018-03-24 01:33:16'),(5,5292,'2018-03-24 03:23:48'),(6,5292,'2018-03-24 03:24:16'),(7,5292,'2018-03-24 03:25:08'),(8,5292,'2018-03-24 03:26:33'),(9,5292,'2018-03-24 03:32:43'),(10,5292,'2018-03-24 03:33:50'),(11,5292,'2018-03-24 03:34:23'),(12,5292,'2018-03-24 03:42:25'),(13,5292,'2018-03-24 03:44:26'),(14,5292,'2018-03-24 03:51:55'),(15,5292,'2018-03-26 02:54:20'),(16,5292,'2018-03-28 05:15:29'),(17,5292,'2018-03-28 02:08:24'),(18,5292,'2018-04-07 11:19:03'),(19,5292,'2018-04-07 02:54:14'),(20,5292,'2018-04-10 12:37:03'),(21,5292,'2018-04-10 08:17:33'),(22,5292,'2018-04-11 04:35:51'),(23,5292,'2018-04-12 12:16:04'),(24,5292,'2018-04-12 10:05:20'),(25,5292,'2018-04-13 10:45:38'),(26,5292,'2018-04-14 01:08:29'),(27,5292,'2018-04-15 02:25:01'),(28,5292,'2018-04-16 02:02:07'),(29,5292,'2018-04-16 11:54:45'),(30,5292,'2018-04-18 02:57:51'),(31,5292,'2018-04-22 07:13:09'),(32,5292,'2018-04-25 12:35:05'),(33,5292,'2018-04-26 01:01:05'),(34,5292,'2018-04-26 04:20:41'),(35,5292,'2018-04-26 06:53:42'),(36,5292,'2018-04-27 01:57:31'),(37,5292,'2018-04-27 05:27:59'),(38,5292,'2018-04-28 05:38:04'),(39,5292,'2018-04-29 01:39:30'),(40,5292,'2018-04-29 02:45:59'),(41,5292,'2018-04-29 02:47:12'),(42,5292,'2018-04-29 02:49:00'),(43,5292,'2018-04-29 02:51:06'),(44,5292,'2018-04-29 02:52:19'),(45,5292,'2018-04-29 02:53:07'),(46,5292,'2018-04-29 05:13:48'),(47,5292,'2018-05-02 10:57:15'),(48,5292,'2018-05-03 11:07:15'),(49,5292,'2018-05-04 05:50:45'),(50,5292,'2018-05-05 04:59:17'),(51,5292,'2018-05-08 10:29:15'),(52,5292,'2018-05-08 02:07:16'),(53,5292,'2018-05-09 02:23:02'),(54,5292,'2018-05-09 09:01:00'),(55,5292,'2018-05-10 11:36:32'),(56,5292,'2018-05-10 01:07:37'),(57,5292,'2018-05-12 11:51:04'),(58,5292,'2018-05-12 01:36:50'),(59,5292,'2018-05-12 04:53:21'),(60,5292,'2018-05-13 12:42:19'),(61,5292,'2018-05-13 08:00:40'),(62,5292,'2018-05-15 03:30:40'),(63,5292,'2018-05-15 01:31:12'),(64,5292,'2018-05-15 01:32:04'),(65,5292,'2018-05-15 01:34:52'),(66,5292,'2018-05-17 01:07:23'),(67,5292,'2018-05-17 10:10:42'),(68,5292,'2018-05-18 01:47:02'),(69,5292,'2018-05-18 01:48:16'),(70,5292,'2018-05-18 01:57:01'),(71,5292,'2018-05-18 02:42:19'),(72,5292,'2018-05-19 11:39:24'),(73,5292,'2018-05-20 07:45:16'),(74,5292,'2018-05-20 08:56:10'),(75,5292,'2018-05-20 08:58:56'),(76,5292,'2018-05-22 12:27:42'),(77,5292,'2018-05-22 12:31:55'),(78,5292,'2018-05-22 02:00:38'),(79,5292,'2018-05-23 10:55:49'),(80,5292,'2018-05-23 01:01:56'),(81,5292,'2018-05-23 02:18:03'),(82,5292,'2018-05-23 05:03:57'),(83,5292,'2018-05-23 07:31:32'),(84,5292,'2018-05-24 08:28:24'),(85,5292,'2018-05-25 10:36:55'),(86,5292,'2018-05-25 02:03:04'),(87,5292,'2018-05-26 06:51:46'),(88,5292,'2018-05-26 09:18:51'),(89,5292,'2018-05-27 09:15:17'),(90,5292,'2018-05-27 09:21:07'),(91,5292,'2018-05-27 04:59:04'),(92,5292,'2018-05-27 07:15:02'),(93,5292,'2018-05-28 11:32:31'),(94,5292,'2018-05-30 09:39:09'),(95,5292,'2018-05-30 12:14:25'),(96,5292,'2018-05-30 07:01:17'),(97,5292,'2018-05-31 04:54:13'),(98,5292,'2018-05-31 12:30:35'),(99,5292,'2018-05-31 12:53:16'),(100,5292,'2018-05-31 02:55:11'),(101,5292,'2018-05-31 02:56:19'),(102,5292,'2018-06-01 09:25:51'),(103,5292,'2018-06-01 11:14:59'),(104,5292,'2018-06-01 11:15:57'),(105,5292,'2018-06-01 11:23:29'),(106,5292,'2018-06-01 12:00:22'),(107,5292,'2018-06-01 04:07:36'),(108,5292,'2018-06-03 06:24:29'),(109,5292,'2018-06-05 02:09:56'),(110,5292,'2018-06-05 08:07:09'),(111,5292,'2018-06-06 11:32:26'),(112,5292,'2018-06-06 02:21:04'),(113,5292,'2018-06-07 02:51:47'),(114,5292,'2018-06-07 07:53:57'),(115,5292,'2018-06-07 07:59:48'),(116,5292,'2018-06-07 08:02:49'),(117,5292,'2018-06-07 08:05:20'),(118,5292,'2018-06-13 05:55:41'),(119,5292,'2018-06-13 08:46:38'),(120,5292,'2018-06-14 06:36:09'),(121,5292,'2018-06-15 05:57:47'),(122,5292,'2018-06-22 12:50:35'),(123,5292,'2018-06-22 02:32:24'),(124,5292,'2018-06-22 10:03:23'),(125,5292,'2018-06-26 06:07:30'),(126,5292,'2018-06-26 10:46:18'),(127,5292,'2018-06-29 04:02:32'),(128,5292,'2018-07-03 10:15:14'),(129,5292,'2018-07-06 03:14:43'),(130,5292,'2018-07-06 03:33:19'),(131,5292,'2018-07-14 05:32:17');

/*Table structure for table `measurement_units` */

DROP TABLE IF EXISTS `measurement_units`;

CREATE TABLE `measurement_units` (
  `unit_id` int(11) NOT NULL AUTO_INCREMENT,
  `unit_name` varchar(100) NOT NULL,
  `unit_abbreviation` varchar(10) DEFAULT NULL,
  PRIMARY KEY (`unit_id`)
) ENGINE=MyISAM AUTO_INCREMENT=7 DEFAULT CHARSET=latin1;

/*Data for the table `measurement_units` */

insert  into `measurement_units`(`unit_id`,`unit_name`,`unit_abbreviation`) values (1,'Each','each'),(2,'Pounds','lbs'),(3,'Grams','g'),(4,'Ounces','oz'),(5,'Killogram','kg'),(6,'Case','case');

/*Table structure for table `measurement_units_copy` */

DROP TABLE IF EXISTS `measurement_units_copy`;

CREATE TABLE `measurement_units_copy` (
  `unit_id` int(11) NOT NULL AUTO_INCREMENT,
  `unit_name` varchar(100) NOT NULL,
  `unit_abbreviation` varchar(10) DEFAULT NULL,
  PRIMARY KEY (`unit_id`)
) ENGINE=MyISAM AUTO_INCREMENT=24 DEFAULT CHARSET=latin1;

/*Data for the table `measurement_units_copy` */

insert  into `measurement_units_copy`(`unit_id`,`unit_name`,`unit_abbreviation`) values (1,'Kilogram ','Kg'),(2,'Gram','g'),(3,'Milligram','mg'),(4,'Quintal','qt'),(5,'Tonne','t'),(6,'Liter','l'),(7,'Milliliter','ml'),(8,'Barrel','bbl'),(9,'Gallon','gl'),(10,'Teaspoon','ts'),(11,'Box','bx'),(12,'Bag','bg'),(13,'Case','cs'),(14,'Pound','lb'),(15,'Jar','jr'),(16,'Grain','gn'),(17,'Dozen','dz'),(18,'Carton','ct'),(19,'Can','cn'),(20,'Bottle','bt'),(21,'Pack','pk'),(22,'Package','pa'),(23,'Unit','ut');

/*Table structure for table `minimum_product_stock_levels` */

DROP TABLE IF EXISTS `minimum_product_stock_levels`;

CREATE TABLE `minimum_product_stock_levels` (
  `product_id` int(11) NOT NULL,
  `minimum_stock_level` double NOT NULL,
  `maximum_stock_level` double DEFAULT NULL,
  `unit_id` int(11) DEFAULT NULL,
  PRIMARY KEY (`product_id`)
) ENGINE=MyISAM DEFAULT CHARSET=latin1;

/*Data for the table `minimum_product_stock_levels` */

insert  into `minimum_product_stock_levels`(`product_id`,`minimum_stock_level`,`maximum_stock_level`,`unit_id`) values (1,10,NULL,NULL),(2,10,NULL,NULL),(3,10,NULL,NULL),(4,10,NULL,NULL),(5,10,NULL,NULL),(6,10,NULL,NULL),(7,10,NULL,NULL),(8,10,NULL,NULL),(9,10,NULL,NULL),(10,10,NULL,NULL),(11,10,NULL,NULL),(12,10,NULL,NULL),(13,10,NULL,NULL),(14,10,NULL,NULL),(15,10,NULL,NULL),(16,10,NULL,NULL),(17,10,NULL,NULL),(18,10,NULL,NULL),(19,10,NULL,NULL),(20,10,NULL,NULL),(21,10,NULL,NULL),(22,10,NULL,NULL),(23,10,NULL,NULL),(24,10,NULL,NULL),(25,10,NULL,NULL),(26,10,NULL,NULL),(27,10,NULL,NULL),(28,10,NULL,NULL),(29,10,NULL,NULL),(30,10,NULL,NULL),(31,10,NULL,NULL),(32,10,NULL,NULL),(33,10,NULL,NULL),(34,10,NULL,NULL),(35,10,NULL,NULL),(36,10,NULL,NULL),(37,10,NULL,NULL),(38,10,NULL,NULL),(39,10,NULL,NULL),(40,10,NULL,NULL),(41,10,NULL,NULL),(42,10,NULL,NULL),(43,10,NULL,NULL),(44,10,NULL,NULL),(45,10,NULL,NULL),(46,10,NULL,NULL),(47,10,NULL,NULL),(48,10,NULL,NULL),(49,10,NULL,NULL),(50,10,NULL,NULL),(51,10,NULL,NULL),(52,10,NULL,NULL),(53,10,NULL,NULL),(54,10,NULL,NULL),(55,10,NULL,NULL),(56,10,NULL,NULL),(57,10,NULL,NULL),(58,10,NULL,NULL),(59,10,NULL,NULL),(60,10,NULL,NULL),(61,10,NULL,NULL),(62,10,NULL,NULL),(63,10,NULL,NULL),(64,10,NULL,NULL),(65,10,NULL,NULL),(66,10,NULL,NULL),(67,10,NULL,NULL),(68,10,NULL,NULL),(69,10,NULL,NULL),(70,10,NULL,NULL),(71,10,NULL,NULL),(72,10,NULL,NULL),(73,10,NULL,NULL),(74,10,NULL,NULL),(75,10,NULL,NULL),(76,10,NULL,NULL),(77,10,NULL,NULL),(78,10,NULL,NULL),(79,10,NULL,NULL),(80,10,NULL,NULL),(81,10,NULL,NULL),(82,10,NULL,NULL),(83,10,NULL,NULL),(84,10,NULL,NULL),(85,10,NULL,NULL),(86,10,NULL,NULL),(87,10,NULL,NULL),(88,10,NULL,NULL),(89,10,NULL,NULL),(90,10,NULL,NULL),(91,10,NULL,NULL),(92,10,NULL,NULL),(93,10,NULL,NULL),(94,10,NULL,NULL),(95,10,NULL,NULL),(96,10,NULL,NULL),(97,10,NULL,NULL),(98,10,NULL,NULL),(99,10,NULL,NULL),(100,10,NULL,NULL),(101,10,NULL,NULL),(102,10,NULL,NULL),(103,10,NULL,NULL),(104,10,NULL,NULL),(105,10,NULL,NULL),(106,10,NULL,NULL),(107,10,NULL,NULL),(108,10,NULL,NULL),(109,10,NULL,NULL),(110,10,NULL,NULL),(111,10,NULL,NULL),(112,10,NULL,NULL),(113,10,NULL,NULL),(114,10,NULL,NULL),(115,10,NULL,NULL),(116,10,NULL,NULL),(117,10,NULL,NULL),(118,10,NULL,NULL),(119,10,NULL,NULL),(120,10,NULL,NULL),(121,10,NULL,NULL),(122,10,NULL,NULL),(123,10,NULL,NULL),(124,10,NULL,NULL),(125,10,NULL,NULL),(126,10,NULL,NULL),(127,10,NULL,NULL),(128,10,NULL,NULL),(129,10,NULL,NULL),(130,10,NULL,NULL),(131,10,NULL,NULL),(132,10,NULL,NULL),(133,10,NULL,NULL),(134,10,NULL,NULL),(135,10,NULL,NULL),(136,10,NULL,NULL),(137,10,NULL,NULL),(138,10,NULL,NULL),(139,10,NULL,NULL),(140,10,NULL,NULL),(141,10,NULL,NULL),(142,10,NULL,NULL),(143,10,NULL,NULL),(144,10,NULL,NULL),(145,10,NULL,NULL),(146,10,NULL,NULL),(147,10,NULL,NULL),(148,10,NULL,NULL),(149,10,NULL,NULL),(150,10,NULL,NULL),(151,10,NULL,NULL),(152,10,NULL,NULL),(153,10,NULL,NULL),(154,10,NULL,NULL),(155,10,NULL,NULL),(156,10,NULL,NULL),(157,10,NULL,NULL),(158,10,NULL,NULL),(159,10,NULL,NULL),(160,10,NULL,NULL),(161,10,NULL,NULL),(162,10,NULL,NULL),(163,10,NULL,NULL),(164,10,NULL,NULL),(165,10,NULL,NULL),(166,10,NULL,NULL),(167,10,NULL,NULL),(168,10,NULL,NULL),(169,10,NULL,NULL),(170,10,NULL,NULL),(171,10,NULL,NULL),(172,10,NULL,NULL),(173,10,NULL,NULL),(174,10,NULL,NULL),(175,10,NULL,NULL),(176,10,NULL,NULL),(177,10,NULL,NULL),(178,10,NULL,NULL),(179,10,NULL,NULL),(180,10,NULL,NULL),(181,10,NULL,NULL),(182,10,NULL,NULL),(183,10,NULL,NULL),(184,10,NULL,NULL),(185,10,NULL,NULL),(186,10,NULL,NULL),(187,10,NULL,NULL),(188,10,NULL,NULL),(189,10,NULL,NULL),(190,10,NULL,NULL),(191,10,NULL,NULL),(192,10,NULL,NULL),(193,10,NULL,NULL),(194,10,NULL,NULL),(195,10,NULL,NULL),(196,10,NULL,NULL),(197,10,NULL,NULL),(198,10,NULL,NULL),(199,10,NULL,NULL),(200,10,NULL,NULL),(201,10,NULL,NULL),(202,10,NULL,NULL),(203,10,NULL,NULL),(204,10,NULL,NULL),(205,10,NULL,NULL),(206,10,NULL,NULL),(207,10,NULL,NULL),(208,10,NULL,NULL),(209,10,NULL,NULL),(210,10,NULL,NULL),(211,10,NULL,NULL),(212,10,NULL,NULL),(213,10,NULL,NULL),(214,10,NULL,NULL),(215,10,NULL,NULL),(216,10,NULL,NULL),(217,10,NULL,NULL),(218,10,NULL,NULL),(219,10,NULL,NULL),(220,10,NULL,NULL),(221,10,NULL,NULL),(222,10,NULL,NULL),(223,10,NULL,NULL),(224,10,NULL,NULL),(225,10,NULL,NULL),(226,10,NULL,NULL),(227,10,NULL,NULL),(228,10,NULL,NULL),(229,10,NULL,NULL),(230,10,NULL,NULL),(231,10,NULL,NULL),(232,10,NULL,NULL),(233,10,NULL,NULL),(234,10,NULL,NULL),(235,10,NULL,NULL),(236,10,NULL,NULL),(237,10,NULL,NULL),(238,10,NULL,NULL),(239,10,NULL,NULL),(240,10,NULL,NULL),(241,10,NULL,NULL),(242,10,NULL,NULL),(243,10,NULL,NULL),(244,10,NULL,NULL),(245,10,NULL,NULL),(246,10,NULL,NULL),(247,10,NULL,NULL),(248,10,NULL,NULL),(249,10,NULL,NULL),(250,10,NULL,NULL),(251,10,NULL,NULL),(252,10,NULL,NULL),(253,10,NULL,NULL),(254,10,NULL,NULL),(255,10,NULL,NULL),(256,10,NULL,NULL),(257,10,NULL,NULL),(258,10,NULL,NULL),(259,10,NULL,NULL),(260,10,NULL,NULL),(261,10,NULL,NULL),(262,10,NULL,NULL),(263,10,NULL,NULL),(264,10,NULL,NULL),(265,10,NULL,NULL),(266,10,NULL,NULL),(267,10,NULL,NULL),(268,10,NULL,NULL),(269,10,NULL,NULL),(270,10,NULL,NULL),(271,10,NULL,NULL),(272,10,NULL,NULL),(273,10,NULL,NULL),(274,10,NULL,NULL),(275,10,NULL,NULL),(276,10,NULL,NULL),(277,10,NULL,NULL),(278,10,NULL,NULL),(279,10,NULL,NULL),(280,10,NULL,NULL),(281,10,NULL,NULL),(282,10,NULL,NULL),(283,10,NULL,NULL),(284,10,NULL,NULL),(285,10,NULL,NULL),(286,10,NULL,NULL),(287,10,NULL,NULL),(288,10,NULL,NULL),(289,10,NULL,NULL),(290,10,NULL,NULL),(291,10,NULL,NULL),(292,10,NULL,NULL),(293,10,NULL,NULL),(294,10,NULL,NULL),(295,10,NULL,NULL),(296,10,NULL,NULL),(297,10,NULL,NULL),(298,10,NULL,NULL),(299,10,NULL,NULL),(300,10,NULL,NULL),(301,10,NULL,NULL),(302,10,NULL,NULL),(303,10,NULL,NULL),(304,10,NULL,NULL),(305,10,NULL,NULL),(306,10,NULL,NULL),(307,10,NULL,NULL),(308,10,NULL,NULL),(309,10,NULL,NULL),(310,10,NULL,NULL),(311,10,NULL,NULL),(312,10,NULL,NULL),(313,10,NULL,NULL),(314,10,NULL,NULL),(315,10,NULL,NULL),(316,10,NULL,NULL),(317,10,NULL,NULL),(318,10,NULL,NULL),(319,10,NULL,NULL),(320,10,NULL,NULL),(321,10,NULL,NULL),(322,10,NULL,NULL),(323,10,NULL,NULL),(324,10,NULL,NULL),(325,10,NULL,NULL),(326,10,NULL,NULL),(327,10,NULL,NULL),(328,10,NULL,NULL),(329,10,NULL,NULL),(330,10,NULL,NULL),(331,10,NULL,NULL),(332,10,NULL,NULL),(333,10,NULL,NULL),(334,10,NULL,NULL),(335,10,NULL,NULL),(336,10,NULL,NULL),(337,10,NULL,NULL),(338,10,NULL,NULL),(339,10,NULL,NULL),(340,10,NULL,NULL),(341,10,NULL,NULL),(342,10,NULL,NULL),(343,10,NULL,NULL),(344,10,NULL,NULL),(345,10,NULL,NULL),(346,10,NULL,NULL),(347,10,NULL,NULL),(348,10,NULL,NULL),(349,10,NULL,NULL),(350,10,NULL,NULL),(351,10,NULL,NULL),(352,10,NULL,NULL),(353,10,NULL,NULL),(354,10,NULL,NULL),(355,10,NULL,NULL),(356,10,NULL,NULL),(357,10,NULL,NULL),(358,10,NULL,NULL),(359,10,NULL,NULL),(360,10,NULL,NULL),(361,10,NULL,NULL),(362,10,NULL,NULL),(363,10,NULL,NULL),(364,10,NULL,NULL),(365,10,NULL,NULL),(366,10,NULL,NULL),(367,10,NULL,NULL),(368,10,NULL,NULL),(369,10,NULL,NULL),(370,10,NULL,NULL),(371,10,NULL,NULL),(372,10,NULL,NULL),(373,10,NULL,NULL),(374,10,NULL,NULL),(375,10,NULL,NULL),(376,10,NULL,NULL),(377,10,NULL,NULL),(378,10,NULL,NULL),(379,10,NULL,NULL),(380,10,NULL,NULL),(381,10,NULL,NULL),(382,10,NULL,NULL),(383,10,NULL,NULL),(384,10,NULL,NULL),(385,10,NULL,NULL),(386,10,NULL,NULL),(387,10,NULL,NULL),(388,10,NULL,NULL),(389,10,NULL,NULL),(390,10,NULL,NULL),(391,10,NULL,NULL),(392,10,NULL,NULL),(393,10,NULL,NULL),(394,10,NULL,NULL),(395,10,NULL,NULL),(396,10,NULL,NULL),(397,10,NULL,NULL),(398,10,NULL,NULL),(399,10,NULL,NULL),(400,10,NULL,NULL),(401,10,NULL,NULL),(402,10,NULL,NULL),(403,10,NULL,NULL),(404,10,NULL,NULL),(405,10,NULL,NULL),(406,10,NULL,NULL),(407,10,NULL,NULL),(408,10,NULL,NULL),(409,10,NULL,NULL),(410,10,NULL,NULL),(411,10,NULL,NULL),(412,10,NULL,NULL),(413,10,NULL,NULL),(414,10,NULL,NULL),(415,10,NULL,NULL),(416,10,NULL,NULL),(417,10,NULL,NULL),(418,10,NULL,NULL),(419,10,NULL,NULL),(420,10,NULL,NULL),(421,10,NULL,NULL),(422,10,NULL,NULL),(423,10,NULL,NULL),(424,10,NULL,NULL),(425,10,NULL,NULL),(426,10,NULL,NULL),(427,10,NULL,NULL),(428,10,NULL,NULL),(429,10,NULL,NULL),(430,10,NULL,NULL),(431,10,NULL,NULL),(432,10,NULL,NULL),(433,10,NULL,NULL),(434,10,NULL,NULL),(435,10,NULL,NULL),(436,10,NULL,NULL),(437,10,NULL,NULL),(438,10,NULL,NULL),(439,10,NULL,NULL),(440,10,NULL,NULL),(441,10,NULL,NULL),(442,10,NULL,NULL),(443,10,NULL,NULL),(444,10,NULL,NULL),(445,10,NULL,NULL),(446,10,NULL,NULL),(447,10,NULL,NULL),(448,10,NULL,NULL),(449,10,NULL,NULL),(450,10,NULL,NULL),(451,10,NULL,NULL),(452,10,NULL,NULL),(453,10,NULL,NULL),(454,10,NULL,NULL),(455,10,NULL,NULL),(456,10,NULL,NULL),(457,10,NULL,NULL),(458,10,NULL,NULL),(459,10,NULL,NULL),(460,10,NULL,NULL),(461,10,NULL,NULL),(462,10,NULL,NULL),(463,10,NULL,NULL),(464,10,NULL,NULL),(465,10,NULL,NULL),(466,10,NULL,NULL),(467,10,NULL,NULL),(468,10,NULL,NULL),(469,10,NULL,NULL),(470,10,NULL,NULL),(471,10,NULL,NULL),(472,10,NULL,NULL),(473,10,NULL,NULL),(474,10,NULL,NULL),(475,10,NULL,NULL),(476,10,NULL,NULL),(477,10,NULL,NULL),(478,10,NULL,NULL),(479,10,NULL,NULL),(480,10,NULL,NULL),(481,10,NULL,NULL),(482,10,NULL,NULL),(483,10,NULL,NULL),(484,10,NULL,NULL),(485,10,NULL,NULL),(486,10,NULL,NULL),(487,10,NULL,NULL),(488,10,NULL,NULL),(489,10,NULL,NULL),(490,10,NULL,NULL),(491,10,NULL,NULL),(492,10,NULL,NULL),(493,10,NULL,NULL),(494,10,NULL,NULL),(495,10,NULL,NULL),(496,10,NULL,NULL),(497,10,NULL,NULL),(498,10,NULL,NULL),(499,10,NULL,NULL),(500,10,NULL,NULL),(501,10,NULL,NULL),(502,10,NULL,NULL),(503,10,NULL,NULL),(504,10,NULL,NULL),(505,10,NULL,NULL),(506,10,NULL,NULL),(507,10,NULL,NULL),(508,10,NULL,NULL),(509,10,NULL,NULL),(510,10,NULL,NULL),(511,10,NULL,NULL),(512,10,NULL,NULL),(513,10,NULL,NULL),(514,10,NULL,NULL),(515,10,NULL,NULL),(516,10,NULL,NULL),(517,10,NULL,NULL),(518,10,NULL,NULL),(519,10,NULL,NULL),(520,10,NULL,NULL),(521,10,NULL,NULL),(522,10,NULL,NULL),(523,10,NULL,NULL),(524,10,NULL,NULL),(525,10,NULL,NULL),(526,10,NULL,NULL),(527,10,NULL,NULL),(528,10,NULL,NULL),(529,10,NULL,NULL),(530,10,NULL,NULL),(531,10,NULL,NULL),(532,10,NULL,NULL),(533,10,NULL,NULL),(534,10,NULL,NULL),(535,10,NULL,NULL),(536,10,NULL,NULL),(537,10,NULL,NULL),(538,10,NULL,NULL),(539,10,NULL,NULL),(540,10,NULL,NULL),(541,10,NULL,NULL),(542,10,NULL,NULL),(543,10,NULL,NULL),(544,10,NULL,NULL),(545,10,NULL,NULL),(546,10,NULL,NULL),(547,10,NULL,NULL),(548,10,NULL,NULL),(549,10,NULL,NULL),(550,10,NULL,NULL),(551,10,NULL,NULL),(552,10,NULL,NULL),(553,10,NULL,NULL),(554,10,NULL,NULL),(555,10,NULL,NULL),(556,10,NULL,NULL),(557,10,NULL,NULL),(558,10,NULL,NULL),(559,10,NULL,NULL),(560,10,NULL,NULL),(561,10,NULL,NULL),(562,10,NULL,NULL),(563,10,NULL,NULL),(564,10,NULL,NULL),(565,10,NULL,NULL),(566,10,NULL,NULL),(567,10,NULL,NULL),(568,10,NULL,NULL),(569,10,NULL,NULL),(570,10,NULL,NULL),(571,10,NULL,NULL),(572,10,NULL,NULL),(573,10,NULL,NULL),(574,10,NULL,NULL),(575,10,NULL,NULL),(576,10,NULL,NULL),(577,10,NULL,NULL),(578,10,NULL,NULL),(579,10,NULL,NULL),(580,10,NULL,NULL),(581,10,NULL,NULL),(582,10,NULL,NULL),(583,10,NULL,NULL),(584,10,NULL,NULL),(585,10,NULL,NULL),(586,10,NULL,NULL),(587,10,NULL,NULL),(588,10,NULL,NULL),(589,10,NULL,NULL),(590,10,NULL,NULL),(591,10,NULL,NULL),(592,10,NULL,NULL),(593,10,NULL,NULL),(594,10,NULL,NULL),(595,10,NULL,NULL),(596,10,NULL,NULL),(597,10,NULL,NULL),(598,10,NULL,NULL),(599,10,NULL,NULL),(600,10,NULL,NULL),(601,10,NULL,NULL),(602,10,NULL,NULL),(603,10,NULL,NULL),(604,10,NULL,NULL),(605,10,NULL,NULL),(606,10,NULL,NULL),(607,10,NULL,NULL),(608,10,NULL,NULL),(609,10,NULL,NULL),(610,10,NULL,NULL),(611,10,NULL,NULL),(612,10,NULL,NULL),(613,10,NULL,NULL),(614,10,NULL,NULL),(615,10,NULL,NULL),(616,10,NULL,NULL),(617,10,NULL,NULL),(618,10,NULL,NULL),(619,10,NULL,NULL),(620,10,NULL,NULL),(621,10,NULL,NULL),(622,10,NULL,NULL),(623,10,NULL,NULL),(624,10,NULL,NULL),(625,10,NULL,NULL),(626,10,NULL,NULL),(627,10,NULL,NULL),(628,10,NULL,NULL),(629,10,NULL,NULL),(630,10,NULL,NULL),(631,10,NULL,NULL),(632,10,NULL,NULL),(633,10,NULL,NULL),(634,10,NULL,NULL),(635,10,NULL,NULL),(636,10,NULL,NULL),(637,10,NULL,NULL),(638,10,NULL,NULL),(639,10,NULL,NULL),(640,10,NULL,NULL),(641,10,NULL,NULL),(642,10,NULL,NULL),(643,10,NULL,NULL),(644,10,NULL,NULL),(645,10,NULL,NULL),(646,10,NULL,NULL),(647,10,NULL,NULL),(648,10,NULL,NULL),(649,10,NULL,NULL),(650,10,NULL,NULL),(651,10,NULL,NULL),(652,10,NULL,NULL),(653,10,NULL,NULL),(654,10,NULL,NULL),(655,10,NULL,NULL),(656,10,NULL,NULL),(657,10,NULL,NULL),(658,10,NULL,NULL),(659,10,NULL,NULL),(660,10,NULL,NULL),(661,10,NULL,NULL),(662,10,NULL,NULL),(663,10,NULL,NULL),(664,10,NULL,NULL),(665,10,NULL,NULL),(666,10,NULL,NULL),(667,10,NULL,NULL),(668,10,NULL,NULL),(669,10,NULL,NULL),(670,10,NULL,NULL),(671,10,NULL,NULL),(672,10,NULL,NULL),(673,10,NULL,NULL),(674,10,NULL,NULL),(675,10,NULL,NULL),(676,10,NULL,NULL),(677,10,NULL,NULL),(678,10,NULL,NULL),(679,10,NULL,NULL),(680,10,NULL,NULL),(681,10,NULL,NULL),(682,10,NULL,NULL),(683,10,NULL,NULL),(684,10,NULL,NULL),(685,10,NULL,NULL),(686,10,NULL,NULL),(687,10,NULL,NULL),(688,10,NULL,NULL),(689,10,NULL,NULL),(690,10,NULL,NULL),(691,10,NULL,NULL),(692,10,NULL,NULL),(693,10,NULL,NULL),(694,10,NULL,NULL),(695,10,NULL,NULL),(696,10,NULL,NULL),(697,10,NULL,NULL),(698,10,NULL,NULL),(699,10,NULL,NULL),(700,10,NULL,NULL),(701,10,NULL,NULL),(702,10,NULL,NULL),(703,10,NULL,NULL),(704,10,NULL,NULL),(705,10,NULL,NULL),(706,10,NULL,NULL),(707,10,NULL,NULL),(708,10,NULL,NULL),(709,10,NULL,NULL),(710,10,NULL,NULL),(711,10,NULL,NULL),(712,10,NULL,NULL),(713,10,NULL,NULL),(714,10,NULL,NULL),(715,10,NULL,NULL),(716,10,NULL,NULL),(717,10,NULL,NULL),(718,10,NULL,NULL),(719,10,NULL,NULL),(720,10,NULL,NULL),(721,10,NULL,NULL),(722,10,NULL,NULL),(723,10,NULL,NULL),(724,10,NULL,NULL),(725,10,NULL,NULL),(726,10,NULL,NULL),(727,10,NULL,NULL),(728,10,NULL,NULL),(729,10,NULL,NULL),(730,10,NULL,NULL),(731,10,NULL,NULL),(732,10,NULL,NULL),(733,10,NULL,NULL),(734,10,NULL,NULL),(735,10,NULL,NULL),(736,10,NULL,NULL),(737,10,NULL,NULL),(738,10,NULL,NULL),(739,10,NULL,NULL),(740,10,NULL,NULL),(741,10,NULL,NULL),(742,10,NULL,NULL),(743,10,NULL,NULL),(744,10,NULL,NULL),(745,10,NULL,NULL),(746,10,NULL,NULL),(747,10,NULL,NULL),(748,10,NULL,NULL),(749,10,NULL,NULL),(750,10,NULL,NULL),(751,10,NULL,NULL),(752,10,NULL,NULL),(753,10,NULL,NULL),(754,10,NULL,NULL),(755,10,NULL,NULL),(756,10,NULL,NULL),(757,10,NULL,NULL),(758,10,NULL,NULL),(759,10,NULL,NULL),(760,10,NULL,NULL),(761,10,NULL,NULL),(762,10,NULL,NULL),(763,10,NULL,NULL),(764,10,NULL,NULL),(765,10,NULL,NULL),(766,10,NULL,NULL),(767,10,NULL,NULL),(768,10,NULL,NULL),(769,10,NULL,NULL),(770,10,NULL,NULL),(771,10,NULL,NULL),(772,10,NULL,NULL),(773,10,NULL,NULL),(774,10,NULL,NULL),(775,10,NULL,NULL),(776,10,NULL,NULL),(777,10,NULL,NULL),(778,10,NULL,NULL),(779,10,NULL,NULL),(780,10,NULL,NULL),(781,10,NULL,NULL),(782,10,NULL,NULL),(783,10,NULL,NULL),(784,10,NULL,NULL),(785,10,NULL,NULL),(786,10,NULL,NULL),(787,10,NULL,NULL),(788,10,NULL,NULL),(789,10,NULL,NULL),(790,10,NULL,NULL),(791,10,NULL,NULL),(792,10,NULL,NULL),(793,10,NULL,NULL),(794,10,NULL,NULL),(795,10,NULL,NULL),(796,10,NULL,NULL),(797,10,NULL,NULL),(798,10,NULL,NULL),(799,10,NULL,NULL),(800,10,NULL,NULL),(801,10,NULL,NULL),(802,10,NULL,NULL),(803,10,NULL,NULL),(804,10,NULL,NULL),(805,10,NULL,NULL),(806,10,NULL,NULL),(807,10,NULL,NULL),(808,10,NULL,NULL),(809,10,NULL,NULL),(810,10,NULL,NULL),(811,10,NULL,NULL),(812,10,NULL,NULL),(813,10,NULL,NULL),(814,10,NULL,NULL),(815,10,NULL,NULL),(816,10,NULL,NULL),(817,10,NULL,NULL),(818,10,NULL,NULL),(819,10,NULL,NULL),(820,10,NULL,NULL),(821,10,NULL,NULL),(822,10,NULL,NULL),(823,10,NULL,NULL),(824,10,NULL,NULL),(825,10,NULL,NULL),(826,10,NULL,NULL),(827,10,NULL,NULL),(828,10,NULL,NULL),(829,10,NULL,NULL),(830,10,NULL,NULL),(831,10,NULL,NULL),(832,10,NULL,NULL),(833,10,NULL,NULL),(834,10,NULL,NULL),(835,10,NULL,NULL),(836,10,NULL,NULL),(837,10,NULL,NULL),(838,10,NULL,NULL),(839,10,NULL,NULL),(840,10,NULL,NULL),(841,10,NULL,NULL),(842,10,NULL,NULL),(843,10,NULL,NULL),(844,10,NULL,NULL),(845,10,NULL,NULL),(846,10,NULL,NULL),(847,10,NULL,NULL),(848,10,NULL,NULL),(849,10,NULL,NULL),(850,10,NULL,NULL),(851,10,NULL,NULL),(852,10,NULL,NULL),(853,10,NULL,NULL),(854,10,NULL,NULL),(855,10,NULL,NULL),(856,10,NULL,NULL),(857,10,NULL,NULL),(858,10,NULL,NULL),(859,10,NULL,NULL),(860,10,NULL,NULL),(861,10,NULL,NULL),(862,10,NULL,NULL),(863,10,NULL,NULL),(864,10,NULL,NULL),(865,10,NULL,NULL),(866,10,NULL,NULL),(867,10,NULL,NULL),(868,10,NULL,NULL),(869,10,NULL,NULL),(870,10,NULL,NULL),(871,10,NULL,NULL),(872,10,NULL,NULL),(873,10,NULL,NULL),(874,10,NULL,NULL),(875,10,NULL,NULL),(876,10,NULL,NULL),(877,10,NULL,NULL),(878,10,NULL,NULL),(879,10,NULL,NULL),(880,10,NULL,NULL),(881,10,NULL,NULL),(882,10,NULL,NULL),(883,10,NULL,NULL),(884,10,NULL,NULL),(885,10,NULL,NULL),(886,10,NULL,NULL),(887,10,NULL,NULL),(888,10,NULL,NULL),(889,10,NULL,NULL),(890,10,NULL,NULL),(891,10,NULL,NULL),(892,10,NULL,NULL),(893,10,NULL,NULL),(894,10,NULL,NULL),(895,10,NULL,NULL),(896,10,NULL,NULL),(897,10,NULL,NULL),(898,10,NULL,NULL),(899,10,NULL,NULL),(900,10,NULL,NULL),(901,10,NULL,NULL),(902,10,NULL,NULL),(903,10,NULL,NULL),(904,10,NULL,NULL),(905,10,NULL,NULL),(906,10,NULL,NULL),(907,10,NULL,NULL),(908,10,NULL,NULL),(909,10,NULL,NULL),(910,10,NULL,NULL),(911,10,NULL,NULL),(912,10,NULL,NULL),(913,10,NULL,NULL),(914,10,NULL,NULL),(915,10,NULL,NULL),(916,10,NULL,NULL),(917,10,NULL,NULL),(918,10,NULL,NULL),(919,10,NULL,NULL),(920,10,NULL,NULL),(921,10,NULL,NULL),(922,10,NULL,NULL),(923,10,NULL,NULL),(924,10,NULL,NULL),(925,10,NULL,NULL),(926,10,NULL,NULL),(927,10,NULL,NULL),(928,10,NULL,NULL),(929,10,NULL,NULL),(930,10,NULL,NULL),(931,10,NULL,NULL),(932,10,NULL,NULL),(933,10,NULL,NULL),(934,10,NULL,NULL),(935,10,NULL,NULL),(936,10,NULL,NULL),(937,10,NULL,NULL),(938,10,NULL,NULL);

/*Table structure for table `monthly_requisition_cost` */

DROP TABLE IF EXISTS `monthly_requisition_cost`;

CREATE TABLE `monthly_requisition_cost` (
  `year` int(11) NOT NULL,
  `month` int(11) NOT NULL,
  `total_cost` double NOT NULL
) ENGINE=MyISAM DEFAULT CHARSET=latin1;

/*Data for the table `monthly_requisition_cost` */

insert  into `monthly_requisition_cost`(`year`,`month`,`total_cost`) values (2018,5,538.04),(2018,5,538.04);

/*Table structure for table `next_client_flight_check_seq_no` */

DROP TABLE IF EXISTS `next_client_flight_check_seq_no`;

CREATE TABLE `next_client_flight_check_seq_no` (
  `client_id` int(11) NOT NULL,
  `next_flight_check_no` bigint(20) DEFAULT NULL,
  PRIMARY KEY (`client_id`)
) ENGINE=MyISAM DEFAULT CHARSET=latin1;

/*Data for the table `next_client_flight_check_seq_no` */

insert  into `next_client_flight_check_seq_no`(`client_id`,`next_flight_check_no`) values (1,10004),(2,10004),(3,10001),(4,10000),(5,10000);

/*Table structure for table `next_invoice_seq_no` */

DROP TABLE IF EXISTS `next_invoice_seq_no`;

CREATE TABLE `next_invoice_seq_no` (
  `next_invoice_no` bigint(20) DEFAULT NULL
) ENGINE=MyISAM DEFAULT CHARSET=latin1;

/*Data for the table `next_invoice_seq_no` */

insert  into `next_invoice_seq_no`(`next_invoice_no`) values (126);

/*Table structure for table `next_po_seq_no` */

DROP TABLE IF EXISTS `next_po_seq_no`;

CREATE TABLE `next_po_seq_no` (
  `next_po_no` bigint(20) DEFAULT NULL
) ENGINE=MyISAM DEFAULT CHARSET=latin1;

/*Data for the table `next_po_seq_no` */

insert  into `next_po_seq_no`(`next_po_no`) values (1008);

/*Table structure for table `next_quote_seq_no` */

DROP TABLE IF EXISTS `next_quote_seq_no`;

CREATE TABLE `next_quote_seq_no` (
  `next_quote_no` bigint(20) DEFAULT NULL
) ENGINE=MyISAM DEFAULT CHARSET=latin1;

/*Data for the table `next_quote_seq_no` */

insert  into `next_quote_seq_no`(`next_quote_no`) values (127);

/*Table structure for table `notification_statuses` */

DROP TABLE IF EXISTS `notification_statuses`;

CREATE TABLE `notification_statuses` (
  `status_id` int(11) NOT NULL AUTO_INCREMENT,
  `notification_status` varchar(15) NOT NULL,
  PRIMARY KEY (`status_id`)
) ENGINE=MyISAM AUTO_INCREMENT=3 DEFAULT CHARSET=latin1;

/*Data for the table `notification_statuses` */

insert  into `notification_statuses`(`status_id`,`notification_status`) values (1,'Read'),(2,'Unread');

/*Table structure for table `notification_types` */

DROP TABLE IF EXISTS `notification_types`;

CREATE TABLE `notification_types` (
  `notification_type_id` int(11) NOT NULL AUTO_INCREMENT,
  `type_of_notificatioin` varchar(300) NOT NULL,
  PRIMARY KEY (`notification_type_id`)
) ENGINE=MyISAM AUTO_INCREMENT=6 DEFAULT CHARSET=latin1;

/*Data for the table `notification_types` */

insert  into `notification_types`(`notification_type_id`,`type_of_notificatioin`) values (1,'Requisition Received'),(2,'Requisition Dispatched'),(3,'Purchase Order Made'),(4,'Purchase Order Updated'),(5,'Low Stock Level Reached');

/*Table structure for table `notifications` */

DROP TABLE IF EXISTS `notifications`;

CREATE TABLE `notifications` (
  `notification_id` bigint(20) NOT NULL AUTO_INCREMENT,
  `title` varchar(300) NOT NULL,
  `details` text NOT NULL,
  PRIMARY KEY (`notification_id`)
) ENGINE=MyISAM AUTO_INCREMENT=6 DEFAULT CHARSET=latin1;

/*Data for the table `notifications` */

insert  into `notifications`(`notification_id`,`title`,`details`) values (1,'Requisition Received','<strong>Hello [first_name],</strong>\r\n\r\n<p>A new requisition has been created that needs your attention.</p>'),(2,'Requisition Dispatched','<strong>Hello [first_name],</strong>\r\n\r\n<p>The requisition that you made has been dispatched.</p>'),(3,'Purchase Order Made','<strong>Hello [first_name],</strong>\r\n\r\n<p>A new Purchase Order has been made. Please login to [SIR] to update it.</p>'),(4,'Purchase Order Updated','<strong>Hello [first_name],</strong>\r\n\r\n<p>Your Purchase Order has been updated. Please login to [SIR] to see the updated \r\nstatus.</p>'),(5,'Low Stock Level Reached','<strong>Hello [first_name],</strong>\r\n\r\n<p>[product_name] has reached its minimum stock level.</p>\r\n\r\n<p>Please check the product and consider re-ordering.</p>');

/*Table structure for table `permission_groups` */

DROP TABLE IF EXISTS `permission_groups`;

CREATE TABLE `permission_groups` (
  `group_id` int(11) NOT NULL AUTO_INCREMENT,
  `group_name` varchar(300) NOT NULL,
  PRIMARY KEY (`group_id`)
) ENGINE=MyISAM AUTO_INCREMENT=3 DEFAULT CHARSET=latin1;

/*Data for the table `permission_groups` */

insert  into `permission_groups`(`group_id`,`group_name`) values (1,'SuperAdministrator'),(2,'Administrator');

/*Table structure for table `permissions` */

DROP TABLE IF EXISTS `permissions`;

CREATE TABLE `permissions` (
  `permission_id` int(11) NOT NULL AUTO_INCREMENT,
  `permission` varchar(500) DEFAULT NULL,
  `description` text,
  PRIMARY KEY (`permission_id`)
) ENGINE=InnoDB AUTO_INCREMENT=54 DEFAULT CHARSET=latin1;

/*Data for the table `permissions` */

insert  into `permissions`(`permission_id`,`permission`,`description`) values (1,'view_products',NULL),(2,'add_product',NULL),(3,'edit_product',NULL),(4,'delete_product',NULL),(5,'view_forms',NULL),(6,'create_requisition',NULL),(7,'edit_requisition',NULL),(8,'view_requisitions',NULL),(9,'view_users',NULL),(10,'add_user',NULL),(11,'edit_user',NULL),(12,'delete_user',NULL),(13,'view_departments',NULL),(14,'add_department',NULL),(15,'edit_department',NULL),(16,'delete_department',NULL),(17,'view_job_titles',NULL),(18,'add_job_title',NULL),(19,'edit_job_title',NULL),(20,'delete_job_title',NULL),(21,'view_login_log',NULL),(22,'view_suppliers',NULL),(23,'add_supplier',NULL),(24,'edit_supplier',NULL),(25,'delete_supplier',NULL),(26,'approve_requisition_form',NULL),(27,'create_purchase_order',NULL),(28,'create_flight_check_sheet',NULL),(29,'add_inventory',NULL),(30,'view_flight_check_sheets',NULL),(31,'view_purchase_orders',NULL),(32,'view_inventory',NULL),(33,'approve_purchase_order',NULL),(34,'delete_purchase_order',NULL),(35,'delete_flight_check_sheet',NULL),(36,'delete_requisition',NULL),(37,'edit_purchase_order',NULL),(38,'edit_flight_check_sheet',NULL),(39,'dispatch_requisition',NULL),(40,'create_invoice',NULL),(41,'view_generated_barcodes',NULL),(42,'duplicate_flight_check_sheet',NULL),(43,'duplicate_requisition',NULL),(44,'edit_client',NULL),(45,'delete_client',NULL),(46,'duplicate_purchase_order',NULL),(47,'create_quote',NULL),(48,'edit_invoice',NULL),(49,'edit_quote',NULL),(50,'delete_invoice',NULL),(51,'delete_quote',NULL),(52,'view_invoices',NULL),(53,'view_quotes',NULL);

/*Table structure for table `prepared_meals` */

DROP TABLE IF EXISTS `prepared_meals`;

CREATE TABLE `prepared_meals` (
  `meal_id` int(11) NOT NULL AUTO_INCREMENT,
  `meal_name` varchar(600) NOT NULL,
  `unit_id` int(11) DEFAULT NULL,
  PRIMARY KEY (`meal_id`)
) ENGINE=MyISAM DEFAULT CHARSET=latin1;

/*Data for the table `prepared_meals` */

/*Table structure for table `product_location_categories` */

DROP TABLE IF EXISTS `product_location_categories`;

CREATE TABLE `product_location_categories` (
  `category_id` int(11) NOT NULL AUTO_INCREMENT,
  `category_name` varchar(200) NOT NULL,
  PRIMARY KEY (`category_id`)
) ENGINE=MyISAM AUTO_INCREMENT=9 DEFAULT CHARSET=latin1;

/*Data for the table `product_location_categories` */

insert  into `product_location_categories`(`category_id`,`category_name`) values (1,'Dairy Cooler'),(2,'Dry Stores'),(3,'Freezer'),(4,'Meat Freezer'),(5,'Vegetable Cooler'),(6,'Paper & Packaging'),(7,'Sanitation');

/*Table structure for table `product_product_categories` */

DROP TABLE IF EXISTS `product_product_categories`;

CREATE TABLE `product_product_categories` (
  `product_id` int(11) NOT NULL,
  `category_id` int(11) NOT NULL,
  PRIMARY KEY (`product_id`,`category_id`)
) ENGINE=MyISAM DEFAULT CHARSET=latin1;

/*Data for the table `product_product_categories` */

/*Table structure for table `product_stock_levels` */

DROP TABLE IF EXISTS `product_stock_levels`;

CREATE TABLE `product_stock_levels` (
  `product_id` int(11) NOT NULL,
  `current_stock_level` double NOT NULL,
  PRIMARY KEY (`product_id`)
) ENGINE=MyISAM DEFAULT CHARSET=latin1;

/*Data for the table `product_stock_levels` */

insert  into `product_stock_levels`(`product_id`,`current_stock_level`) values (841,7),(842,17800),(843,2600),(844,0.75),(845,0),(846,220),(847,0),(848,2472),(851,3),(852,0),(853,0.25),(854,1),(855,0),(856,0.75),(857,315),(858,0),(859,0),(860,7),(861,30),(862,0),(863,12),(864,184),(865,3000),(866,12400),(867,16),(868,0),(869,3),(871,150),(872,141),(873,0),(874,0),(875,0),(876,0),(877,13),(878,3),(879,3),(880,3),(881,10),(882,24),(883,2),(884,500),(885,1),(886,30),(887,0),(888,97),(889,0),(890,6),(891,0),(892,9),(893,3),(894,1),(1,14),(2,2955),(3,1100),(4,0),(5,14),(6,0.68),(7,88.8),(8,6.54),(9,0),(10,1200),(11,10),(12,20),(13,-16),(14,3),(15,0),(16,45),(17,4.92),(18,1.02),(19,0),(20,0.48),(21,35),(22,20),(23,0),(24,1),(25,4),(26,0),(27,7),(28,2),(29,0),(30,0),(31,0),(32,0),(33,0),(34,1.5),(35,4.5),(36,1080),(37,0),(38,8.25),(39,240),(40,0),(41,0),(42,2),(43,2),(44,0),(47,0),(48,335),(49,0),(50,16),(52,2),(53,0),(54,360),(55,0),(56,0),(57,0),(58,0),(59,3.3),(60,0),(61,8),(62,2),(63,0),(64,15),(65,217),(66,0),(67,-39),(68,31),(69,3),(70,25),(71,6),(72,12),(73,1),(74,0),(75,0),(76,5),(77,450),(78,100),(79,36),(80,14),(81,23),(82,0),(83,0),(84,3),(85,25.5),(86,1),(87,11),(88,1),(89,0),(90,51),(91,0),(92,3.1),(93,0),(94,48),(95,5),(96,48),(97,3),(98,15),(99,3),(100,63),(101,4170),(102,0),(103,1200),(104,11),(105,0),(106,3),(107,0),(108,3),(109,2),(110,2),(111,0),(112,1),(113,172),(114,0),(116,0),(117,100),(119,0),(120,2),(121,0),(122,0),(123,0),(124,5),(125,35),(126,10),(127,0),(128,0),(129,27),(130,4),(131,2),(132,7200),(133,4),(134,0),(135,2),(136,779),(137,0),(138,6),(139,0),(140,257),(141,2),(142,1),(143,3685),(144,151),(145,648),(146,100),(147,4),(148,2),(149,0),(150,0),(151,1),(152,187),(153,4626),(154,1),(155,0),(156,3),(157,0),(158,15),(159,9),(160,13),(161,4),(162,2),(163,0),(164,4),(165,0),(166,12),(167,0),(168,1),(169,51),(170,108),(171,0),(172,69),(173,7),(174,144),(175,3),(176,0),(177,0),(178,0),(179,5),(180,3),(181,0),(182,83),(183,0),(185,0),(186,3),(187,80),(188,0),(189,0),(190,9),(191,2),(192,35),(193,2),(194,0),(195,0),(196,0),(197,17),(198,4),(199,0),(200,11),(201,0),(202,31),(204,10),(205,3),(206,33),(207,163.3),(208,27),(209,11),(210,35),(211,50),(212,2),(213,7),(214,112),(215,7.5),(216,4),(217,11),(218,0),(219,6),(220,0),(221,5),(222,5),(223,48),(224,0),(225,3240),(226,480),(227,153),(228,65),(229,176),(230,14),(231,112),(232,0),(233,0),(234,0),(235,1),(236,0),(237,0),(238,28),(239,0),(240,20),(241,800),(242,1),(243,0),(244,0),(245,0),(246,3),(247,9),(248,0),(251,17),(252,1725),(253,17),(254,0),(256,0),(257,10),(258,-13),(260,0),(261,57),(262,0),(263,109.1),(264,137.1),(265,30),(266,91.4),(267,44.3),(268,56.8),(269,0),(270,236),(271,195),(272,584),(273,0),(274,0),(275,60),(276,0),(277,0),(278,-19),(279,31.9),(280,70),(281,55),(282,0),(283,0),(284,-14),(285,0),(286,4.9),(287,0),(288,0),(289,110.2),(290,60.9),(291,187.8),(292,163),(293,700),(294,0),(295,0),(296,0),(297,30),(298,0),(299,0),(300,2800),(301,89.5),(302,0),(303,12),(304,60),(305,29),(306,0),(307,0),(308,2),(309,0.22),(310,25.2),(311,65),(312,0),(313,23.8),(314,0),(315,10.8),(316,0),(317,0),(318,18.5),(319,0),(320,13.4),(321,9.4),(322,0),(323,96),(324,0),(325,60),(326,300),(327,0),(328,192),(452,228),(453,15),(454,17.9),(455,209.4),(456,0),(457,15.1),(458,16),(459,1.2),(460,10),(461,0),(462,42.8),(463,0),(464,31),(465,40),(466,0),(467,2.9),(469,0),(470,8.7),(471,18.7),(472,12.5),(473,0),(474,78),(475,0),(476,38),(477,0),(478,83.7),(479,63.5),(480,10),(481,1.8),(482,0),(483,19.8),(484,22.05),(485,3.6),(486,112.3),(487,0),(488,43.8),(489,40),(490,0),(491,43),(492,27),(493,80),(494,1.92),(495,18),(496,24.4),(497,11),(498,0),(646,5.2),(647,45.9),(648,0),(649,7.2),(650,65.4),(651,6.5),(652,0),(653,35),(654,0.4),(655,2.2),(656,0),(657,8.7),(658,4.6),(659,23.8),(660,27.9),(661,12),(662,0),(663,1.5),(664,22),(665,0.2),(666,40.1),(667,2.5),(668,19.9),(669,0),(670,6),(671,1.1),(672,22.4),(673,16.3),(674,0),(675,80.3),(676,0),(677,2.2),(678,7.2),(679,0),(680,211.2),(681,21.4),(682,1.9),(683,54.2),(684,25.5),(685,40.6),(686,3.5),(687,2),(688,0),(689,3.5),(690,18.2),(691,53.4),(692,40.2),(693,1.3),(694,0),(695,11.8),(696,13.2),(697,10.3),(698,31.9),(699,49.6),(700,21.9),(701,3.6),(702,2.1),(703,2.5),(704,18.4),(705,0),(707,0.4),(708,0.9),(709,5),(710,0),(711,2.2),(712,0),(713,2.5),(714,1.8),(715,1.1),(716,0),(717,3.8),(718,53.6),(719,52.8),(720,0),(721,20.4),(895,376),(896,636),(897,144),(898,132),(899,2300),(900,230),(901,380),(902,620),(903,540),(904,5771),(905,5750),(906,2500),(907,20000),(908,2500),(909,20000),(910,0),(911,10870),(912,4000),(913,10000),(914,0),(915,6),(916,0),(917,0),(918,4),(919,2375),(920,1300),(921,1500),(922,1100),(923,1800),(924,0),(925,115),(926,100),(927,30),(928,6910),(929,10050),(930,0),(931,1250),(932,0),(933,36),(934,0),(935,0),(936,2),(937,276),(938,17),(939,10),(941,6),(942,6);

/*Table structure for table `products` */

DROP TABLE IF EXISTS `products`;

CREATE TABLE `products` (
  `product_id` bigint(20) NOT NULL AUTO_INCREMENT,
  `product_name` varchar(200) NOT NULL,
  `description` text NOT NULL,
  `barcode` text,
  `product_category_id` int(11) NOT NULL,
  `price` double DEFAULT NULL,
  `weight` double DEFAULT NULL,
  `unit_id` int(11) DEFAULT NULL,
  PRIMARY KEY (`product_id`)
) ENGINE=InnoDB AUTO_INCREMENT=943 DEFAULT CHARSET=latin1;

/*Data for the table `products` */

insert  into `products`(`product_id`,`product_name`,`description`,`barcode`,`product_category_id`,`price`,`weight`,`unit_id`) values (1,'BUTTER FOIL ','BUTTER FOIL ','424260100018',1,0.38,0,6),(2,'BUTTER PC','BUTTER PC',NULL,1,0.04,NULL,NULL),(3,'BUTTER PC (Smart Balance)','BUTTER PC (Smart Balance)',NULL,1,0.04,NULL,NULL),(4,'CHEDDAR SHARP PC','CHEDDAR SHARP PC',NULL,1,0.44,NULL,NULL),(5,'CHEESE AMERICAN SLICED','CHEESE AMERICAN SLICED',NULL,1,1.66,NULL,NULL),(6,'CHEESE BELGIOIOSO PARMESAN','CHEESE BELGIOIOSO PARMESAN',NULL,1,6.43,NULL,NULL),(7,'CHEESE BLUE','CHEESE BLUE',NULL,1,2.48,NULL,NULL),(8,'CHEESE BRIE','CHEESE BRIE',NULL,1,2.34,NULL,NULL),(9,'CHEESE CHEDDAR MILD','CHEESE CHEDDAR MILD',NULL,1,2.24,NULL,NULL),(10,'CHEESE CHEDDAR MILD MINI PC','CHEESE CHEDDAR MILD MINI PC',NULL,1,0.19,NULL,NULL),(11,'CHEESE CHEDDAR SHARP','CHEESE CHEDDAR SHARP',NULL,1,2.22,NULL,NULL),(12,'CHEESE CHEDDAR SHREDDED','CHEESE CHEDDAR SHREDDED',NULL,1,0.81,NULL,NULL),(13,'CHEESE CHEDDER SLICE','CHEESE CHEDDER SLICE',NULL,1,3.54,NULL,NULL),(14,'CHEESE CREAM','CHEESE CREAM',NULL,1,1.74,NULL,NULL),(15,'CHEESE DANISH (NETJET)','CHEESE DANISH (NETJET)',NULL,1,0.35,NULL,NULL),(16,'CHEESE FETA','CHEESE FETA',NULL,1,2.39,NULL,NULL),(17,'CHEESE GOAT','CHEESE GOAT',NULL,1,7.5,NULL,NULL),(18,'CHEESE GOUDA LITE','CHEESE GOUDA LITE',NULL,1,7.97,NULL,NULL),(19,'CHEESE HAVARTI','CHEESE HAVARTI',NULL,1,11.98,NULL,NULL),(20,'CHEESE MOZZARELLA','CHEESE MOZZARELLA',NULL,1,2.1,NULL,NULL),(21,'CHEESE MOZZARELLA SHREDDED','CHEESE MOZZARELLA SHREDDED',NULL,1,2.1,NULL,NULL),(22,'CHEESE PARMESAN SHREDDED','CHEESE PARMESAN SHREDDED',NULL,1,3.81,NULL,NULL),(23,'CHEESE PEPPER JACK','CHEESE PEPPER JACK',NULL,1,4.24,NULL,NULL),(24,'CHEESE RICOTTA ','CHEESE RICOTTA ',NULL,1,8.33,NULL,NULL),(25,'CHEESE SWISS SLICED .75OZ','CHEESE SWISS SLICED .75OZ',NULL,1,2.95,NULL,NULL),(26,'CHEESE WHEEL BLUE ( ROSE & CROWN)','CHEESE WHEEL BLUE ( ROSE & CROWN)',NULL,1,2.48,NULL,NULL),(27,'CREAM HEAVY','CREAM HEAVY',NULL,1,4.13,NULL,NULL),(28,'CREAM SOUR','CREAM SOUR',NULL,1,0.18,NULL,NULL),(29,'DRESSING BAL. VINEGARETTE PC','DRESSING BAL. VINEGARETTE PC',NULL,1,0.12,NULL,NULL),(30,'DRESSING CAESAR','DRESSING CAESAR',NULL,1,0,NULL,NULL),(31,'DRESSING CAESAR CREAMY PC','DRESSING CAESAR CREAMY PC',NULL,1,0.22,NULL,NULL),(32,'DRESSING CAESAR GAL','DRESSING CAESAR GAL',NULL,1,0,NULL,NULL),(33,'DRESSING GLUTEN FREE PC','DRESSING GLUTEN FREE PC',NULL,1,0.02,NULL,NULL),(34,'DRESSING HONEY MUSTARD DIJON GAL.','DRESSING HONEY MUSTARD DIJON GAL.',NULL,1,9.22,NULL,NULL),(35,'DRESSING ITALIAN ','DRESSING ITALIAN ',NULL,1,1.69,NULL,NULL),(36,'DRESSING POMEGRANATE PC','DRESSING POMEGRANATE PC',NULL,1,0.18,NULL,NULL),(37,'DRESSING RANCH GAL','DRESSING RANCH GAL',NULL,1,4.39,NULL,NULL),(38,'DRESSING VINEGAR BALSAMIC GAL','DRESSING VINEGAR BALSAMIC GAL',NULL,1,8.78,NULL,NULL),(39,'EGG','EGG',NULL,1,0.09,NULL,NULL),(40,'EGG LIQUID','EGG LIQUID',NULL,1,2.83,NULL,NULL),(41,'FLAN CARAMEL 16 OZ','FLAN CARAMEL 16 OZ',NULL,1,0,NULL,NULL),(42,'GUACAMOLE','GUACAMOLE',NULL,1,5.99,NULL,NULL),(43,'HUMUS','HUMUS',NULL,1,5.99,NULL,NULL),(44,'JELLY GRAPE','JELLY GRAPE',NULL,1,0.09,NULL,NULL),(45,'JUICE ORANGE 10OZ TROPICANA','JUICE ORANGE 10OZ TROPICANA',NULL,1,0.7,NULL,NULL),(46,'JUICE ORANGE PT 16OZ','JUICE ORANGE PT 16OZ',NULL,1,3.79,NULL,NULL),(47,'LAUGHING COW CHEESE','LAUGHING COW CHEESE',NULL,1,0.44,NULL,NULL),(48,'MARGARINE SOLID ALL VEG','MARGARINE SOLID ALL VEG',NULL,1,0.76,NULL,NULL),(49,'MARGARINE ZERO','MARGARINE ZERO',NULL,1,2.44,NULL,NULL),(50,'MILK 1 PINT 2%','MILK 1 PINT 2%',NULL,1,1.02,NULL,NULL),(51,'MILK 1/2 PT 2%','MILK 1/2 PT 2%',NULL,1,1.91,NULL,NULL),(52,'MILK HALF & HALF 1 PT','MILK HALF & HALF 1 PT',NULL,1,0.1,NULL,NULL),(53,'MILK HALF & HALF NON DAIRY CREAMER','MILK HALF & HALF NON DAIRY CREAMER',NULL,1,0.04,NULL,NULL),(54,'MILK HALF & HALF PC','MILK HALF & HALF PC',NULL,1,0.04,NULL,NULL),(55,'MILK HERSHEY','MILK HERSHEY',NULL,1,1.35,NULL,NULL),(56,'MILK WHOLE 1/2 GL','MILK WHOLE 1/2 GL',NULL,1,2.84,NULL,NULL),(57,'MILK WHOLE 1PT','MILK WHOLE 1PT',NULL,1,2.04,NULL,NULL),(58,'MILK WHOLE GAL','MILK WHOLE GAL',NULL,1,5.58,NULL,NULL),(59,'MOZZARELLA FRESH','MOZZARELLA FRESH',NULL,1,9.79,NULL,NULL),(60,'OLIVES KALAMATA','OLIVES KALAMATA',NULL,1,6.2,NULL,NULL),(61,'PLAIN YOGURT','PLAIN YOGURT',NULL,1,0.25,NULL,NULL),(62,'PUDDING RICE','PUDDING RICE',NULL,1,4.99,NULL,NULL),(63,'SLICED CHEESE (Provolone)','SLICED CHEESE (Provolone)',NULL,1,5.94,NULL,NULL),(64,'SUNDRIED TOMATO','SUNDRIED TOMATO',NULL,1,3.38,NULL,NULL),(65,'YOGURT','YOGURT',NULL,1,0.26,NULL,NULL),(66,'YOGURT GREEK','YOGURT GREEK',NULL,1,2.68,NULL,NULL),(67,'ALMOND SLICES','ALMOND SLICES',NULL,2,2.29,NULL,NULL),(68,'ALMOND WHOLE','ALMOND WHOLE',NULL,2,5.99,NULL,NULL),(69,'APRICOTS','APRICOTS',NULL,2,2.64,NULL,NULL),(70,'ARTICHOKE HEARTS #10','ARTICHOKE HEARTS #10',NULL,2,18.61,NULL,NULL),(71,'BEAN BLACK','BEAN BLACK',NULL,2,1.17,NULL,NULL),(72,'BEANS GARBANZO','BEANS GARBANZO',NULL,2,1.14,NULL,NULL),(73,'BEANS RED KIDNEY','BEANS RED KIDNEY',NULL,2,3.75,NULL,NULL),(74,'BEEF CORNED','BEEF CORNED',NULL,2,2.99,NULL,NULL),(75,'BEET SLICED','BEET SLICED',NULL,2,1.33,NULL,NULL),(76,'BREAD CRUMBS','BREAD CRUMBS',NULL,2,3.99,NULL,1),(77,'BREAD DINNER ROLLS','BREAD DINNER ROLLS',NULL,2,0.25,NULL,NULL),(78,'BREAD DINNER ROLLS (DOZEN)','BREAD DINNER ROLLS (DOZEN)',NULL,2,0.25,NULL,NULL),(79,'BREAD SCOTTISH BAPS','BREAD SCOTTISH BAPS',NULL,2,0.3,NULL,NULL),(80,'BREAD WHEAT/WHITE SLICED','BREAD WHEAT/WHITE SLICED',NULL,2,1.8,NULL,NULL),(81,'BROWNING & SEASONING SAUCE','BROWNING & SEASONING SAUCE',NULL,2,6.23,NULL,NULL),(82,'BROWNING CARAMEL','BROWNING CARAMEL',NULL,2,1.75,NULL,NULL),(83,'BURGER BUNS','BURGER BUNS',NULL,2,0.3,NULL,NULL),(84,'BUTTER PEANUT 40OZ','BUTTER PEANUT 40OZ',NULL,2,2.79,NULL,NULL),(85,'CALLEBAUT CHOCOLATE (BLACK)','CALLEBAUT CHOCOLATE (BLACK)',NULL,2,2.38,NULL,NULL),(86,'CAPERS CAPOTOE ','CAPERS CAPOTOE ',NULL,2,2.19,NULL,NULL),(87,'CEREAL KELLOGG\'S','CEREAL KELLOGG\'S',NULL,2,0.55,NULL,NULL),(88,'CHERRIES MARASCHINO','CHERRIES MARASCHINO',NULL,2,4.99,NULL,NULL),(89,'CHOCOLATE CHIP AHOY','CHOCOLATE CHIP AHOY',NULL,2,0,NULL,NULL),(90,'CHUTNEY MANGO','CHUTNEY MANGO',NULL,2,2.86,NULL,NULL),(91,'COCOA POWDER (BAKING)','COCOA POWDER (BAKING)',NULL,2,2.54,NULL,NULL),(92,'COCONUT FLAKES','COCONUT FLAKES',NULL,2,2.3,NULL,NULL),(93,'COFFEE MAXWELL HOUSE','COFFEE MAXWELL HOUSE',NULL,2,0.09,NULL,NULL),(94,'COOKIE OREO','COOKIE OREO',NULL,2,0.22,NULL,NULL),(95,'CORN BABY','CORN BABY',NULL,2,2.09,NULL,NULL),(96,'CORN STARCH','CORN STARCH',NULL,2,0.64,NULL,NULL),(97,'CORN SWEET','CORN SWEET',NULL,2,0.76,NULL,NULL),(98,'CORNMEAL','CORNMEAL',NULL,2,0.04,NULL,NULL),(99,'COUS COUS 10OZ','COUS COUS 10OZ',NULL,2,5.39,NULL,NULL),(100,'CRACKERS CARRS ASSORTED','CRACKERS CARRS ASSORTED',NULL,2,3.49,NULL,NULL),(101,'CRACKERS CARRS BITESIZE','CRACKERS CARRS BITESIZE',NULL,2,0.17,NULL,NULL),(102,'CRACKERS RICE','CRACKERS RICE',NULL,2,2.75,NULL,NULL),(103,'CRACKERS WHEAT','CRACKERS WHEAT',NULL,2,0.06,NULL,NULL),(104,'CRAISINS ','CRAISINS ',NULL,2,0.21,NULL,NULL),(105,'CROUTONS PLAIN','CROUTONS PLAIN',NULL,2,0.05,NULL,NULL),(106,'CUMIN SEASONING 16OZ','CUMIN SEASONING 16OZ',NULL,2,1.63,NULL,NULL),(107,'DARK COAT CHOCOLATE','DARK COAT CHOCOLATE',NULL,2,4.79,NULL,NULL),(108,'DILL VLASIC KOSHER 16 OZ','DILL VLASIC KOSHER 16 OZ',NULL,2,3.65,NULL,NULL),(109,'DRESSING ASIAN SESAME','DRESSING ASIAN SESAME',NULL,2,2.39,NULL,NULL),(110,'DRESSING BLUE CHEESE 16OZ','DRESSING BLUE CHEESE 16OZ',NULL,2,4.49,NULL,NULL),(111,'DRESSING BLUE CHEESE GAL','DRESSING BLUE CHEESE GAL',NULL,2,8.23,NULL,NULL),(112,'DRESSING CAESAR 16OZ','DRESSING CAESAR 16OZ',NULL,2,4.09,NULL,NULL),(113,'DRESSING CAESAR ROYAL PC','DRESSING CAESAR ROYAL PC',NULL,2,0.07,NULL,NULL),(114,'DRESSING GREEK 16OZ','DRESSING GREEK 16OZ',NULL,2,4.09,NULL,NULL),(115,'DRESSING ITALIAN','DRESSING ITALIAN',NULL,2,0.07,NULL,NULL),(116,'DRESSING ITALIAN 16OZ','DRESSING ITALIAN 16OZ',NULL,2,1.69,NULL,NULL),(117,'DRESSING ITALIAN PC','DRESSING ITALIAN PC',NULL,2,0.06,NULL,NULL),(118,'DRESSING RANCH 16OZ','DRESSING RANCH 16OZ',NULL,2,4.39,NULL,NULL),(119,'FIGS DRIED','FIGS DRIED',NULL,2,5.97,NULL,NULL),(120,'FILLING APPLE','FILLING APPLE',NULL,2,5.49,NULL,NULL),(121,'FILLING CHERRY','FILLING CHERRY',NULL,2,9.42,NULL,NULL),(122,'FILLING STRAWBERRY','FILLING STRAWBERRY',NULL,2,10.07,NULL,NULL),(123,'FISH TUNA ','FISH TUNA ',NULL,2,4.49,NULL,NULL),(124,'FISH TUNA 12OZ','FISH TUNA 12OZ',NULL,2,1.69,NULL,NULL),(125,'FLOUR ALL PURPOSE','FLOUR ALL PURPOSE',NULL,2,3.7,NULL,NULL),(126,'GRAVY BROWN .87','GRAVY BROWN .87',NULL,2,0.79,NULL,NULL),(127,'GRAVY CHICKEN .87OZ','GRAVY CHICKEN .87OZ',NULL,2,0.79,NULL,NULL),(128,'GRAVY MIX BISTO','GRAVY MIX BISTO',NULL,2,1.49,NULL,NULL),(129,'HONEY PURE','HONEY PURE',NULL,2,12.2,NULL,NULL),(130,'HORSERADISH','HORSERADISH',NULL,2,2.69,NULL,NULL),(131,'JAM GRAPE','JAM GRAPE',NULL,2,2.79,NULL,NULL),(132,'JAM STRAWBERRY PC','JAM STRAWBERRY PC',NULL,2,0.07,NULL,NULL),(133,'JUICE APPLE 1QT','JUICE APPLE 1QT',NULL,2,2.99,NULL,NULL),(134,'JUICE CRANBERRY 1QT','JUICE CRANBERRY 1QT',NULL,2,10.49,NULL,NULL),(135,'JUICE LEMON','JUICE LEMON',NULL,2,3.39,NULL,NULL),(136,'JUICE ORANGE MINUTE MAID 11.5 oz','JUICE ORANGE MINUTE MAID 11.5 oz',NULL,2,0.59,NULL,NULL),(137,'JUICE TOMATO 12OZ','JUICE TOMATO 12OZ',NULL,2,0,NULL,NULL),(138,'KALAMATA PITTED OLIVES','KALAMATA PITTED OLIVES',NULL,2,6.68,NULL,NULL),(139,'MACKEREL TIN 15OZ','MACKEREL TIN 15OZ',NULL,2,2.99,NULL,NULL),(140,'MAYONAISE JAR','MAYONAISE JAR',NULL,2,0.43,NULL,NULL),(141,'MAYONNAISE ','MAYONNAISE ',NULL,2,4.95,NULL,NULL),(142,'MAYONNAISE GAL','MAYONNAISE GAL',NULL,2,7.25,NULL,NULL),(143,'MAYONNAISE PC','MAYONNAISE PC',NULL,2,0.05,NULL,NULL),(144,'MILK 32OZ (SHELF) ASEPTIC 2%','MILK 32OZ (SHELF) ASEPTIC 2%',NULL,2,2.31,NULL,NULL),(145,'MILK 8OZ (SHELF) ASEPTIC 2%','MILK 8OZ (SHELF) ASEPTIC 2%',NULL,2,0.5,NULL,NULL),(146,'MILK COCONUT','MILK COCONUT',NULL,2,1.55,NULL,NULL),(147,'MILK EVAPORATED','MILK EVAPORATED',NULL,2,0.86,NULL,NULL),(148,'MILO','MILO',NULL,2,5.59,NULL,NULL),(149,'MORSEL WHITE','MORSEL WHITE',NULL,2,3.99,NULL,NULL),(150,'MUSHROOM STEMS & PIECES','MUSHROOM STEMS & PIECES',NULL,2,5.22,NULL,NULL),(151,'MUSTARD 9OZ','MUSTARD 9OZ',NULL,2,1.29,NULL,NULL),(152,'MUSTARD JAR','MUSTARD JAR',NULL,2,0.35,NULL,NULL),(153,'MUSTARD PC','MUSTARD PC',NULL,2,0.05,NULL,NULL),(154,'OATS ','OATS ',NULL,2,4.99,NULL,NULL),(155,'OIL DEEP FRY SHORTENING','OIL DEEP FRY SHORTENING',NULL,2,18.33,NULL,NULL),(156,'OIL OLIVE','OIL OLIVE',NULL,2,9.03,NULL,NULL),(157,'OIL SOYBEAN SALAD VEGETABLE','OIL SOYBEAN SALAD VEGETABLE',NULL,2,10.15,NULL,NULL),(158,'OIL VEGETABLE','OIL VEGETABLE',NULL,2,6.16,NULL,NULL),(159,'OLIVE RIPE SLICED','OLIVE RIPE SLICED',NULL,2,6.5,NULL,NULL),(160,'OLIVE RIPE WHOLE','OLIVE RIPE WHOLE',NULL,2,5.55,NULL,NULL),(161,'OLIVES MANZANILLA','OLIVES MANZANILLA',NULL,2,5.55,NULL,NULL),(162,'ORANGES MANDARINE','ORANGES MANDARINE',NULL,2,2.73,NULL,NULL),(163,'OREO PIECES','OREO PIECES',NULL,2,2.59,NULL,NULL),(164,'PAM','PAM',NULL,2,4.99,NULL,NULL),(165,'PAN AU CHOCOLATE','PAN AU CHOCOLATE',NULL,2,0.4,NULL,NULL),(166,'PASTA BOWTIE','PASTA BOWTIE',NULL,2,1.29,NULL,NULL),(167,'PASTA GNOCCHI','PASTA GNOCCHI',NULL,2,1.65,NULL,NULL),(168,'PASTA ORZO ROSA MARINA','PASTA ORZO ROSA MARINA',NULL,2,1.08,NULL,NULL),(169,'PASTA PENNE','PASTA PENNE',NULL,2,0.66,NULL,NULL),(170,'PASTA RIGATONI','PASTA RIGATONI',NULL,2,0.63,NULL,NULL),(171,'PASTA ROTINI','PASTA ROTINI',NULL,2,1.19,NULL,NULL),(172,'PASTA SPAGEHETTINI','PASTA SPAGEHETTINI',NULL,2,0.61,NULL,NULL),(173,'PASTE GREEN CURRY','PASTE GREEN CURRY',NULL,2,2.86,NULL,NULL),(174,'PASTE GUAVA','PASTE GUAVA',NULL,2,2.08,NULL,NULL),(175,'PEAR HALVES','PEAR HALVES',NULL,2,1.99,NULL,NULL),(176,'PECAN PIECES','PECAN PIECES',NULL,2,4.99,NULL,NULL),(177,'PESTO IN OLIVE','PESTO IN OLIVE',NULL,2,11.38,NULL,NULL),(178,'PIMENTO CAN','PIMENTO CAN',NULL,2,2.78,NULL,NULL),(179,'PINEAPPLE DICED/CHUNK','PINEAPPLE DICED/CHUNK',NULL,2,5.15,NULL,NULL),(180,'PINEAPPLE SLICES 20OZ','PINEAPPLE SLICES 20OZ',NULL,2,2.09,NULL,NULL),(181,'PINENUTS','PINENUTS',NULL,2,4.74,NULL,NULL),(182,'POTATO CHIPS','POTATO CHIPS',NULL,2,0.23,NULL,NULL),(183,'POTATO CHIPS BBQ','POTATO CHIPS BBQ',NULL,2,0.25,NULL,NULL),(184,'POTATO CHIPS ONION','POTATO CHIPS ONION',NULL,2,0.25,NULL,NULL),(185,'POTATO CHIPS VINEGAR & SALT','POTATO CHIPS VINEGAR & SALT',NULL,2,0.24,NULL,NULL),(186,'POTATO INSTANT MASHED','POTATO INSTANT MASHED',NULL,2,7.56,NULL,NULL),(187,'POWDER BAKING','POWDER BAKING',NULL,2,1.61,NULL,NULL),(188,'POWDER BASIL LEAVES','POWDER BASIL LEAVES',NULL,2,5.67,NULL,NULL),(189,'POWDER BAY LEAVES','POWDER BAY LEAVES',NULL,2,6,NULL,NULL),(190,'POWDER CARIBBEAN JERK SEASONING','POWDER CARIBBEAN JERK SEASONING',NULL,2,8.18,NULL,NULL),(191,'POWDER CHILLI','POWDER CHILLI',NULL,2,6.75,NULL,NULL),(192,'POWDER CINNAMON GROUND','POWDER CINNAMON GROUND',NULL,2,7.66,NULL,NULL),(193,'POWDER CURRY','POWDER CURRY',NULL,2,9.39,NULL,NULL),(194,'POWDER CURRY RED','POWDER CURRY RED',NULL,2,9.39,NULL,NULL),(195,'POWDER GARLIC','POWDER GARLIC',NULL,2,4.1,NULL,NULL),(196,'POWDER GELATIN MIX','POWDER GELATIN MIX',NULL,2,4.25,NULL,NULL),(197,'POWDER GINGER','POWDER GINGER',NULL,2,8.81,NULL,NULL),(198,'POWDER ITALIAN SEASONING','POWDER ITALIAN SEASONING',NULL,2,5.77,NULL,NULL),(199,'POWDER NUTMEG','POWDER NUTMEG',NULL,2,11.01,NULL,NULL),(200,'POWDER PAPRIKA 16 OZ','POWDER PAPRIKA 16 OZ',NULL,2,6.71,NULL,NULL),(201,'POWDER PEPPER WHITE GROUND','POWDER PEPPER WHITE GROUND',NULL,2,16.29,NULL,NULL),(202,'POWDER RED PEPPER ROASTED #10','POWDER RED PEPPER ROASTED #10',NULL,2,6.21,NULL,NULL),(203,'POWDER SEAFOOD SEASONING','POWDER SEAFOOD SEASONING',NULL,2,8.2,NULL,NULL),(204,'POWDER TUMERIC GROUND','POWDER TUMERIC GROUND',NULL,2,7.79,NULL,NULL),(205,'QUINOA','QUINOA',NULL,2,9.99,NULL,NULL),(206,'RAISIN ','RAISIN ',NULL,2,1.68,NULL,NULL),(207,'RAISIN PC','RAISIN PC',NULL,2,0.03,NULL,NULL),(208,'RICE BARS','RICE BARS',NULL,2,0.67,NULL,NULL),(209,'RICE BASMATI','RICE BASMATI',NULL,2,1.41,NULL,NULL),(210,'RICE JASMINE','RICE JASMINE',NULL,2,0.7,NULL,NULL),(211,'RICE LONG GRAIN','RICE LONG GRAIN',NULL,2,0.3,NULL,NULL),(212,'RICE NOODLES 1LB','RICE NOODLES 1LB',NULL,2,4.67,NULL,NULL),(213,'SALSA TOSTITOS','SALSA TOSTITOS',NULL,2,1.78,NULL,NULL),(214,'SALT IODIZED','SALT IODIZED',NULL,2,0.62,NULL,NULL),(215,'SAUCE BBQ GAL','SAUCE BBQ GAL',NULL,2,3.93,NULL,NULL),(216,'SAUCE COCKTAIL 8OZ','SAUCE COCKTAIL 8OZ',NULL,2,3.49,NULL,NULL),(217,'SAUCE CRANBERRY','SAUCE CRANBERRY',NULL,2,2.99,NULL,NULL),(218,'SAUCE HONEY MUSTARD GAL.','SAUCE HONEY MUSTARD GAL.',NULL,2,1.23,NULL,NULL),(219,'SAUCE LEMON BUTTER','SAUCE LEMON BUTTER',NULL,2,2.59,NULL,NULL),(220,'SAUCE SOY GAL','SAUCE SOY GAL',NULL,2,8.16,NULL,NULL),(221,'SAUCE SWEET CHILLI','SAUCE SWEET CHILLI',NULL,2,0.39,NULL,NULL),(222,'SAUCE TOBASCO PC','SAUCE TOBASCO PC',NULL,2,0.37,NULL,NULL),(223,'SAUSAGE VIENNA','SAUSAGE VIENNA',NULL,2,0.74,NULL,NULL),(224,'SNACK GRANOLA CRANBERRY','SNACK GRANOLA CRANBERRY',NULL,2,0.63,NULL,NULL),(225,'SNACK GRANOLA OATS & HONEY','SNACK GRANOLA OATS & HONEY',NULL,2,0.28,NULL,NULL),(226,'SODA','SODA',NULL,2,0.58,NULL,NULL),(227,'SUGAR BROWN','SUGAR BROWN',NULL,2,1.07,NULL,NULL),(228,'SUGAR FONDANT','SUGAR FONDANT',NULL,2,1.08,NULL,NULL),(229,'SUGAR GRANULATED','SUGAR GRANULATED',NULL,2,0.7,NULL,NULL),(230,'SWEET GHERKINS','SWEET GHERKINS',NULL,2,10.04,NULL,NULL),(231,'SYRUP BREAKFAST PC','SYRUP BREAKFAST PC',NULL,2,0.11,NULL,NULL),(232,'SYRUP CARAMEL HERSHEY 22OZ','SYRUP CARAMEL HERSHEY 22OZ',NULL,2,2.3,NULL,NULL),(233,'SYRUP CHOCOLATE HERSHEYS','SYRUP CHOCOLATE HERSHEYS',NULL,2,2.3,NULL,NULL),(234,'SYRUP STRAWBERRY','SYRUP STRAWBERRY',NULL,2,1.99,NULL,NULL),(235,'TANDORI PASTE','TANDORI PASTE',NULL,2,5.59,NULL,NULL),(236,'TEA ASSORTED','TEA ASSORTED',NULL,2,3.27,NULL,NULL),(237,'TEA GINGER','TEA GINGER',NULL,2,3.48,NULL,NULL),(238,'TEA MINT','TEA MINT',NULL,2,2.96,NULL,NULL),(239,'TOMATO DICED CAN','TOMATO DICED CAN',NULL,2,3.75,NULL,NULL),(240,'TOMATO KETCHUP','TOMATO KETCHUP',NULL,2,3.79,NULL,NULL),(241,'TOMATO KETCHUP PC','TOMATO KETCHUP PC',NULL,2,0.03,NULL,NULL),(242,'TOMATO PASTE','TOMATO PASTE',NULL,2,3.84,NULL,NULL),(243,'TOMATO SAUCE CAN','TOMATO SAUCE CAN',NULL,2,3.63,NULL,NULL),(244,'TOMATO SUNDRIED 32 OZ','TOMATO SUNDRIED 32 OZ',NULL,2,5.99,NULL,NULL),(245,'TUNA 665OZ','TUNA 665OZ',NULL,2,1.35,NULL,NULL),(246,'VANILLA EXTRACT','VANILLA EXTRACT',NULL,2,3.26,NULL,NULL),(247,'VINEGAR WHITE','VINEGAR WHITE',NULL,2,1.52,NULL,NULL),(248,'WALNUT HALVES & PIECES','WALNUT HALVES & PIECES',NULL,2,6.53,NULL,NULL),(249,'WATER 1.5OZ','WATER 1.5OZ',NULL,2,0.55,NULL,NULL),(250,'WATER 1LT','WATER 1LT',NULL,2,0.37,NULL,NULL),(251,'WATER 330 ML','WATER 330 ML',NULL,2,0.8,NULL,NULL),(252,'WATER 500 ML','WATER 500 ML','011161017592',2,0.9,0,6),(253,'WATER CRYSTAL GEYSER 1.5L','WATER CRYSTAL GEYSER 1.5L',NULL,2,9.93,NULL,NULL),(254,'WATER CRYSTAL GEYSER 1L','WATER CRYSTAL GEYSER 1L',NULL,2,9.28,NULL,NULL),(255,'WATER FIJI','WATER FIJI',NULL,2,1.35,NULL,NULL),(256,'WATER PERRIER 23 OZ','WATER PERRIER 23 OZ',NULL,2,4.69,NULL,NULL),(257,'WATER PERRIER LIME 11.5 OZ','WATER PERRIER LIME 11.5 OZ',NULL,2,1.19,NULL,NULL),(258,'WINE COOKING','WINE COOKING',NULL,2,3.43,NULL,NULL),(259,'APPLE CRUMBLE ','APPLE CRUMBLE ',NULL,3,1.82,NULL,NULL),(260,'ASSORTED DANISH','ASSORTED DANISH',NULL,3,0.35,NULL,NULL),(261,'BAGELS ASSORTED','BAGELS ASSORTED',NULL,3,0.5,NULL,NULL),(262,'BANANA FROZEN','BANANA FROZEN',NULL,3,2.38,NULL,NULL),(263,'BEAN GREEN CUT','BEAN GREEN CUT',NULL,3,0.8,NULL,NULL),(264,'BEANS  WHOLE GREEN','BEANS  WHOLE GREEN',NULL,3,1.54,NULL,NULL),(265,'BERRIES FROZEN BLACK','BERRIES FROZEN BLACK',NULL,3,1.49,NULL,NULL),(266,'BERRIES FROZEN BLUE','BERRIES FROZEN BLUE',NULL,3,1.47,NULL,NULL),(267,'BERRIES FROZEN MIXED','BERRIES FROZEN MIXED',NULL,3,1.49,NULL,NULL),(268,'BERRIES FROZEN STRAWBERRY','BERRIES FROZEN STRAWBERRY',NULL,3,1.78,NULL,NULL),(269,'BREAD ASSORTED ARTISAN','BREAD ASSORTED ARTISAN',NULL,3,0.38,NULL,NULL),(270,'BREAD BRIOCHE BUN','BREAD BRIOCHE BUN',NULL,3,3.88,NULL,NULL),(271,'BREAD CIABATTA EURO OVAL','BREAD CIABATTA EURO OVAL',NULL,3,0.52,NULL,NULL),(272,'BREAD CIABATTA ROLL','BREAD CIABATTA ROLL',NULL,3,0.41,NULL,NULL),(273,'BREAD CIABATTA ROLL MINI SANDWICH','BREAD CIABATTA ROLL MINI SANDWICH',NULL,3,0.41,NULL,NULL),(274,'BREAD GLUTEN FREE (HOTDOG)','BREAD GLUTEN FREE (HOTDOG)',NULL,3,0.4,NULL,NULL),(275,'BREAD HAMBURGER BUN SEEDED','BREAD HAMBURGER BUN SEEDED',NULL,3,0.4,NULL,NULL),(276,'BREAD HOAGIE ROLLS','BREAD HOAGIE ROLLS',NULL,3,0.56,NULL,NULL),(277,'BREAD PARISAN','BREAD PARISAN',NULL,3,2.99,NULL,NULL),(278,'BREAD PITA','BREAD PITA',NULL,3,0.67,NULL,NULL),(279,'BROCCOLI CUT','BROCCOLI CUT',NULL,3,1.64,NULL,NULL),(280,'BROCCOLI FLORETS','BROCCOLI FLORETS',NULL,3,0.89,NULL,NULL),(281,'BROWNIE SARA LEE','BROWNIE SARA LEE',NULL,3,0.6,NULL,NULL),(282,'CARROT DICED','CARROT DICED',NULL,3,0.74,NULL,NULL),(283,'CARROT SLICED','CARROT SLICED',NULL,3,0.61,NULL,NULL),(284,'CHEESE CAKE CARAMEL','CHEESE CAKE CARAMEL',NULL,3,1.82,NULL,NULL),(285,'CHEESE CAKE CHERRY CRUMBLE','CHEESE CAKE CHERRY CRUMBLE',NULL,3,1.68,NULL,NULL),(286,'CHEESE CAKE CHOCOLATE','CHEESE CAKE CHOCOLATE',NULL,3,1.82,NULL,NULL),(287,'CHEESE CAKE COOKIE OREO ','CHEESE CAKE COOKIE OREO ',NULL,3,0.51,NULL,NULL),(288,'CHEESE CAKE GUAVA','CHEESE CAKE GUAVA',NULL,3,1.82,NULL,NULL),(289,'CHEESE CAKE LEMON KEYLIME','CHEESE CAKE LEMON KEYLIME',NULL,3,3.37,NULL,NULL),(290,'CHEESE CAKE RASPBERRY','CHEESE CAKE RASPBERRY',NULL,3,1.71,NULL,NULL),(291,'CHEESE RAVIOLI','CHEESE RAVIOLI',NULL,3,3.03,NULL,NULL),(292,'CHICKEN THAI SPRINGROLL','CHICKEN THAI SPRINGROLL',NULL,3,0.65,NULL,NULL),(293,'CHOCOLATE CHIP TRIPLE','CHOCOLATE CHIP TRIPLE',NULL,3,0.31,NULL,NULL),(294,'COOKIE CHUNK MAC NUTS','COOKIE CHUNK MAC NUTS',NULL,3,0.38,NULL,NULL),(295,'COOKIES CHOC. CHUNK /DELTA','COOKIES CHOC. CHUNK /DELTA',NULL,3,0.18,NULL,NULL),(296,'COOKIES MACADAMIA','COOKIES MACADAMIA',NULL,3,0.22,NULL,NULL),(297,'CROISSANT BAKED 1.7OZ','CROISSANT BAKED 1.7OZ',NULL,3,0.24,NULL,NULL),(298,'CROISSANT DOUGH','CROISSANT DOUGH',NULL,3,0.56,NULL,NULL),(299,'DOUGH COOKIE','DOUGH COOKIE',NULL,3,0.3,NULL,NULL),(300,'JUICE ORANGE PC','JUICE ORANGE PC',NULL,3,0.16,NULL,NULL),(301,'MANGO CHUNKS','MANGO CHUNKS',NULL,3,2,NULL,NULL),(302,'MUFFIN BANANA NUT','MUFFIN BANANA NUT',NULL,3,0.81,NULL,NULL),(303,'MUFFIN BLUEBERRY','MUFFIN BLUEBERRY',NULL,3,0.4,NULL,NULL),(304,'ORANGE JUICE 32oz CONCENTRATE','ORANGE JUICE 32oz CONCENTRATE',NULL,3,2.92,NULL,NULL),(305,'PANCAKE ','PANCAKE ',NULL,3,0.24,NULL,NULL),(306,'PANCAKE MINI','PANCAKE MINI',NULL,3,3.99,NULL,NULL),(307,'PASTA RAVIOLI SPINACH','PASTA RAVIOLI SPINACH',NULL,3,5.15,NULL,NULL),(308,'PEAS GREEN','PEAS GREEN',NULL,3,1.24,NULL,NULL),(309,'PEPPER HOT','PEPPER HOT',NULL,3,2.99,NULL,NULL),(310,'PLANTAIN FROZEN','PLANTAIN FROZEN',NULL,3,1.85,NULL,NULL),(311,'PUREE GUAVA','PUREE GUAVA',NULL,3,1.93,NULL,NULL),(312,'PUREE MANGO','PUREE MANGO',NULL,3,0.21,NULL,NULL),(313,'PUREE PASSION','PUREE PASSION',NULL,3,0.51,NULL,NULL),(314,'PUREE RASPBERRY','PUREE RASPBERRY',NULL,3,0.26,NULL,NULL),(315,'PUREE STRAWBERRY','PUREE STRAWBERRY',NULL,3,1.64,NULL,NULL),(316,'RASPBERRY FROZEN','RASPBERRY FROZEN',NULL,3,1.91,NULL,NULL),(317,'RAVIOLI MUSHROOM','RAVIOLI MUSHROOM',NULL,3,5.43,NULL,NULL),(318,'ROLL GLUTEN FREE','ROLL GLUTEN FREE',NULL,3,0.4,NULL,NULL),(319,'ROLL SOFT SANDWICH','ROLL SOFT SANDWICH',NULL,3,0.4,NULL,NULL),(320,'SAUCE PESTO','SAUCE PESTO',NULL,3,3.98,NULL,NULL),(321,'TIRAMISU','TIRAMISU',NULL,3,1.82,NULL,NULL),(322,'TOPPING RICHS WHIPPED','TOPPING RICHS WHIPPED',NULL,3,1.98,NULL,NULL),(323,'TORTILLA FLOUR WRAP 12','TORTILLA FLOUR WRAP 12',NULL,3,0.26,NULL,NULL),(324,'TORTILLA TOMATO BASIL','TORTILLA TOMATO BASIL',NULL,3,0.24,NULL,NULL),(325,'TORTILLA WHEAT WRAP','TORTILLA WHEAT WRAP',NULL,3,0.29,NULL,NULL),(326,'TORTILLA WRAP SPINNACH','TORTILLA WRAP SPINNACH',NULL,3,0.31,NULL,NULL),(327,'VEGETABLE MIX','VEGETABLE MIX',NULL,3,3.96,NULL,NULL),(328,'VEGETABLE SPRINGROLL','VEGETABLE SPRINGROLL',NULL,3,0.47,NULL,NULL),(329,'VEGETABLE SPRINGROLL','VEGETABLE SPRINGROLL',NULL,3,0.47,NULL,NULL),(330,'JUICE TOMATO 12OZ','JUICE TOMATO 12OZ',NULL,2,0,NULL,NULL),(331,'KALAMATA PITTED OLIVES','KALAMATA PITTED OLIVES',NULL,2,6.68,NULL,NULL),(332,'MACKEREL TIN 15OZ','MACKEREL TIN 15OZ',NULL,2,2.99,NULL,NULL),(333,'MAYONAISE JAR','MAYONAISE JAR',NULL,2,0.43,NULL,NULL),(334,'MAYONNAISE ','MAYONNAISE ',NULL,2,4.95,NULL,NULL),(335,'MAYONNAISE GAL','MAYONNAISE GAL',NULL,2,7.25,NULL,NULL),(336,'MAYONNAISE PC','MAYONNAISE PC',NULL,2,0.05,NULL,NULL),(337,'MILK 32OZ (SHELF) ASEPTIC 2%','MILK 32OZ (SHELF) ASEPTIC 2%',NULL,2,2.31,NULL,NULL),(338,'MILK 8OZ (SHELF) ASEPTIC 2%','MILK 8OZ (SHELF) ASEPTIC 2%',NULL,2,0.5,NULL,NULL),(339,'MILK COCONUT','MILK COCONUT',NULL,2,1.55,NULL,NULL),(340,'MILK EVAPORATED','MILK EVAPORATED',NULL,2,0.86,NULL,NULL),(341,'MILO','MILO',NULL,2,5.59,NULL,NULL),(342,'MORSEL WHITE','MORSEL WHITE',NULL,2,3.99,NULL,NULL),(343,'MUSHROOM STEMS & PIECES','MUSHROOM STEMS & PIECES',NULL,2,5.22,NULL,NULL),(344,'MUSTARD 9OZ','MUSTARD 9OZ',NULL,2,1.29,NULL,NULL),(345,'MUSTARD JAR','MUSTARD JAR',NULL,2,0.35,NULL,NULL),(346,'MUSTARD PC','MUSTARD PC',NULL,2,0.05,NULL,NULL),(347,'OATS ','OATS ',NULL,2,4.99,NULL,NULL),(348,'OIL DEEP FRY SHORTENING','OIL DEEP FRY SHORTENING',NULL,2,18.33,NULL,NULL),(349,'OIL OLIVE','OIL OLIVE',NULL,2,9.03,NULL,NULL),(350,'OIL SOYBEAN SALAD VEGETABLE','OIL SOYBEAN SALAD VEGETABLE',NULL,2,10.15,NULL,NULL),(351,'OIL VEGETABLE','OIL VEGETABLE',NULL,2,6.16,NULL,NULL),(352,'OLIVE RIPE SLICED','OLIVE RIPE SLICED',NULL,2,6.5,NULL,NULL),(353,'OLIVE RIPE WHOLE','OLIVE RIPE WHOLE',NULL,2,5.55,NULL,NULL),(354,'OLIVES MANZANILLA','OLIVES MANZANILLA',NULL,2,5.55,NULL,NULL),(355,'ORANGES MANDARINE','ORANGES MANDARINE',NULL,2,2.73,NULL,NULL),(356,'OREO PIECES','OREO PIECES',NULL,2,2.59,NULL,NULL),(357,'PAM','PAM',NULL,2,4.99,NULL,NULL),(358,'PAN AU CHOCOLATE','PAN AU CHOCOLATE',NULL,2,0.4,NULL,NULL),(359,'PASTA BOWTIE','PASTA BOWTIE',NULL,2,1.29,NULL,NULL),(360,'PASTA GNOCCHI','PASTA GNOCCHI',NULL,2,1.65,NULL,NULL),(361,'PASTA ORZO ROSA MARINA','PASTA ORZO ROSA MARINA',NULL,2,1.08,NULL,NULL),(362,'PASTA PENNE','PASTA PENNE',NULL,2,0.66,NULL,NULL),(363,'PASTA RIGATONI','PASTA RIGATONI',NULL,2,0.63,NULL,NULL),(364,'PASTA ROTINI','PASTA ROTINI',NULL,2,1.19,NULL,NULL),(365,'PASTA SPAGEHETTINI','PASTA SPAGEHETTINI',NULL,2,0.61,NULL,NULL),(366,'PASTE GREEN CURRY','PASTE GREEN CURRY',NULL,2,2.86,NULL,NULL),(367,'PASTE GUAVA','PASTE GUAVA',NULL,2,2.08,NULL,NULL),(368,'PEAR HALVES','PEAR HALVES',NULL,2,1.99,NULL,NULL),(369,'PECAN PIECES','PECAN PIECES',NULL,2,4.99,NULL,NULL),(370,'PESTO IN OLIVE','PESTO IN OLIVE',NULL,2,11.38,NULL,NULL),(371,'PIMENTO CAN','PIMENTO CAN',NULL,2,2.78,NULL,NULL),(372,'PINEAPPLE DICED/CHUNK','PINEAPPLE DICED/CHUNK',NULL,2,5.15,NULL,NULL),(373,'PINEAPPLE SLICES 20OZ','PINEAPPLE SLICES 20OZ',NULL,2,2.09,NULL,NULL),(374,'PINENUTS','PINENUTS',NULL,2,4.74,NULL,NULL),(375,'POTATO CHIPS','POTATO CHIPS',NULL,2,0.23,NULL,NULL),(376,'POTATO CHIPS BBQ','POTATO CHIPS BBQ',NULL,2,0.25,NULL,NULL),(377,'POTATO CHIPS ONION','POTATO CHIPS ONION',NULL,2,0.25,NULL,NULL),(378,'POTATO CHIPS VINEGAR & SALT','POTATO CHIPS VINEGAR & SALT',NULL,2,0.24,NULL,NULL),(379,'POTATO INSTANT MASHED','POTATO INSTANT MASHED',NULL,2,7.56,NULL,NULL),(380,'POWDER BAKING','POWDER BAKING',NULL,2,1.61,NULL,NULL),(381,'POWDER BASIL LEAVES','POWDER BASIL LEAVES',NULL,2,5.67,NULL,NULL),(382,'POWDER BAY LEAVES','POWDER BAY LEAVES',NULL,2,6,NULL,NULL),(383,'POWDER CARIBBEAN JERK SEASONING','POWDER CARIBBEAN JERK SEASONING',NULL,2,8.18,NULL,NULL),(384,'POWDER CHILLI','POWDER CHILLI',NULL,2,6.75,NULL,NULL),(385,'POWDER CINNAMON GROUND','POWDER CINNAMON GROUND',NULL,2,7.66,NULL,NULL),(386,'POWDER CURRY','POWDER CURRY',NULL,2,9.39,NULL,NULL),(387,'POWDER CURRY RED','POWDER CURRY RED',NULL,2,9.39,NULL,NULL),(388,'POWDER GARLIC','POWDER GARLIC',NULL,2,4.1,NULL,NULL),(389,'POWDER GELATIN MIX','POWDER GELATIN MIX',NULL,2,4.25,NULL,NULL),(390,'POWDER GINGER','POWDER GINGER',NULL,2,8.81,NULL,NULL),(391,'POWDER ITALIAN SEASONING','POWDER ITALIAN SEASONING',NULL,2,5.77,NULL,NULL),(392,'POWDER NUTMEG','POWDER NUTMEG',NULL,2,11.01,NULL,NULL),(393,'POWDER PAPRIKA 16 OZ','POWDER PAPRIKA 16 OZ',NULL,2,6.71,NULL,NULL),(394,'POWDER PEPPER WHITE GROUND','POWDER PEPPER WHITE GROUND',NULL,2,16.29,NULL,NULL),(395,'POWDER RED PEPPER ROASTED #10','POWDER RED PEPPER ROASTED #10',NULL,2,6.21,NULL,NULL),(396,'POWDER SEAFOOD SEASONING','POWDER SEAFOOD SEASONING',NULL,2,8.2,NULL,NULL),(397,'POWDER TUMERIC GROUND','POWDER TUMERIC GROUND',NULL,2,7.79,NULL,NULL),(398,'QUINOA','QUINOA',NULL,2,9.99,NULL,NULL),(399,'RAISIN ','RAISIN ',NULL,2,1.68,NULL,NULL),(400,'RAISIN PC','RAISIN PC',NULL,2,0.03,NULL,NULL),(401,'RICE BARS','RICE BARS',NULL,2,0.67,NULL,NULL),(402,'RICE BASMATI','RICE BASMATI',NULL,2,1.41,NULL,NULL),(403,'RICE JASMINE','RICE JASMINE',NULL,2,0.7,NULL,NULL),(404,'RICE LONG GRAIN','RICE LONG GRAIN',NULL,2,0.3,NULL,NULL),(405,'RICE NOODLES 1LB','RICE NOODLES 1LB',NULL,2,4.67,NULL,NULL),(406,'SALSA TOSTITOS','SALSA TOSTITOS',NULL,2,1.78,NULL,NULL),(407,'SALT IODIZED','SALT IODIZED',NULL,2,0.62,NULL,NULL),(408,'SAUCE BBQ GAL','SAUCE BBQ GAL',NULL,2,3.93,NULL,NULL),(409,'SAUCE COCKTAIL 8OZ','SAUCE COCKTAIL 8OZ',NULL,2,3.49,NULL,NULL),(410,'SAUCE CRANBERRY','SAUCE CRANBERRY',NULL,2,2.99,NULL,NULL),(411,'SAUCE HONEY MUSTARD GAL.','SAUCE HONEY MUSTARD GAL.',NULL,2,1.23,NULL,NULL),(412,'SAUCE LEMON BUTTER','SAUCE LEMON BUTTER',NULL,2,2.59,NULL,NULL),(413,'SAUCE SOY GAL','SAUCE SOY GAL',NULL,2,8.16,NULL,NULL),(414,'SAUCE SWEET CHILLI','SAUCE SWEET CHILLI',NULL,2,0.39,NULL,NULL),(415,'SAUCE TOBASCO PC','SAUCE TOBASCO PC',NULL,2,0.37,NULL,NULL),(416,'SAUSAGE VIENNA','SAUSAGE VIENNA',NULL,2,0.74,NULL,NULL),(417,'SNACK GRANOLA CRANBERRY','SNACK GRANOLA CRANBERRY',NULL,2,0.63,NULL,NULL),(418,'SNACK GRANOLA OATS & HONEY','SNACK GRANOLA OATS & HONEY',NULL,2,0.28,NULL,NULL),(419,'SODA','SODA',NULL,2,0.58,NULL,NULL),(420,'SUGAR BROWN','SUGAR BROWN',NULL,2,1.07,NULL,NULL),(421,'SUGAR FONDANT','SUGAR FONDANT',NULL,2,1.08,NULL,NULL),(422,'SUGAR GRANULATED','SUGAR GRANULATED',NULL,2,0.7,NULL,NULL),(423,'SWEET GHERKINS','SWEET GHERKINS',NULL,2,10.04,NULL,NULL),(424,'SYRUP BREAKFAST PC','SYRUP BREAKFAST PC',NULL,2,0.11,NULL,NULL),(425,'SYRUP CARAMEL HERSHEY 22OZ','SYRUP CARAMEL HERSHEY 22OZ',NULL,2,2.3,NULL,NULL),(426,'SYRUP CHOCOLATE HERSHEYS','SYRUP CHOCOLATE HERSHEYS',NULL,2,2.3,NULL,NULL),(427,'SYRUP STRAWBERRY','SYRUP STRAWBERRY',NULL,2,1.99,NULL,NULL),(428,'TANDORI PASTE','TANDORI PASTE',NULL,2,5.59,NULL,NULL),(429,'TEA ASSORTED','TEA ASSORTED',NULL,2,3.27,NULL,NULL),(430,'TEA GINGER','TEA GINGER',NULL,2,3.48,NULL,NULL),(431,'TEA MINT','TEA MINT',NULL,2,2.96,NULL,NULL),(432,'TOMATO DICED CAN','TOMATO DICED CAN',NULL,2,3.75,NULL,NULL),(433,'TOMATO KETCHUP','TOMATO KETCHUP',NULL,2,3.79,NULL,NULL),(434,'TOMATO KETCHUP PC','TOMATO KETCHUP PC',NULL,2,0.03,NULL,NULL),(435,'TOMATO PASTE','TOMATO PASTE',NULL,2,3.84,NULL,NULL),(436,'TOMATO SAUCE CAN','TOMATO SAUCE CAN',NULL,2,3.63,NULL,NULL),(437,'TOMATO SUNDRIED 32 OZ','TOMATO SUNDRIED 32 OZ',NULL,2,5.99,NULL,NULL),(438,'TUNA 665OZ','TUNA 665OZ',NULL,2,1.35,NULL,NULL),(439,'VANILLA EXTRACT','VANILLA EXTRACT',NULL,2,3.26,NULL,NULL),(440,'VINEGAR WHITE','VINEGAR WHITE',NULL,2,1.52,NULL,NULL),(441,'WALNUT HALVES & PIECES','WALNUT HALVES & PIECES',NULL,2,6.53,NULL,NULL),(442,'WATER 1.5OZ','WATER 1.5OZ',NULL,2,0.55,NULL,NULL),(443,'WATER 1LT','WATER 1LT',NULL,2,0.37,NULL,NULL),(444,'WATER 330 ML','WATER 330 ML',NULL,2,0.8,NULL,NULL),(445,'WATER 500 ML','WATER 500 ML',NULL,2,0.9,NULL,NULL),(446,'WATER CRYSTAL GEYSER 1.5L','WATER CRYSTAL GEYSER 1.5L',NULL,2,9.93,NULL,NULL),(447,'WATER CRYSTAL GEYSER 1L','WATER CRYSTAL GEYSER 1L',NULL,2,9.28,NULL,NULL),(448,'WATER FIJI','WATER FIJI',NULL,2,1.35,NULL,NULL),(449,'WATER PERRIER 23 OZ','WATER PERRIER 23 OZ',NULL,2,4.69,NULL,NULL),(450,'WATER PERRIER LIME 11.5 OZ','WATER PERRIER LIME 11.5 OZ',NULL,2,1.19,NULL,NULL),(451,'WINE COOKING','WINE COOKING',NULL,2,3.43,NULL,NULL),(452,'BACON ENGLISH','BACON ENGLISH',NULL,4,4.31,NULL,NULL),(453,'BACON SLICED','BACON SLICED',NULL,4,1.59,NULL,NULL),(454,'BACON TURKEY','BACON TURKEY',NULL,4,3.99,NULL,NULL),(455,'BEEF BUCKHEAD','BEEF BUCKHEAD',NULL,4,2.88,NULL,NULL),(456,'BEEF GROUND','BEEF GROUND',NULL,4,4.99,NULL,NULL),(457,'BEEF PROVENCAL','BEEF PROVENCAL',NULL,4,9.82,NULL,NULL),(458,'BEEF ROAST SLICED','BEEF ROAST SLICED',NULL,4,5.73,NULL,NULL),(459,'BEEF SIRLOIN STEAK','BEEF SIRLOIN STEAK',NULL,4,3.18,NULL,NULL),(460,'BEEF TENDERLOIN','BEEF TENDERLOIN',NULL,4,9.7,NULL,NULL),(461,'CHICKEN  BREAST 5OZ','CHICKEN  BREAST 5OZ',NULL,4,1.87,NULL,NULL),(462,'CHICKEN 8 PIECE (STAFF)','CHICKEN 8 PIECE (STAFF)',NULL,4,0.55,NULL,NULL),(463,'CHICKEN BREAST 4OZ','CHICKEN BREAST 4OZ',NULL,4,1.89,NULL,NULL),(464,'CHICKEN BREAST 6OZ','CHICKEN BREAST 6OZ',NULL,4,5.7,NULL,NULL),(465,'CHICKEN BREAST 8OZ','CHICKEN BREAST 8OZ',NULL,4,2.18,NULL,NULL),(466,'CHICKEN TENDER','CHICKEN TENDER',NULL,4,3.05,NULL,NULL),(467,'CHICKEN TENDERS','CHICKEN TENDERS',NULL,4,5.3,NULL,NULL),(468,'CHICKEN THAI SPRINGROLL','CHICKEN THAI SPRINGROLL',NULL,4,0.65,NULL,NULL),(469,'CHICKEN WINGS (JUMBO)','CHICKEN WINGS (JUMBO)',NULL,4,4.36,NULL,NULL),(470,'CRAB CLAW','CRAB CLAW',NULL,4,8.09,NULL,NULL),(471,'CRAB MEAT SNOW','CRAB MEAT SNOW',NULL,4,7.49,NULL,NULL),(472,'FISH SALTED','FISH SALTED',NULL,4,2.8,NULL,NULL),(473,'GOAT MEAT','GOAT MEAT',NULL,4,3.5,NULL,NULL),(474,'HAM PROSCIUTTO','HAM PROSCIUTTO',NULL,4,11.85,NULL,NULL),(475,'HAM SLICED','HAM SLICED',NULL,4,2.82,NULL,NULL),(476,'HAM SMOKED','HAM SMOKED',NULL,4,3.36,NULL,NULL),(477,'LAMB STEW','LAMB STEW',NULL,4,6.34,NULL,NULL),(478,'LOBSTER TAIL','LOBSTER TAIL',NULL,4,16.22,NULL,NULL),(479,'MAHI MAHI','MAHI MAHI',NULL,4,7.83,NULL,NULL),(480,'OXTAIL','OXTAIL',NULL,4,4.5,NULL,NULL),(481,'PATTY BEEF','PATTY BEEF',NULL,4,0,NULL,NULL),(482,'PORK SLICED','PORK SLICED',NULL,4,3.36,NULL,NULL),(483,'PORK TENDERLOIN','PORK TENDERLOIN',NULL,4,1.64,NULL,NULL),(484,'SALMON','SALMON',NULL,4,6.14,NULL,NULL),(485,'SALMON GRAVALAX','SALMON GRAVALAX',NULL,4,9.15,NULL,NULL),(486,'SALMON SMOKED','SALMON SMOKED',NULL,4,6.1,NULL,NULL),(487,'SAUSAGE PORK','SAUSAGE PORK',NULL,4,0,NULL,NULL),(488,'SHRIMP 16-20','SHRIMP 16-20',NULL,4,6.27,NULL,NULL),(489,'SHRIMP 21-25','SHRIMP 21-25',NULL,4,5.47,NULL,NULL),(490,'SHRIMP 31-40','SHRIMP 31-40',NULL,4,7.32,NULL,NULL),(491,'SNAPPER FILLET','SNAPPER FILLET',NULL,4,5.25,NULL,NULL),(492,'STAFF FISH','STAFF FISH',NULL,4,5,NULL,NULL),(493,'TROUT FILLET','TROUT FILLET',NULL,4,16.11,NULL,NULL),(494,'TURKEY SAUSAGE','TURKEY SAUSAGE',NULL,4,2.48,NULL,NULL),(495,'TURKEY SLICED','TURKEY SLICED',NULL,4,3.74,NULL,NULL),(496,'TURKEY WHOLE (STAFF)','TURKEY WHOLE (STAFF)',NULL,4,1.03,NULL,NULL),(497,'WHOLE ROAST BEEF','WHOLE ROAST BEEF',NULL,4,5.55,NULL,NULL),(498,'WINGS HOT & SPICY','WINGS HOT & SPICY',NULL,4,11.5,NULL,NULL),(499,'PANCAKE ','PANCAKE ',NULL,3,0.24,NULL,NULL),(500,'PANCAKE MINI','PANCAKE MINI',NULL,3,3.99,NULL,NULL),(501,'PASTA RAVIOLI SPINACH','PASTA RAVIOLI SPINACH',NULL,3,5.15,NULL,NULL),(502,'PEAS GREEN','PEAS GREEN',NULL,3,1.24,NULL,NULL),(503,'PEPPER HOT','PEPPER HOT',NULL,3,2.99,NULL,NULL),(504,'PLANTAIN FROZEN','PLANTAIN FROZEN',NULL,3,1.85,NULL,NULL),(505,'PUREE GUAVA','PUREE GUAVA',NULL,3,1.93,NULL,NULL),(506,'PUREE MANGO','PUREE MANGO',NULL,3,0.21,NULL,NULL),(507,'PUREE PASSION','PUREE PASSION',NULL,3,0.51,NULL,NULL),(508,'PUREE RASPBERRY','PUREE RASPBERRY',NULL,3,0.26,NULL,NULL),(509,'PUREE STRAWBERRY','PUREE STRAWBERRY',NULL,3,1.64,NULL,NULL),(510,'RASPBERRY FROZEN','RASPBERRY FROZEN',NULL,3,1.91,NULL,NULL),(511,'RAVIOLI MUSHROOM','RAVIOLI MUSHROOM',NULL,3,5.43,NULL,NULL),(512,'ROLL GLUTEN FREE','ROLL GLUTEN FREE',NULL,3,0.4,NULL,NULL),(513,'ROLL SOFT SANDWICH','ROLL SOFT SANDWICH',NULL,3,0.4,NULL,NULL),(514,'SAUCE PESTO','SAUCE PESTO',NULL,3,3.98,NULL,NULL),(515,'TIRAMISU','TIRAMISU',NULL,3,1.82,NULL,NULL),(516,'TOPPING RICHS WHIPPED','TOPPING RICHS WHIPPED',NULL,3,1.98,NULL,NULL),(517,'TORTILLA FLOUR WRAP 12','TORTILLA FLOUR WRAP 12',NULL,3,0.26,NULL,NULL),(518,'TORTILLA TOMATO BASIL','TORTILLA TOMATO BASIL',NULL,3,0.24,NULL,NULL),(519,'TORTILLA WHEAT WRAP','TORTILLA WHEAT WRAP',NULL,3,0.29,NULL,NULL),(520,'TORTILLA WRAP SPINNACH','TORTILLA WRAP SPINNACH',NULL,3,0.31,NULL,NULL),(521,'VEGETABLE MIX','VEGETABLE MIX',NULL,3,3.96,NULL,NULL),(522,'VEGETABLE SPRINGROLL','VEGETABLE SPRINGROLL',NULL,3,0.47,NULL,NULL),(523,'VEGETABLE SPRINGROLL','VEGETABLE SPRINGROLL',NULL,3,0.47,NULL,NULL),(524,'JUICE TOMATO 12OZ','JUICE TOMATO 12OZ',NULL,2,0,NULL,NULL),(525,'KALAMATA PITTED OLIVES','KALAMATA PITTED OLIVES',NULL,2,6.68,NULL,NULL),(526,'MACKEREL TIN 15OZ','MACKEREL TIN 15OZ',NULL,2,2.99,NULL,NULL),(527,'MAYONAISE JAR','MAYONAISE JAR',NULL,2,0.43,NULL,NULL),(528,'MAYONNAISE ','MAYONNAISE ',NULL,2,4.95,NULL,NULL),(529,'MAYONNAISE GAL','MAYONNAISE GAL',NULL,2,7.25,NULL,NULL),(530,'MAYONNAISE PC','MAYONNAISE PC',NULL,2,0.05,NULL,NULL),(531,'MILK 32OZ (SHELF) ASEPTIC 2%','MILK 32OZ (SHELF) ASEPTIC 2%',NULL,2,2.31,NULL,NULL),(532,'MILK 8OZ (SHELF) ASEPTIC 2%','MILK 8OZ (SHELF) ASEPTIC 2%',NULL,2,0.5,NULL,NULL),(533,'MILK COCONUT','MILK COCONUT',NULL,2,1.55,NULL,NULL),(534,'MILK EVAPORATED','MILK EVAPORATED',NULL,2,0.86,NULL,NULL),(535,'MILO','MILO',NULL,2,5.59,NULL,NULL),(536,'MORSEL WHITE','MORSEL WHITE',NULL,2,3.99,NULL,NULL),(537,'MUSHROOM STEMS & PIECES','MUSHROOM STEMS & PIECES',NULL,2,5.22,NULL,NULL),(538,'MUSTARD 9OZ','MUSTARD 9OZ',NULL,2,1.29,NULL,NULL),(539,'MUSTARD JAR','MUSTARD JAR',NULL,2,0.35,NULL,NULL),(540,'MUSTARD PC','MUSTARD PC',NULL,2,0.05,NULL,NULL),(541,'OATS ','OATS ',NULL,2,4.99,NULL,NULL),(542,'OIL DEEP FRY SHORTENING','OIL DEEP FRY SHORTENING',NULL,2,18.33,NULL,NULL),(543,'OIL OLIVE','OIL OLIVE',NULL,2,9.03,NULL,NULL),(544,'OIL SOYBEAN SALAD VEGETABLE','OIL SOYBEAN SALAD VEGETABLE',NULL,2,10.15,NULL,NULL),(545,'OIL VEGETABLE','OIL VEGETABLE',NULL,2,6.16,NULL,NULL),(546,'OLIVE RIPE SLICED','OLIVE RIPE SLICED',NULL,2,6.5,NULL,NULL),(547,'OLIVE RIPE WHOLE','OLIVE RIPE WHOLE',NULL,2,5.55,NULL,NULL),(548,'OLIVES MANZANILLA','OLIVES MANZANILLA',NULL,2,5.55,NULL,NULL),(549,'ORANGES MANDARINE','ORANGES MANDARINE',NULL,2,2.73,NULL,NULL),(550,'OREO PIECES','OREO PIECES',NULL,2,2.59,NULL,NULL),(551,'PAM','PAM',NULL,2,4.99,NULL,NULL),(552,'PAN AU CHOCOLATE','PAN AU CHOCOLATE',NULL,2,0.4,NULL,NULL),(553,'PASTA BOWTIE','PASTA BOWTIE',NULL,2,1.29,NULL,NULL),(554,'PASTA GNOCCHI','PASTA GNOCCHI',NULL,2,1.65,NULL,NULL),(555,'PASTA ORZO ROSA MARINA','PASTA ORZO ROSA MARINA',NULL,2,1.08,NULL,NULL),(556,'PASTA PENNE','PASTA PENNE',NULL,2,0.66,NULL,NULL),(557,'PASTA RIGATONI','PASTA RIGATONI',NULL,2,0.63,NULL,NULL),(558,'PASTA ROTINI','PASTA ROTINI',NULL,2,1.19,NULL,NULL),(559,'PASTA SPAGEHETTINI','PASTA SPAGEHETTINI',NULL,2,0.61,NULL,NULL),(560,'PASTE GREEN CURRY','PASTE GREEN CURRY',NULL,2,2.86,NULL,NULL),(561,'PASTE GUAVA','PASTE GUAVA',NULL,2,2.08,NULL,NULL),(562,'PEAR HALVES','PEAR HALVES',NULL,2,1.99,NULL,NULL),(563,'PECAN PIECES','PECAN PIECES',NULL,2,4.99,NULL,NULL),(564,'PESTO IN OLIVE','PESTO IN OLIVE',NULL,2,11.38,NULL,NULL),(565,'PIMENTO CAN','PIMENTO CAN',NULL,2,2.78,NULL,NULL),(566,'PINEAPPLE DICED/CHUNK','PINEAPPLE DICED/CHUNK',NULL,2,5.15,NULL,NULL),(567,'PINEAPPLE SLICES 20OZ','PINEAPPLE SLICES 20OZ',NULL,2,2.09,NULL,NULL),(568,'PINENUTS','PINENUTS',NULL,2,4.74,NULL,NULL),(569,'POTATO CHIPS','POTATO CHIPS',NULL,2,0.23,NULL,NULL),(570,'POTATO CHIPS BBQ','POTATO CHIPS BBQ',NULL,2,0.25,NULL,NULL),(571,'POTATO CHIPS ONION','POTATO CHIPS ONION',NULL,2,0.25,NULL,NULL),(572,'POTATO CHIPS VINEGAR & SALT','POTATO CHIPS VINEGAR & SALT',NULL,2,0.24,NULL,NULL),(573,'POTATO INSTANT MASHED','POTATO INSTANT MASHED',NULL,2,7.56,NULL,NULL),(574,'POWDER BAKING','POWDER BAKING',NULL,2,1.61,NULL,NULL),(575,'POWDER BASIL LEAVES','POWDER BASIL LEAVES',NULL,2,5.67,NULL,NULL),(576,'POWDER BAY LEAVES','POWDER BAY LEAVES',NULL,2,6,NULL,NULL),(577,'POWDER CARIBBEAN JERK SEASONING','POWDER CARIBBEAN JERK SEASONING',NULL,2,8.18,NULL,NULL),(578,'POWDER CHILLI','POWDER CHILLI',NULL,2,6.75,NULL,NULL),(579,'POWDER CINNAMON GROUND','POWDER CINNAMON GROUND',NULL,2,7.66,NULL,NULL),(580,'POWDER CURRY','POWDER CURRY',NULL,2,9.39,NULL,NULL),(581,'POWDER CURRY RED','POWDER CURRY RED',NULL,2,9.39,NULL,NULL),(582,'POWDER GARLIC','POWDER GARLIC',NULL,2,4.1,NULL,NULL),(583,'POWDER GELATIN MIX','POWDER GELATIN MIX',NULL,2,4.25,NULL,NULL),(584,'POWDER GINGER','POWDER GINGER',NULL,2,8.81,NULL,NULL),(585,'POWDER ITALIAN SEASONING','POWDER ITALIAN SEASONING',NULL,2,5.77,NULL,NULL),(586,'POWDER NUTMEG','POWDER NUTMEG',NULL,2,11.01,NULL,NULL),(587,'POWDER PAPRIKA 16 OZ','POWDER PAPRIKA 16 OZ',NULL,2,6.71,NULL,NULL),(588,'POWDER PEPPER WHITE GROUND','POWDER PEPPER WHITE GROUND',NULL,2,16.29,NULL,NULL),(589,'POWDER RED PEPPER ROASTED #10','POWDER RED PEPPER ROASTED #10',NULL,2,6.21,NULL,NULL),(590,'POWDER SEAFOOD SEASONING','POWDER SEAFOOD SEASONING',NULL,2,8.2,NULL,NULL),(591,'POWDER TUMERIC GROUND','POWDER TUMERIC GROUND',NULL,2,7.79,NULL,NULL),(592,'QUINOA','QUINOA',NULL,2,9.99,NULL,NULL),(593,'RAISIN ','RAISIN ',NULL,2,1.68,NULL,NULL),(594,'RAISIN PC','RAISIN PC',NULL,2,0.03,NULL,NULL),(595,'RICE BARS','RICE BARS',NULL,2,0.67,NULL,NULL),(596,'RICE BASMATI','RICE BASMATI',NULL,2,1.41,NULL,NULL),(597,'RICE JASMINE','RICE JASMINE',NULL,2,0.7,NULL,NULL),(598,'RICE LONG GRAIN','RICE LONG GRAIN',NULL,2,0.3,NULL,NULL),(599,'RICE NOODLES 1LB','RICE NOODLES 1LB',NULL,2,4.67,NULL,NULL),(600,'SALSA TOSTITOS','SALSA TOSTITOS',NULL,2,1.78,NULL,NULL),(601,'SALT IODIZED','SALT IODIZED',NULL,2,0.62,NULL,NULL),(602,'SAUCE BBQ GAL','SAUCE BBQ GAL',NULL,2,3.93,NULL,NULL),(603,'SAUCE COCKTAIL 8OZ','SAUCE COCKTAIL 8OZ',NULL,2,3.49,NULL,NULL),(604,'SAUCE CRANBERRY','SAUCE CRANBERRY',NULL,2,2.99,NULL,NULL),(605,'SAUCE HONEY MUSTARD GAL.','SAUCE HONEY MUSTARD GAL.',NULL,2,1.23,NULL,NULL),(606,'SAUCE LEMON BUTTER','SAUCE LEMON BUTTER',NULL,2,2.59,NULL,NULL),(607,'SAUCE SOY GAL','SAUCE SOY GAL',NULL,2,8.16,NULL,NULL),(608,'SAUCE SWEET CHILLI','SAUCE SWEET CHILLI',NULL,2,0.39,NULL,NULL),(609,'SAUCE TOBASCO PC','SAUCE TOBASCO PC',NULL,2,0.37,NULL,NULL),(610,'SAUSAGE VIENNA','SAUSAGE VIENNA',NULL,2,0.74,NULL,NULL),(611,'SNACK GRANOLA CRANBERRY','SNACK GRANOLA CRANBERRY',NULL,2,0.63,NULL,NULL),(612,'SNACK GRANOLA OATS & HONEY','SNACK GRANOLA OATS & HONEY',NULL,2,0.28,NULL,NULL),(613,'SODA','SODA',NULL,2,0.58,NULL,NULL),(614,'SUGAR BROWN','SUGAR BROWN',NULL,2,1.07,NULL,NULL),(615,'SUGAR FONDANT','SUGAR FONDANT',NULL,2,1.08,NULL,NULL),(616,'SUGAR GRANULATED','SUGAR GRANULATED',NULL,2,0.7,NULL,NULL),(617,'SWEET GHERKINS','SWEET GHERKINS',NULL,2,10.04,NULL,NULL),(618,'SYRUP BREAKFAST PC','SYRUP BREAKFAST PC',NULL,2,0.11,NULL,NULL),(619,'SYRUP CARAMEL HERSHEY 22OZ','SYRUP CARAMEL HERSHEY 22OZ',NULL,2,2.3,NULL,NULL),(620,'SYRUP CHOCOLATE HERSHEYS','SYRUP CHOCOLATE HERSHEYS',NULL,2,2.3,NULL,NULL),(621,'SYRUP STRAWBERRY','SYRUP STRAWBERRY',NULL,2,1.99,NULL,NULL),(622,'TANDORI PASTE','TANDORI PASTE',NULL,2,5.59,NULL,NULL),(623,'TEA ASSORTED','TEA ASSORTED',NULL,2,3.27,NULL,NULL),(624,'TEA GINGER','TEA GINGER',NULL,2,3.48,NULL,NULL),(625,'TEA MINT','TEA MINT',NULL,2,2.96,NULL,NULL),(626,'TOMATO DICED CAN','TOMATO DICED CAN',NULL,2,3.75,NULL,NULL),(627,'TOMATO KETCHUP','TOMATO KETCHUP',NULL,2,3.79,NULL,NULL),(628,'TOMATO KETCHUP PC','TOMATO KETCHUP PC',NULL,2,0.03,NULL,NULL),(629,'TOMATO PASTE','TOMATO PASTE',NULL,2,3.84,NULL,NULL),(630,'TOMATO SAUCE CAN','TOMATO SAUCE CAN',NULL,2,3.63,NULL,NULL),(631,'TOMATO SUNDRIED 32 OZ','TOMATO SUNDRIED 32 OZ',NULL,2,5.99,NULL,NULL),(632,'TUNA 665OZ','TUNA 665OZ',NULL,2,1.35,NULL,NULL),(633,'VANILLA EXTRACT','VANILLA EXTRACT',NULL,2,3.26,NULL,NULL),(634,'VINEGAR WHITE','VINEGAR WHITE',NULL,2,1.52,NULL,NULL),(635,'WALNUT HALVES & PIECES','WALNUT HALVES & PIECES',NULL,2,6.53,NULL,NULL),(636,'WATER 1.5OZ','WATER 1.5OZ',NULL,2,0.55,NULL,NULL),(637,'WATER 1LT','WATER 1LT',NULL,2,0.37,NULL,NULL),(638,'WATER 330 ML','WATER 330 ML',NULL,2,0.8,NULL,NULL),(639,'WATER 500 ML','WATER 500 ML','078742051451',2,0.9,NULL,NULL),(640,'WATER CRYSTAL GEYSER 1.5L','WATER CRYSTAL GEYSER 1.5L',NULL,2,9.93,NULL,NULL),(641,'WATER CRYSTAL GEYSER 1L','WATER CRYSTAL GEYSER 1L',NULL,2,9.28,NULL,NULL),(642,'WATER FIJI','WATER FIJI',NULL,2,1.35,NULL,NULL),(643,'WATER PERRIER 23 OZ','WATER PERRIER 23 OZ',NULL,2,4.69,NULL,NULL),(644,'WATER PERRIER LIME 11.5 OZ','WATER PERRIER LIME 11.5 OZ',NULL,2,1.19,NULL,NULL),(645,'WINE COOKING','WINE COOKING',NULL,2,3.43,NULL,NULL),(647,'APPLES RED','APPLES RED',NULL,5,1.07,NULL,NULL),(648,'ASPARAGUS','ASPARAGUS',NULL,5,2.13,NULL,NULL),(649,'BANANA GREEN','BANANA GREEN',NULL,5,0.89,NULL,NULL),(650,'BANANA RIPE','BANANA RIPE',NULL,5,0.89,NULL,NULL),(651,'BASIL','BASIL',NULL,5,47.84,NULL,NULL),(652,'BEEF BASE','BEEF BASE',NULL,5,2.72,NULL,NULL),(653,'BEET FRESH','BEET FRESH',NULL,5,0.59,NULL,NULL),(654,'BLACKBERRIES','BLACKBERRIES',NULL,5,3.99,NULL,NULL),(655,'BLUEBERRIES','BLUEBERRIES',NULL,5,3.99,NULL,NULL),(656,'BROCCOLI','BROCCOLI',NULL,5,2.9,NULL,NULL),(657,'CABBAGE GREEN','CABBAGE GREEN',NULL,5,0.99,NULL,NULL),(658,'CABBAGE PURPLE','CABBAGE PURPLE',NULL,5,1.19,NULL,NULL),(659,'CARROT LOOSE','CARROT LOOSE',NULL,5,0.48,NULL,NULL),(660,'CAULIFLOWER','CAULIFLOWER',NULL,5,3.49,NULL,NULL),(661,'CELERY','CELERY',NULL,5,1.02,NULL,NULL),(662,'CHICKEN BASE SOUP','CHICKEN BASE SOUP',NULL,5,6.02,NULL,NULL),(663,'CHIVES','CHIVES',NULL,5,2.99,NULL,NULL),(664,'CHRISTOPHENE (CHO-CHO)','CHRISTOPHENE (CHO-CHO)',NULL,5,2.27,NULL,NULL),(665,'CILANTRO','CILANTRO',NULL,5,1.69,NULL,NULL),(666,'CUCUMBER','CUCUMBER',NULL,5,1.12,NULL,NULL),(667,'DILL','DILL',NULL,5,2.99,NULL,NULL),(668,'EGG  PLANT','EGG  PLANT',NULL,5,2.79,NULL,NULL),(669,'EGG PLANT JAPANESE','EGG PLANT JAPANESE',NULL,5,3.99,NULL,NULL),(670,'GARLIC PEELED FRESH','GARLIC PEELED FRESH',NULL,5,2.96,NULL,NULL),(671,'GINGER FRESH','GINGER FRESH',NULL,5,3.29,NULL,NULL),(672,'GRAPES RED','GRAPES RED',NULL,5,1.27,NULL,NULL),(673,'KIWI','KIWI',NULL,5,1.77,NULL,NULL),(674,'LEEKS','LEEKS',NULL,5,1.44,NULL,NULL),(675,'LEMON','LEMON',NULL,5,1.3,NULL,NULL),(676,'LEMON GRASS','LEMON GRASS',NULL,5,0.99,NULL,NULL),(677,'LETTUCE ARUGULA','LETTUCE ARUGULA',NULL,5,1.19,NULL,NULL),(678,'LETTUCE BABY MIXED','LETTUCE BABY MIXED',NULL,5,2.78,NULL,NULL),(679,'LETTUCE FRIZZY ','LETTUCE FRIZZY ',NULL,5,0,NULL,NULL),(680,'LETTUCE ROMAINE','LETTUCE ROMAINE',NULL,5,1.49,NULL,NULL),(681,'LIMES','LIMES',NULL,5,8.99,NULL,NULL),(682,'MANGO FRESH','MANGO FRESH',NULL,5,3.89,NULL,NULL),(683,'MELON CANTELOUPE','MELON CANTELOUPE',NULL,5,0.42,NULL,NULL),(684,'MELON HONEYDEW','MELON HONEYDEW',NULL,5,0.62,NULL,NULL),(685,'MELON WATER','MELON WATER',NULL,5,0.46,NULL,NULL),(686,'MINT FRESH','MINT FRESH',NULL,5,2.99,NULL,NULL),(687,'MUSHROOM FRESH','MUSHROOM FRESH',NULL,5,1.5,NULL,NULL),(688,'MUSHROOM PORTABELLA','MUSHROOM PORTABELLA',NULL,5,2.48,NULL,NULL),(689,'ONION GREEN','ONION GREEN',NULL,5,1.22,NULL,NULL),(690,'ONION RED','ONION RED',NULL,5,0.64,NULL,NULL),(691,'ONION YELLOW','ONION YELLOW',NULL,5,0.39,NULL,NULL),(692,'ORANGE','ORANGE',NULL,5,0.74,NULL,NULL),(693,'PARSLEY','PARSLEY',NULL,5,0.99,NULL,NULL),(694,'PARSNIP','PARSNIP',NULL,5,2.99,NULL,NULL),(695,'PEAR','PEAR',NULL,5,3.26,NULL,NULL),(696,'PEPPER GREEN','PEPPER GREEN',NULL,5,1.46,NULL,NULL),(697,'PEPPER RED','PEPPER RED',NULL,5,1.47,NULL,NULL),(698,'PEPPER YELLOW','PEPPER YELLOW',NULL,5,2.87,NULL,NULL),(699,'PINEAPPLE','PINEAPPLE',NULL,5,0.99,NULL,NULL),(700,'PLANTAIN RIPE','PLANTAIN RIPE',NULL,5,1.68,NULL,NULL),(701,'PLUMS','PLUMS',NULL,5,3.29,NULL,NULL),(702,'POTATO  BABY','POTATO  BABY',NULL,5,3.29,NULL,NULL),(703,'POTATO  SWEET','POTATO  SWEET',NULL,5,2.99,NULL,NULL),(704,'POTATO IDAHO','POTATO IDAHO',NULL,5,0.43,NULL,NULL),(705,'PUMPKIN','PUMPKIN',NULL,5,0.67,NULL,NULL),(706,'RADISH FRESH','RADISH FRESH',NULL,5,1.29,NULL,NULL),(707,'RADISH WHITE','RADISH WHITE',NULL,5,0,NULL,NULL),(708,'RASPBERRY','RASPBERRY',NULL,5,4.99,NULL,NULL),(709,'ROSEMARY','ROSEMARY',NULL,5,2.99,NULL,NULL),(710,'SAGE','SAGE',NULL,5,2.99,NULL,NULL),(711,'SPINACH FRESH','SPINACH FRESH',NULL,5,3.69,NULL,NULL),(712,'SQUASH BUTTERNUT','SQUASH BUTTERNUT',NULL,5,1.6,NULL,NULL),(713,'SQUASH YELLOW','SQUASH YELLOW',NULL,5,2.39,NULL,NULL),(714,'STRAWBERRY','STRAWBERRY',NULL,5,6.99,NULL,NULL),(715,'THYME','THYME',NULL,5,9.63,NULL,NULL),(716,'TOMATO CHERRY','TOMATO CHERRY',NULL,5,1.41,NULL,NULL),(717,'TOMATO GRAPE','TOMATO GRAPE',NULL,5,1.41,NULL,NULL),(718,'TOMATO LARGE','TOMATO LARGE',NULL,5,0.66,NULL,NULL),(719,'TOMATO PLUM','TOMATO PLUM',NULL,5,0.92,NULL,NULL),(720,'YAM YELLOW','YAM YELLOW',NULL,5,2.99,NULL,NULL),(721,'ZUCCHINI','ZUCCHINI',NULL,5,1.44,NULL,NULL),(841,'AIR FRESHNER FREBREEZE','AIR FRESHNER FREBREEZE','',7,2.55,0,6),(842,'APRON','APRON',NULL,7,0.04,NULL,NULL),(843,'BEARD NETS','BEARD NETS',NULL,7,0.02,NULL,NULL),(844,'BIG PUNCH (Replacement for Oven Magic)','BIG PUNCH (Replacement for Oven Magic)',NULL,7,13.15,NULL,NULL),(845,'BROOM','BROOM',NULL,7,4.3,NULL,NULL),(846,'CAN LINER BAGS BLACK 24X33','CAN LINER BAGS BLACK 24X33',NULL,7,0.02,NULL,NULL),(847,'CAN LINER BAGS BLACK 33X39','CAN LINER BAGS BLACK 33X39',NULL,7,0.16,NULL,NULL),(848,'CAN LINER BAGS BLACK 38X58','CAN LINER BAGS BLACK 38X58',NULL,7,0.33,NULL,NULL),(849,'CAN LINER BAGS BLACK 60 GALLON HEAVY DUTY','CAN LINER BAGS BLACK 60 GALLON HEAVY DUTY',NULL,7,0.2,NULL,NULL),(850,'CAPS BOUFFANT','CAPS BOUFFANT',NULL,7,0.02,NULL,NULL),(851,'CLEANER BLEACH','CLEANER BLEACH',NULL,7,2.33,NULL,NULL),(852,'CLEANER FABULOSO','CLEANER FABULOSO',NULL,7,5.2,NULL,NULL),(853,'CLEANER FABULOSO (LAVENDER)','CLEANER FABULOSO (LAVENDER)',NULL,7,5.2,NULL,NULL),(854,'CLEANER FLOOR WASH & WALK','CLEANER FLOOR WASH & WALK',NULL,7,93.31,NULL,NULL),(855,'CLEANER H-7DEGREASER','CLEANER H-7DEGREASER',NULL,7,29,NULL,NULL),(856,'CLEANER OVEN MAGIC','CLEANER OVEN MAGIC',NULL,7,12.8,NULL,NULL),(857,'CLEANER SCOURING GREEN PADS','CLEANER SCOURING GREEN PADS',NULL,7,0.19,NULL,NULL),(858,'CLEANER SCOURING PADS ','CLEANER SCOURING PADS ',NULL,7,0.6,NULL,NULL),(859,'CLEANER SCOURING SPONGE','CLEANER SCOURING SPONGE',NULL,7,0.3,NULL,NULL),(860,'CLEANER SOLID BRILLIANCE','CLEANER SOLID BRILLIANCE',NULL,7,139.99,NULL,NULL),(861,'CLEANER SOLID POWER DETERGENT','CLEANER SOLID POWER DETERGENT',NULL,7,51.59,NULL,NULL),(862,'CLEANER TOILET BOWL','CLEANER TOILET BOWL',NULL,7,1.69,NULL,NULL),(863,'FOAMING OVEN & GRILL CLEANER','FOAMING OVEN & GRILL CLEANER',NULL,7,13.15,NULL,NULL),(864,'FUEL HANDY (CHAFING FUEL) STERNO','FUEL HANDY (CHAFING FUEL) STERNO',NULL,7,0.79,NULL,NULL),(865,'GLOVE LATEX','GLOVE LATEX',NULL,7,1.1,NULL,NULL),(866,'GLOVES VINYL','GLOVES VINYL',NULL,7,0.03,NULL,NULL),(867,'GRILL SRCEEN HOLDERS','GRILL SRCEEN HOLDERS',NULL,7,4.7,NULL,NULL),(868,'HAND SANITIZER (PURELL)','HAND SANITIZER (PURELL)',NULL,7,63.97,NULL,NULL),(869,'HAND SOAP','HAND SOAP',NULL,7,5.68,NULL,NULL),(870,'HEAVY DUTY GREEN GLOVES','HEAVY DUTY GREEN GLOVES',NULL,7,0.45,NULL,NULL),(871,'LAB COATS','LAB COATS',NULL,7,0.02,NULL,NULL),(872,'LARGE GREEN GLOVES (NITRI)','LARGE GREEN GLOVES (NITRI)',NULL,7,0.85,NULL,NULL),(873,'LIMEAWAY','LIMEAWAY',NULL,7,5.19,NULL,NULL),(874,'LYSOL ALL PURPOSE','LYSOL ALL PURPOSE',NULL,7,3.65,NULL,NULL),(875,'MASK DUST','MASK DUST',NULL,7,0.02,NULL,NULL),(876,'MIKROKLENE GAL','MIKROKLENE GAL',NULL,7,45.07,NULL,NULL),(877,'MITTEN','MITTEN',NULL,7,4.59,NULL,NULL),(878,'MOP','MOP',NULL,7,3.57,NULL,NULL),(879,'MOP HANDLE','MOP HANDLE',NULL,7,12.41,NULL,NULL),(880,'MULTI QUAT','MULTI QUAT',NULL,7,144.66,NULL,NULL),(881,'POLISH FURNITURE','POLISH FURNITURE',NULL,7,5.1,NULL,NULL),(882,'SCOTT HARD HARD ROLL TOWEL','SCOTT HARD HARD ROLL TOWEL',NULL,7,7.57,NULL,NULL),(883,'SCRUBBING BRUSH','SCRUBBING BRUSH',NULL,7,5.3,NULL,NULL),(884,'SHOE COVER','SHOE COVER',NULL,7,0.03,NULL,NULL),(885,'SNO-BOL','SNO-BOL',NULL,7,2.29,NULL,NULL),(886,'SOLITAIRE POTS & PANS','SOLITAIRE POTS & PANS',NULL,7,11.89,NULL,NULL),(887,'TOILET BOWL FRESHNER','TOILET BOWL FRESHNER',NULL,7,1.69,NULL,NULL),(888,'TOILET PAPER','TOILET PAPER',NULL,7,1.75,NULL,NULL),(889,'TOWEL HAND KIMBERLEY CLARK','TOWEL HAND KIMBERLEY CLARK',NULL,7,8.45,NULL,NULL),(890,'URINAL SCREEN','URINAL SCREEN',NULL,7,4.89,NULL,NULL),(891,'VEGETABLE WASH BOTTLE','VEGETABLE WASH BOTTLE',NULL,7,91.03,NULL,NULL),(892,'VICTORIA BAY 2PLY TOWEL','VICTORIA BAY 2PLY TOWEL',NULL,7,47.61,NULL,NULL),(893,'WASH VEGETABLE','WASH VEGETABLE',NULL,7,91.03,NULL,NULL),(894,'WINDEX','WINDEX',NULL,7,3.73,NULL,NULL),(895,'BOWLS LARGE','BOWLS LARGE',NULL,6,0.1,NULL,NULL),(896,'BOWLS MEDIUM','BOWLS MEDIUM',NULL,6,0.04,NULL,NULL),(897,'BOWLS SMALL','BOWLS SMALL',NULL,6,0.07,NULL,NULL),(898,'BOX DINNER','BOX DINNER',NULL,6,1.57,NULL,NULL),(899,'BOX SNACK','BOX SNACK',NULL,6,0.49,NULL,NULL),(900,'CONTAINER PORTION  YOSHI 3OZ','CONTAINER PORTION  YOSHI 3OZ',NULL,6,0.6,NULL,NULL),(901,'CONTAINER PORTION YOSHI 2X1.75','CONTAINER PORTION YOSHI 2X1.75',NULL,6,0.6,NULL,NULL),(902,'CONTAINER PORTION YOSHI 5.1OZ','CONTAINER PORTION YOSHI 5.1OZ',NULL,6,0.5,NULL,NULL),(903,'CONTAINER PORTION YOSHI 6.8OZ','CONTAINER PORTION YOSHI 6.8OZ',NULL,6,0.4,NULL,NULL),(904,'CONTAINER STONEWARE','CONTAINER STONEWARE',NULL,6,1.48,NULL,NULL),(905,'CUPS 4OZ','CUPS 4OZ',NULL,6,0.02,NULL,NULL),(906,'CUPS SOUFFLE 1 OZ','CUPS SOUFFLE 1 OZ',NULL,6,0.01,NULL,NULL),(907,'CUPS SOUFFLE 2 OZ','CUPS SOUFFLE 2 OZ',NULL,6,0.01,NULL,NULL),(908,'CUPS SOUFFLE LIDS 1 OZ','CUPS SOUFFLE LIDS 1 OZ',NULL,6,0.01,NULL,NULL),(909,'CUPS SOUFFLE LIDS 2OZ','CUPS SOUFFLE LIDS 2OZ',NULL,6,0.01,NULL,NULL),(910,'CUPS UTILITY','CUPS UTILITY',NULL,6,0.02,NULL,NULL),(911,'DOILY 10\' ROUND','DOILY 10\' ROUND',NULL,6,0.03,NULL,NULL),(912,'DOILY 12\' ROUND','DOILY 12\' ROUND',NULL,6,0.01,NULL,NULL),(913,'DOILY 5\' ROUND','DOILY 5\' ROUND',NULL,6,0.01,NULL,NULL),(914,'FOIL ALUMINIUM 12X 2000','FOIL ALUMINIUM 12X 2000',NULL,6,44.2,NULL,NULL),(915,'FOIL ALUMINIUM 12X1000 STANDARD','FOIL ALUMINIUM 12X1000 STANDARD',NULL,6,18.18,NULL,NULL),(916,'FOIL ALUMINIUM 18X 2000','FOIL ALUMINIUM 18X 2000',NULL,6,54.12,NULL,NULL),(917,'FOIL ALUMINIUM 18X1000','FOIL ALUMINIUM 18X1000',NULL,6,52.17,NULL,NULL),(918,'LABELS DATE','LABELS DATE',NULL,6,3.89,NULL,NULL),(919,'LIDS 4 OZ ','LIDS 4 OZ ',NULL,6,0.02,NULL,NULL),(920,'LIDS CUBE NOTION DOME','LIDS CUBE NOTION DOME',NULL,6,0.04,NULL,NULL),(921,'LIDS LARGE NOTION DOME','LIDS LARGE NOTION DOME',NULL,6,0.04,NULL,NULL),(922,'LIDS MEDIUM NOTION DOME','LIDS MEDIUM NOTION DOME',NULL,6,0.04,NULL,NULL),(923,'LIDS TALL NOTION DOME','LIDS TALL NOTION DOME',NULL,6,0.04,NULL,NULL),(924,'NETJETS TRAYS SQUARE','NETJETS TRAYS SQUARE',NULL,6,5.69,NULL,NULL),(925,'OCTAVIEW CONTAINER 6in','OCTAVIEW CONTAINER 6in',NULL,6,0.06,NULL,NULL),(926,'OCTAVIEW CONTAINER 7IN','OCTAVIEW CONTAINER 7IN',NULL,6,0.24,NULL,NULL),(927,'OCTAVIEW CONTAINER 9IN','OCTAVIEW CONTAINER 9IN',NULL,6,1,NULL,NULL),(928,'PANLINER SHEET','PANLINER SHEET',NULL,6,0.04,NULL,NULL),(929,'PAPER WYPALL','PAPER WYPALL',NULL,6,0.11,NULL,NULL),(930,'POLY BUN RACK COVER','POLY BUN RACK COVER',NULL,6,0.52,NULL,NULL),(931,'STIR BA SUGAR PACKS','STIR BA SUGAR PACKS',NULL,6,0.05,NULL,NULL),(932,'TRAYS SERVING LARGE','TRAYS SERVING LARGE',NULL,6,2.95,NULL,NULL),(933,'TRAYS SERVING MEDIUM','TRAYS SERVING MEDIUM',NULL,6,1.84,NULL,NULL),(934,'TRAYS SERVING SMALL','TRAYS SERVING SMALL',NULL,6,1.31,NULL,NULL),(935,'WRAP FILM 12X2000','WRAP FILM 12X2000',NULL,6,14.94,NULL,NULL),(936,'WRAP FILM 18X2000','WRAP FILM 18X2000',NULL,6,10.05,NULL,NULL),(937,'WRAP GOLD FOIL SHEET','WRAP GOLD FOIL SHEET',NULL,6,9.46,NULL,NULL),(938,'WRAP SILVER FOIL SHEET','WRAP SILVER FOIL SHEET',NULL,6,9.93,NULL,NULL),(939,'FOLGERS CAPPUCCINO','FOLGERS CAPPUCCINO','025500068480',2,10,16,2),(940,'asfasfasfasfas','asfasfasfasfas','5161616161651',3,6,6,4),(941,'asfasfasfasfas','asfasfasfasfas','5161616161651',3,6,6,4),(942,'asfasfasfasfas','asfasfasfasfas','5161616161651',3,6,6,4);

/*Table structure for table `purchase_orders` */

DROP TABLE IF EXISTS `purchase_orders`;

CREATE TABLE `purchase_orders` (
  `purchase_order_id` bigint(20) NOT NULL AUTO_INCREMENT,
  `po_no` bigint(20) NOT NULL,
  `supplier_id` int(11) NOT NULL,
  `po_date` datetime NOT NULL,
  `po_details` text NOT NULL,
  `po_total_amount` decimal(10,0) NOT NULL,
  `placed_by_employee_id` int(11) NOT NULL,
  `send_copy_to` varchar(100) DEFAULT NULL,
  `approved_by_employee_id` int(11) DEFAULT NULL,
  `approved_date` datetime DEFAULT NULL,
  `approved` tinyint(1) DEFAULT NULL,
  PRIMARY KEY (`purchase_order_id`)
) ENGINE=MyISAM AUTO_INCREMENT=130 DEFAULT CHARSET=latin1;

/*Data for the table `purchase_orders` */

insert  into `purchase_orders`(`purchase_order_id`,`po_no`,`supplier_id`,`po_date`,`po_details`,`po_total_amount`,`placed_by_employee_id`,`send_copy_to`,`approved_by_employee_id`,`approved_date`,`approved`) values (4,1003,6,'2018-05-17 00:00:00','[{\"qty\":\"1\",\"part_no\":\"0\",\"desc\":\"ICE FOAM IGLOO \",\"price\":\"2\",\"extn\":\"2\"}]','2',25,NULL,NULL,NULL,0),(5,1004,6,'2018-05-17 00:00:00','[]','0',25,NULL,NULL,NULL,0),(6,1005,7,'2018-05-18 00:00:00','[]','0',25,NULL,NULL,NULL,0),(7,1006,7,'2018-05-18 00:00:00','[]','0',25,NULL,NULL,NULL,0),(8,1007,7,'2018-05-18 00:00:00','[]','0',25,NULL,NULL,NULL,0),(9,1008,7,'2018-05-18 00:00:00','[]','0',25,NULL,NULL,NULL,0),(10,1009,7,'2018-05-18 00:00:00','[]','0',5292,NULL,NULL,NULL,0),(11,1010,14,'2018-05-21 00:00:00','[{\"qty\":\"2\",\"part_no\":\"0\",\"desc\":\"LAB COATS\",\"price\":\"0\",\"extn\":\"0\"},{\"qty\":\"1\",\"part_no\":\"0\",\"desc\":\"BLUE SHOE COVERS \",\"price\":\"0\",\"extn\":\"0\"}]','0',25,NULL,25,'2018-05-21 16:34:32',1),(12,1011,14,'2018-05-21 00:00:00','[{\"qty\":\"2\",\"part_no\":\"0\",\"desc\":\"LAB COATS \",\"price\":\"0\",\"extn\":\"0\"},{\"qty\":\"1\",\"part_no\":\"0\",\"desc\":\"BLUE SHOE COVERS \",\"price\":\"0\",\"extn\":\"0\"}]','0',25,NULL,25,'2018-05-21 16:51:08',1),(13,1012,14,'2018-05-21 00:00:00','[{\"qty\":\"1\",\"part_no\":\"0\",\"desc\":\"ICE BUCKET\",\"price\":\"0\",\"extn\":\"0\"}]','0',25,NULL,25,'2018-05-21 17:00:00',1),(14,1013,9,'2018-05-21 00:00:00','[{\"qty\":\"1\",\"part_no\":\"0\",\"desc\":\"ice bag\",\"price\":\"0\",\"extn\":\"0\"}]','0',25,NULL,NULL,NULL,0),(15,1014,6,'2018-05-21 00:00:00','[{\"qty\":\"1\",\"part_no\":\"0\",\"desc\":\"ice bag \",\"price\":\"0\",\"extn\":\"0\"}]','0',25,NULL,NULL,NULL,0),(16,1015,6,'2018-05-21 00:00:00','[{\"qty\":\"1\",\"part_no\":\"asfasfasf\",\"desc\":\"asfasfasf\",\"price\":\"100\",\"extn\":\"100\"}]','100',5292,NULL,NULL,NULL,0),(17,1016,6,'2018-05-21 00:00:00','[{\"qty\":\"4\",\"part_no\":\"0\",\"desc\":\"BRIE CHEESE \",\"price\":\"0\",\"extn\":\"0\"}]','0',25,NULL,25,'2018-05-21 18:30:02',1),(18,1017,6,'2018-05-21 00:00:00','[{\"qty\":\"4\",\"part_no\":\"0\",\"desc\":\"BRIE CHEESE \",\"price\":\"0\",\"extn\":\"0\"}]','0',25,NULL,NULL,NULL,0),(19,1018,17,'2018-05-21 00:00:00','[{\"qty\":\"1\",\"part_no\":\"0\",\"desc\":\"GREEN PEPPER \",\"price\":\"0\",\"extn\":\"0\"},{\"qty\":\"1\",\"part_no\":\"0\",\"desc\":\"YELLOW PEPPER \",\"price\":\"0\",\"extn\":\"0\"},{\"qty\":\"1\",\"part_no\":\"0\",\"desc\":\"JUMBO CARROT \",\"price\":\"0\",\"extn\":\"0\"},{\"qty\":\"0.5\",\"part_no\":\"0\",\"desc\":\"FRESH LIMES \",\"price\":\"0\",\"extn\":\"0\"},{\"qty\":\"1\",\"part_no\":\"0\",\"desc\":\"FRESH LEMONS \",\"price\":\"0\",\"extn\":\"0\"},{\"qty\":\"40\",\"part_no\":\"0\",\"desc\":\"BEEF RIBS LBS\",\"price\":\"0\",\"extn\":\"0\"},{\"qty\":\"1\",\"part_no\":\"0\",\"desc\":\"BABY MIX LETTUCE \",\"price\":\"0\",\"extn\":\"0\"}]','0',25,NULL,NULL,NULL,0),(20,1019,14,'2018-05-21 00:00:00','[{\"qty\":\"1\",\"part_no\":\"0\",\"desc\":\"60GAL GARBAGE BAGS \",\"price\":\"0\",\"extn\":\"0\"},{\"qty\":\"1\",\"part_no\":\"0\",\"desc\":\"1OZ CUPS \",\"price\":\"0\",\"extn\":\"0\"},{\"qty\":\"1\",\"part_no\":\"0\",\"desc\":\"LAB COATS \",\"price\":\"0\",\"extn\":\"0\"},{\"qty\":\"1\",\"part_no\":\"0\",\"desc\":\"SHOE COVER (BLUE)\",\"price\":\"0\",\"extn\":\"0\"}]','0',25,NULL,NULL,NULL,0),(21,1020,3,'2018-05-21 00:00:00','[{\"qty\":\"30\",\"part_no\":\"0\",\"desc\":\"HOAGIE ROLLS \",\"price\":\"0\",\"extn\":\"0\"},{\"qty\":\"150\",\"part_no\":\"0\",\"desc\":\"SINGLE ROLLS \",\"price\":\"0\",\"extn\":\"0\"}]','0',25,NULL,NULL,NULL,0),(22,1021,14,'2018-05-22 00:00:00','[{\"qty\":\"1\",\"part_no\":\"AMMEXBOOTIES \",\"desc\":\"SHOE COVER UNIVERSAL \",\"price\":\"14.98\",\"extn\":\"14.98\"}]','15',25,NULL,NULL,NULL,0),(23,1022,7,'2018-05-22 00:00:00','[{\"qty\":\"1\",\"part_no\":\"0\",\"desc\":\"RIGATONI PASTA \",\"price\":\"0\",\"extn\":\"\"},{\"qty\":\"4\",\"part_no\":\"0\",\"desc\":\"CURRY POWDER \",\"price\":\"0\",\"extn\":\"0\"},{\"qty\":\"4\",\"part_no\":\"0\",\"desc\":\"TIN MILO \",\"price\":\"0\",\"extn\":\"0\"},{\"qty\":\"3\",\"part_no\":\"0\",\"desc\":\"GREEN PEAS \",\"price\":\"0\",\"extn\":\"0\"},{\"qty\":\"4\",\"part_no\":\"0\",\"desc\":\"COFFEE MATE \",\"price\":\"0\",\"extn\":\"0\"},{\"qty\":\"12\",\"part_no\":\"0\",\"desc\":\"FRESH GRAPEFRUIT \",\"price\":\"0\",\"extn\":\"0\"},{\"qty\":\"1\",\"part_no\":\"0\",\"desc\":\"LOCAL HOT PEPPER LB\",\"price\":\"0\",\"extn\":\"0\"},{\"qty\":\"2\",\"part_no\":\"0\",\"desc\":\"EVAPORATED MILK \",\"price\":\"0\",\"extn\":\"0\"},{\"qty\":\"15\",\"part_no\":\"0\",\"desc\":\"SWEET POTATO LB\",\"price\":\"0\",\"extn\":\"0\"}]','0',25,NULL,NULL,NULL,0),(24,1023,7,'2018-05-22 00:00:00','[{\"qty\":\"1\",\"part_no\":\"0\",\"desc\":\"RIGATONI PASTA CS\",\"price\":\"0\",\"extn\":\"0\"},{\"qty\":\"4\",\"part_no\":\"0\",\"desc\":\"EVAPORATED MILK \",\"price\":\"0\",\"extn\":\"\"},{\"qty\":\"1\",\"part_no\":\"0\",\"desc\":\"LOCAL HOT PEPPER LB\",\"price\":\"0\",\"extn\":\"0\"},{\"qty\":\"12\",\"part_no\":\"0\",\"desc\":\"FRESH GRAPEFRUIT EA\",\"price\":\"0\",\"extn\":\"0\"},{\"qty\":\"3\",\"part_no\":\"0\",\"desc\":\"FROZEN GREEN PEAS\",\"price\":\"0\",\"extn\":\"0\"},{\"qty\":\"4\",\"part_no\":\"0\",\"desc\":\"COFFEE MATE \",\"price\":\"0\",\"extn\":\"0\"},{\"qty\":\"4\",\"part_no\":\"0\",\"desc\":\"TIN MILO \",\"price\":\"0\",\"extn\":\"0\"},{\"qty\":\"4\",\"part_no\":\"0\",\"desc\":\"CURRY POWDER EA\",\"price\":\"0\",\"extn\":\"0\"},{\"qty\":\"15\",\"part_no\":\"0\",\"desc\":\"SWEET POTATO LB \",\"price\":\"0\",\"extn\":\"0\"}]','0',25,NULL,NULL,NULL,0),(25,1024,17,'2018-05-22 00:00:00','[{\"qty\":\"1\",\"part_no\":\"0\",\"desc\":\"IDAHO POTATO \",\"price\":\"0\",\"extn\":\"0\"},{\"qty\":\"1\",\"part_no\":\"0\",\"desc\":\"FANCY EGGPLANT\",\"price\":\"0\",\"extn\":\"0\"},{\"qty\":\"1\",\"part_no\":\"0\",\"desc\":\"GREEN ONION \",\"price\":\"0\",\"extn\":\"0\"},{\"qty\":\"0.5\",\"part_no\":\"0\",\"desc\":\"GREEN CABBAGE \",\"price\":\"0\",\"extn\":\"0\"},{\"qty\":\"1\",\"part_no\":\"0\",\"desc\":\"THYME HERB LB\",\"price\":\"0\",\"extn\":\"0\"},{\"qty\":\"2\",\"part_no\":\"0\",\"desc\":\"LARGE TOMATO \",\"price\":\"0\",\"extn\":\"0\"},{\"qty\":\"1\",\"part_no\":\"0\",\"desc\":\"PLUM TOMATO \",\"price\":\"0\",\"extn\":\"0\"},{\"qty\":\"3\",\"part_no\":\"0\",\"desc\":\"CHERRY TOMATO \",\"price\":\"0\",\"extn\":\"0\"}]','0',25,NULL,NULL,NULL,0),(26,1025,7,'2018-05-23 00:00:00','[{\"qty\":\"3\",\"part_no\":\"0\",\"desc\":\"MUESLI CEREAL \",\"price\":\"0\",\"extn\":\"0\"},{\"qty\":\"4\",\"part_no\":\"0\",\"desc\":\"CURRY POWDER\",\"price\":\"0\",\"extn\":\"0\"},{\"qty\":\"3\",\"part_no\":\"0\",\"desc\":\"COFFEE MATE \",\"price\":\"0\",\"extn\":\"0\"},{\"qty\":\"4\",\"part_no\":\"0\",\"desc\":\"EVAPORATED MILK \",\"price\":\"0\",\"extn\":\"0\"},{\"qty\":\"4\",\"part_no\":\"0\",\"desc\":\"TIN MILO \",\"price\":\"0\",\"extn\":\"0\"},{\"qty\":\"1\",\"part_no\":\"0\",\"desc\":\"RIGATONI PASTA CS\",\"price\":\"0\",\"extn\":\"0\"},{\"qty\":\"4\",\"part_no\":\"0\",\"desc\":\"FROZEN GREEN PEA\'S \",\"price\":\"0\",\"extn\":\"0\"},{\"qty\":\"1\",\"part_no\":\"0\",\"desc\":\"LOCAL HOT PEPPER LB\",\"price\":\"0\",\"extn\":\"0\"},{\"qty\":\"12\",\"part_no\":\"0\",\"desc\":\"FRESH GRAPEFRUIT \",\"price\":\"0\",\"extn\":\"0\"},{\"qty\":\"18\",\"part_no\":\"0\",\"desc\":\"SWEET POTATO LB\",\"price\":\"0\",\"extn\":\"0\"},{\"qty\":\"1\",\"part_no\":\"0\",\"desc\":\"RUBBING ALCOHOL BOTTLE\",\"price\":\"0\",\"extn\":\"0\"},{\"qty\":\"2\",\"part_no\":\"0\",\"desc\":\"BLOODY MARY MIX BOTTLE\",\"price\":\"0\",\"extn\":\"0\"},{\"qty\":\"2\",\"part_no\":\"0\",\"desc\":\"PITA BREAD \",\"price\":\"0\",\"extn\":\"0\"},{\"qty\":\"2\",\"part_no\":\"0\",\"desc\":\"SOBA NOODLES \",\"price\":\"0\",\"extn\":\"0\"},{\"qty\":\"2\",\"part_no\":\"0\",\"desc\":\"FRESH CHOCOLATE CHIP COOKIES \",\"price\":\"0\",\"extn\":\"0\"}]','0',25,NULL,NULL,NULL,0),(27,1026,11,'2018-05-23 00:00:00','[{\"qty\":\"6\",\"part_no\":\"5163\",\"desc\":\"Shipping Labels\",\"price\":\"00\",\"extn\":\"0\"},{\"qty\":\"6\",\"part_no\":\"5160\",\"desc\":\"Shipping Labels\",\"price\":\"00\",\"extn\":\"0\"}]','0',13,NULL,NULL,NULL,0),(28,1027,6,'2018-05-23 00:00:00','[{\"qty\":\"4\",\"part_no\":\"0\",\"desc\":\"pierrer water \",\"price\":\"0\",\"extn\":\"0\"}]','0',25,NULL,NULL,NULL,0),(29,1028,2,'2018-05-23 00:00:00','[{\"qty\":\"6\",\"part_no\":\"0\",\"desc\":\"6OZ CHICKEN BREAST \",\"price\":\"0\",\"extn\":\"0\"},{\"qty\":\"2\",\"part_no\":\"0\",\"desc\":\"8OZ CHICKEN BREAST \",\"price\":\"0\",\"extn\":\"0\"}]','0',25,NULL,NULL,NULL,0),(30,1029,6,'2018-05-23 00:00:00','[{\"qty\":\"3\",\"part_no\":\"0\",\"desc\":\"HUMMUS DIP \",\"price\":\"0\",\"extn\":\"0\"},{\"qty\":\"3\",\"part_no\":\"0\",\"desc\":\"GUACAMOLE DIP \",\"price\":\"0\",\"extn\":\"0\"},{\"qty\":\"1\",\"part_no\":\"0\",\"desc\":\"BLACK BEAN CHIPS \",\"price\":\"0\",\"extn\":\"0\"},{\"qty\":\"2\",\"part_no\":\"0\",\"desc\":\"FROZEN LASAGNA \",\"price\":\"0\",\"extn\":\"0\"},{\"qty\":\"1\",\"part_no\":\"0\",\"desc\":\"ENGLISH CHEDDAR CHEESE \",\"price\":\"0\",\"extn\":\"0\"},{\"qty\":\"1\",\"part_no\":\"0\",\"desc\":\"FRESH KALE \",\"price\":\"0\",\"extn\":\"0\"},{\"qty\":\"8\",\"part_no\":\"0\",\"desc\":\"FRESH BERRIES \",\"price\":\"0\",\"extn\":\"0\"},{\"qty\":\"2\",\"part_no\":\"0\",\"desc\":\"THERMOS BOTTLES\",\"price\":\"0\",\"extn\":\"0\"},{\"qty\":\"4\",\"part_no\":\"0\",\"desc\":\"FRESH MINT \",\"price\":\"0\",\"extn\":\"0\"},{\"qty\":\"2\",\"part_no\":\"0\",\"desc\":\"BOTTLE HONEY SMALL \",\"price\":\"0\",\"extn\":\"0\"},{\"qty\":\"3\",\"part_no\":\"0\",\"desc\":\"LIFESTYLE OR FASHION MAGAZINE \",\"price\":\"0\",\"extn\":\"0\"},{\"qty\":\"6\",\"part_no\":\"0\",\"desc\":\"STAR COOKIES OR ANIMAL COOKIES \",\"price\":\"0\",\"extn\":\"0\"},{\"qty\":\"4\",\"part_no\":\"0\",\"desc\":\"FROZEN GREEN PEA\'S\",\"price\":\"0\",\"extn\":\"0\"}]','0',25,NULL,NULL,NULL,0),(31,1030,3,'2018-05-23 00:00:00','[{\"qty\":\"375\",\"part_no\":\"0\",\"desc\":\"SINGLE ROLLS  \",\"price\":\"0.25\",\"extn\":\"93.75\"},{\"qty\":\"72\",\"part_no\":\"0\",\"desc\":\"DOZEN ROLLS \",\"price\":\"0.25\",\"extn\":\"18\"},{\"qty\":\"30\",\"part_no\":\"0\",\"desc\":\"HOAGIE ROLLS\",\"price\":\"0.50\",\"extn\":\"15\"},{\"qty\":\"5\",\"part_no\":\"0\",\"desc\":\"SLICE WHITE BREAD \",\"price\":\"1.80\",\"extn\":\"9\"},{\"qty\":\"4\",\"part_no\":\"0\",\"desc\":\"SLICE WHEAT BREAD \",\"price\":\"1.80\",\"extn\":\"7.2\"}]','143',25,NULL,NULL,NULL,0),(32,1031,7,'2018-05-24 00:00:00','[{\"qty\":\"2\",\"part_no\":\"0\",\"desc\":\"QT FRESH ORANGE JUICE \",\"price\":\"0\",\"extn\":\"0\"},{\"qty\":\"2\",\"part_no\":\"0\",\"desc\":\"LITER FRESH APPLE JUICE \",\"price\":\"0\",\"extn\":\"0\"},{\"qty\":\"3\",\"part_no\":\"0\",\"desc\":\"RICE BARS \",\"price\":\"0\",\"extn\":\"0\"},{\"qty\":\"2\",\"part_no\":\"0\",\"desc\":\"MUESLI CEREAL \",\"price\":\"0\",\"extn\":\"0\"}]','0',25,NULL,25,'2018-05-24 14:04:31',1),(33,1032,7,'2018-05-24 00:00:00','[{\"qty\":\"3\",\"part_no\":\"0\",\"desc\":\"MUESLI CEREAL \",\"price\":\"0\",\"extn\":\"0\"},{\"qty\":\"3\",\"part_no\":\"0\",\"desc\":\"RICE BAR \",\"price\":\"0\",\"extn\":\"0\"},{\"qty\":\"2\",\"part_no\":\"0\",\"desc\":\"FRESH QT ORANGE JUICE \",\"price\":\"0\",\"extn\":\"0\"}]','0',25,NULL,NULL,NULL,0),(34,1033,7,'2018-05-24 00:00:00','[{\"qty\":\"2\",\"part_no\":\"0\",\"desc\":\"FRESH ORANGE JUICE QT \",\"price\":\"0\",\"extn\":\"0\"},{\"qty\":\"2\",\"part_no\":\"0\",\"desc\":\"FRESH LITER APPLE JUICE \",\"price\":\"0\",\"extn\":\"0\"},{\"qty\":\"3\",\"part_no\":\"0\",\"desc\":\"RICE BARS \",\"price\":\"0\",\"extn\":\"0\"},{\"qty\":\"3\",\"part_no\":\"0\",\"desc\":\"MUESLI CEREAL \",\"price\":\"0\",\"extn\":\"0\"},{\"qty\":\"6\",\"part_no\":\"0\",\"desc\":\"RICOTTA CHEESE \",\"price\":\"0\",\"extn\":\"0\"},{\"qty\":\"2\",\"part_no\":\"0\",\"desc\":\"FRESH RASPBERRIES \",\"price\":\"0\",\"extn\":\"0\"}]','0',25,NULL,NULL,NULL,0),(35,1034,6,'2018-05-24 00:00:00','[{\"qty\":\"6\",\"part_no\":\"0\",\"desc\":\"shredded parmesan cheese \",\"price\":\"0\",\"extn\":\"0\"}]','0',25,NULL,NULL,NULL,0),(36,1035,7,'2018-05-24 00:00:00','[{\"qty\":\"4\",\"part_no\":\"CF 3817:30\",\"desc\":\"SHREDDED PARMESAN CHEESE \",\"price\":\"3.79\",\"extn\":\"15.16\"}]','15',25,NULL,NULL,NULL,0),(37,1035,7,'2018-05-24 00:00:00','[{\"qty\":\"4\",\"part_no\":\"CF 3817:30\",\"desc\":\"SHREDDED PARMESAN CHEESE \",\"price\":\"3.79\",\"extn\":\"15.16\"}]','15',25,NULL,NULL,NULL,0),(38,1037,3,'2018-05-24 00:00:00','[{\"qty\":\"250\",\"part_no\":\"0\",\"desc\":\"SINGLE ROLLS \",\"price\":\"0.25\",\"extn\":\"62.5\"},{\"qty\":\"72\",\"part_no\":\"0\",\"desc\":\"DOZEN ROLLS \",\"price\":\"0.25\",\"extn\":\"18\"},{\"qty\":\"12\",\"part_no\":\"0\",\"desc\":\"SCOTTISH BAPS \",\"price\":\"0\",\"extn\":\"0\"},{\"qty\":\"30\",\"part_no\":\"0\",\"desc\":\"HOAGIE ROLLS \",\"price\":\"0.50\",\"extn\":\"15\"}]','96',25,NULL,NULL,NULL,0),(39,1038,2,'2018-05-24 00:00:00','[{\"qty\":\"6\",\"part_no\":\"0\",\"desc\":\"6oz CHICKEN BREAST \",\"price\":\"52.85\",\"extn\":\"317.1\"}]','317',25,NULL,NULL,NULL,0),(40,1039,17,'2018-05-24 00:00:00','[{\"qty\":\"40\",\"part_no\":\"0\",\"desc\":\"BEEF RIBS \",\"price\":\"0\",\"extn\":\"0\"},{\"qty\":\"15\",\"part_no\":\"0\",\"desc\":\"OXTAIL BEEF\",\"price\":\"0\",\"extn\":\"0\"},{\"qty\":\"15\",\"part_no\":\"0\",\"desc\":\"CUT GOAT MEAT \",\"price\":\"0\",\"extn\":\"0\"},{\"qty\":\"1\",\"part_no\":\"0\",\"desc\":\"YELLOW ONION \",\"price\":\"0\",\"extn\":\"0\"},{\"qty\":\"6\",\"part_no\":\"0\",\"desc\":\"CUCUMBER EURO\",\"price\":\"0\",\"extn\":\"0\"}]','0',25,NULL,NULL,NULL,0),(41,1040,8,'2018-05-25 00:00:00','[{\"qty\":\"6\",\"part_no\":\"0\",\"desc\":\"12OZ REGULAR COKE \",\"price\":\"13.99\",\"extn\":\"83.94\"},{\"qty\":\"5\",\"part_no\":\"0\",\"desc\":\"12OZ DIET COKE \",\"price\":\"13.99\",\"extn\":\"69.95\"},{\"qty\":\"4\",\"part_no\":\"0\",\"desc\":\"12OZ SPRITE \",\"price\":\"13.99\",\"extn\":\"55.96\"}]','210',25,NULL,NULL,NULL,0),(42,1041,16,'2018-05-25 00:00:00','[{\"qty\":\"1\",\"part_no\":\"KIA 151 806 \",\"desc\":\"FUEL \",\"price\":\"0\",\"extn\":\"0\"}]','0',25,NULL,NULL,NULL,0),(43,1042,17,'2018-05-25 00:00:00','[{\"qty\":\"2\",\"part_no\":\"0\",\"desc\":\"BABY MIX LETTUCE \",\"price\":\"0\",\"extn\":\"0\"},{\"qty\":\"1\",\"part_no\":\"0\",\"desc\":\"CHERRY TOMATOES\",\"price\":\"0\",\"extn\":\"0\"},{\"qty\":\"2\",\"part_no\":\"0\",\"desc\":\"PLUM TOMATOES \",\"price\":\"0\",\"extn\":\"0\"},{\"qty\":\"1\",\"part_no\":\"0\",\"desc\":\"LARGE TOMATOES \",\"price\":\"0\",\"extn\":\"0\"},{\"qty\":\"4\",\"part_no\":\"0\",\"desc\":\"WATERMELON \",\"price\":\"0\",\"extn\":\"0\"},{\"qty\":\"4\",\"part_no\":\"0\",\"desc\":\"CUCUMBER (EURO)\",\"price\":\"0\",\"extn\":\"0\"},{\"qty\":\"1\",\"part_no\":\"0\",\"desc\":\"JUMBO CARROT \",\"price\":\"0\",\"extn\":\"0\"},{\"qty\":\"1\",\"part_no\":\"0\",\"desc\":\"RED GRAPES \",\"price\":\"0\",\"extn\":\"0\"},{\"qty\":\"1\",\"part_no\":\"0\",\"desc\":\"HONEYDEW \",\"price\":\"0\",\"extn\":\"0\"},{\"qty\":\"1\",\"part_no\":\"0\",\"desc\":\"FRESH PINEAPPLE \",\"price\":\"0\",\"extn\":\"0\"},{\"qty\":\"1\",\"part_no\":\"0\",\"desc\":\"RED PEPPER \",\"price\":\"0\",\"extn\":\"0\"}]','0',25,NULL,NULL,NULL,0),(44,1043,3,'2018-05-25 00:00:00','[{\"qty\":\"400\",\"part_no\":\"0\",\"desc\":\"SINGLE ROLLS \",\"price\":\"0\",\"extn\":\"0\"},{\"qty\":\"120\",\"part_no\":\"0\",\"desc\":\"DOZEN ROLLS\",\"price\":\"0\",\"extn\":\"0\"},{\"qty\":\"25\",\"part_no\":\"0\",\"desc\":\"HOAGIE ROLLS \",\"price\":\"0\",\"extn\":\"0\"},{\"qty\":\"10\",\"part_no\":\"0\",\"desc\":\"WHITE SLICE BREAD \",\"price\":\"0\",\"extn\":\"0\"},{\"qty\":\"10\",\"part_no\":\"0\",\"desc\":\"WHEAT SLICE BREAD \",\"price\":\"0\",\"extn\":\"0\"},{\"qty\":\"80\",\"part_no\":\"0\",\"desc\":\"PLAIN ROLLS \",\"price\":\"0\",\"extn\":\"0\"},{\"qty\":\"20\",\"part_no\":\"0\",\"desc\":\"TWISTED ROLLS WITH PUMPKIN SEEDS \",\"price\":\"0\",\"extn\":\"0\"},{\"qty\":\"20\",\"part_no\":\"0\",\"desc\":\"MULTIGRAIN ROLLS WITH TOASTED PUMPKIN SEEDS \",\"price\":\"0\",\"extn\":\"0\"},{\"qty\":\"24\",\"part_no\":\"0\",\"desc\":\"CHEESE DANISH \",\"price\":\"0\",\"extn\":\"0\"},{\"qty\":\"36\",\"part_no\":\"0\",\"desc\":\"SCOTTISH BAPS \",\"price\":\"0\",\"extn\":\"0\"},{\"qty\":\"250\",\"part_no\":\"0\",\"desc\":\"CROISSANTS (PREPARED FOR SATURDAY MORNING)\",\"price\":\"0\",\"extn\":\"0\"}]','0',25,NULL,NULL,NULL,0),(45,1044,6,'2018-05-25 00:00:00','[{\"qty\":\"3\",\"part_no\":\"0\",\"desc\":\"CHEDDAR CHEESE SHARP (WHITE)\",\"price\":\"0\",\"extn\":\"0\"}]','0',25,NULL,NULL,NULL,0),(46,1045,14,'2018-05-26 00:00:00','[{\"qty\":\"1\",\"part_no\":\"PNL523\",\"desc\":\"38X58 GARBAGE BAGS 60GAL HD BLK\",\"price\":\"49.95\",\"extn\":\"49.95\"}]','50',25,NULL,NULL,NULL,0),(47,1046,2,'2018-05-26 00:00:00','[{\"qty\":\"2\",\"part_no\":\"UNITS \",\"desc\":\"KIDNEY BEANS #10 \",\"price\":\"3.60\",\"extn\":\"7.2\"},{\"qty\":\"1\",\"part_no\":\"0\",\"desc\":\"JUMBO CHEESE RAVIOLI 12LB \",\"price\":\"44.00\",\"extn\":\"44\"},{\"qty\":\"1\",\"part_no\":\"0\",\"desc\":\"DELI SLICE SWISS CHEESE \",\"price\":\"35.64\",\"extn\":\"35.64\"},{\"qty\":\"10\",\"part_no\":\"0\",\"desc\":\"SHARP CHEDDAR CHEESE \",\"price\":\"3.41\",\"extn\":\"34.1\"}]','121',25,NULL,NULL,NULL,0),(48,1047,5,'2018-05-26 00:00:00','[{\"qty\":\"1\",\"part_no\":\"0\",\"desc\":\"GREY GOOSE 750ML \",\"price\":\"41.99\",\"extn\":\"41.99\"},{\"qty\":\"2\",\"part_no\":\"0\",\"desc\":\"BLOODYMARY MIX \",\"price\":\"6.50\",\"extn\":\"13\"}]','55',25,NULL,NULL,NULL,0),(49,1048,6,'2018-05-26 00:00:00','[{\"qty\":\"18\",\"part_no\":\"0\",\"desc\":\"SWEET POTATO LB\",\"price\":\"0\",\"extn\":\"0\"},{\"qty\":\"5\",\"part_no\":\"0\",\"desc\":\"PARSLEY BUNCH \",\"price\":\"0\",\"extn\":\"0\"},{\"qty\":\"1\",\"part_no\":\"0\",\"desc\":\"FRESH GINGER \",\"price\":\"0\",\"extn\":\"0\"},{\"qty\":\"12\",\"part_no\":\"0\",\"desc\":\"FRESH CHO-CHO \",\"price\":\"0\",\"extn\":\"0\"},{\"qty\":\"4\",\"part_no\":\"0\",\"desc\":\"FROZEN PANCAKE \",\"price\":\"0\",\"extn\":\"0\"},{\"qty\":\"3\",\"part_no\":\"0\",\"desc\":\"MUESLI CEREAL \",\"price\":\"0\",\"extn\":\"0\"},{\"qty\":\"1\",\"part_no\":\"0\",\"desc\":\"RIGATONI PASTA CS \",\"price\":\"0\",\"extn\":\"0\"}]','0',25,NULL,NULL,NULL,0),(50,1049,6,'2018-05-28 00:00:00','[{\"qty\":\"2\",\"part_no\":\"0\",\"desc\":\"SUGAR FREE REDBULL \",\"price\":\"0\",\"extn\":\"0\"}]','0',25,NULL,NULL,NULL,0),(51,1050,6,'2018-05-28 00:00:00','[{\"qty\":\"4\",\"part_no\":\"0\",\"desc\":\"PANKO BREADCRUMBS \",\"price\":\"0\",\"extn\":\"0\"},{\"qty\":\"1\",\"part_no\":\"0\",\"desc\":\"TUNA CAN (WATER) CS\",\"price\":\"0\",\"extn\":\"0\"},{\"qty\":\"5\",\"part_no\":\"0\",\"desc\":\"FRESH CILANTRO \",\"price\":\"0\",\"extn\":\"0\"},{\"qty\":\"5\",\"part_no\":\"0\",\"desc\":\"FRESH PARSLEY\",\"price\":\"0\",\"extn\":\"0\"},{\"qty\":\"3\",\"part_no\":\"0\",\"desc\":\"FROZEN GREEN PEAS \",\"price\":\"0\",\"extn\":\"0\"},{\"qty\":\"4\",\"part_no\":\"0\",\"desc\":\"FROZEN PANCAKES \",\"price\":\"0\",\"extn\":\"0\"},{\"qty\":\"1\",\"part_no\":\"0\",\"desc\":\"COUS COUS CS \",\"price\":\"0\",\"extn\":\"0\"},{\"qty\":\"4\",\"part_no\":\"0\",\"desc\":\"TIN MILO \",\"price\":\"0\",\"extn\":\"0\"},{\"qty\":\"3\",\"part_no\":\"0\",\"desc\":\"CROUTONS \",\"price\":\"0\",\"extn\":\"0\"},{\"qty\":\"3\",\"part_no\":\"0\",\"desc\":\"MUESLI CEREAL \",\"price\":\"0\",\"extn\":\"0\"},{\"qty\":\"1\",\"part_no\":\"0\",\"desc\":\"RIGATONI PASTA CS \",\"price\":\"0\",\"extn\":\"0\"}]','0',25,NULL,NULL,NULL,0),(52,1051,7,'2018-05-28 00:00:00','[{\"qty\":\"4\",\"part_no\":\"0\",\"desc\":\"RICE BARS \",\"price\":\"0\",\"extn\":\"0\"},{\"qty\":\"15\",\"part_no\":\"0\",\"desc\":\"LAYS POTATO CHIPS \",\"price\":\"0\",\"extn\":\"0\"},{\"qty\":\"12\",\"part_no\":\"0\",\"desc\":\"RIPE PLANTAIN LB\",\"price\":\"0\",\"extn\":\"0\"}]','0',25,NULL,NULL,NULL,0),(53,1052,3,'2018-05-28 00:00:00','[{\"qty\":\"3\",\"part_no\":\"0\",\"desc\":\"WHEAT SLICE BREAD \",\"price\":\"1.80\",\"extn\":\"5.4\"},{\"qty\":\"7\",\"part_no\":\"0\",\"desc\":\"WHITE SLICE BREAD \",\"price\":\"1.80\",\"extn\":\"12.6\"},{\"qty\":\"30\",\"part_no\":\"0\",\"desc\":\"HOAGIE ROLLS \",\"price\":\"0.50\",\"extn\":\"15\"},{\"qty\":\"150\",\"part_no\":\"0\",\"desc\":\"SINGLE ROLLS \",\"price\":\"0.25\",\"extn\":\"37.5\"}]','71',25,NULL,NULL,NULL,0),(54,1053,17,'2018-05-28 00:00:00','[{\"qty\":\"1\",\"part_no\":\"600658\",\"desc\":\"FANCY LEMONS \",\"price\":\"52.95\",\"extn\":\"52.95\"},{\"qty\":\"2\",\"part_no\":\"600663D\",\"desc\":\"LETTUCE MIXED BABY 6X4 \",\"price\":\"22.95\",\"extn\":\"45.9\"},{\"qty\":\"1\",\"part_no\":\"600706B\",\"desc\":\"SQUASH ZUCC FANCY 18-25LB \",\"price\":\"28.95\",\"extn\":\"28.95\"}]','145',25,NULL,NULL,NULL,0),(55,1054,6,'2018-05-30 00:00:00','[{\"qty\":\"27\",\"part_no\":\"0\",\"desc\":\"LAYS POTATO CHIPS \",\"price\":\"0.67\",\"extn\":\"18.09\"},{\"qty\":\"1\",\"part_no\":\"0\",\"desc\":\"LAYS BAKED REGULAR\",\"price\":\"3.59\",\"extn\":\"3.59\"},{\"qty\":\"1\",\"part_no\":\"0\",\"desc\":\"LAYS BAKED TOTITOS SCOOPS \",\"price\":\"3.59\",\"extn\":\"3.59\"},{\"qty\":\"6\",\"part_no\":\"0\",\"desc\":\"LETTUCE, ICEBERG \",\"price\":\"2.19\",\"extn\":\"13.14\"},{\"qty\":\"2\",\"part_no\":\"0\",\"desc\":\"AVOCADOS HASS \",\"price\":\"4.99\",\"extn\":\"9.98\"},{\"qty\":\"2\",\"part_no\":\"0\",\"desc\":\"FFF PLASTIC BAG \",\"price\":\"0.05\",\"extn\":\"0.1\"}]','48',25,NULL,NULL,NULL,0),(56,1055,5,'2018-05-30 00:00:00','[{\"qty\":\"2\",\"part_no\":\"CWKCAKE0006 \",\"desc\":\"CAKEBREAD SAUV BLANC 12\\/750ML \",\"price\":\"34.99\",\"extn\":\"69.98\"},{\"qty\":\"2\",\"part_no\":\"CWK689C0001\",\"desc\":\"689 CELLAR NAOA RED 12\\/750ML \",\"price\":\"21.99\",\"extn\":\"43.98\"},{\"qty\":\"1\",\"part_no\":\"WW0190 \",\"desc\":\"CARLO ROSSI CHABLIS \",\"price\":\"33.99\",\"extn\":\"33.99\"}]','148',25,NULL,NULL,NULL,0),(57,1056,9,'2018-05-30 00:00:00','[{\"qty\":\"6\",\"part_no\":\"3073927\",\"desc\":\"73927 NUANCE CLEAR WINE \",\"price\":\"1.99\",\"extn\":\"11.94\"}]','12',25,NULL,NULL,NULL,0),(58,1057,5,'2018-05-30 00:00:00','[{\"qty\":\"1\",\"part_no\":\"CLKGREY0002\",\"desc\":\"GREY GOOSE 750ML \",\"price\":\"41.99\",\"extn\":\"41.99\"}]','42',25,NULL,NULL,NULL,0),(59,1058,2,'2018-05-30 00:00:00','[{\"qty\":\"1\",\"part_no\":\"0\",\"desc\":\"DELI ROAST BEEF COOKED SLC 6\\/2LB \",\"price\":\"88.80\",\"extn\":\"88.8\"},{\"qty\":\"10.62\",\"part_no\":\"0\",\"desc\":\"CHEESE CHEDDAR WHITE SHARP LB\",\"price\":\"3.41\",\"extn\":\"36.2142\"},{\"qty\":\"2\",\"part_no\":\"0\",\"desc\":\"CONDIMENT KETCHUP CAN 33% 6#10 \",\"price\":\"6.15\",\"extn\":\"12.3\"},{\"qty\":\"2\",\"part_no\":\"0\",\"desc\":\"SAUCE TOMATO HUNTS FANCY 6#10\",\"price\":\"7.60\",\"extn\":\"15.2\"}]','153',25,NULL,NULL,NULL,0),(60,1059,5,'2018-05-30 00:00:00','[{\"qty\":\"1\",\"part_no\":\"CKGREY0002\",\"desc\":\"GREY GOOSE 750ML \",\"price\":\"41.99\",\"extn\":\"41.99\"},{\"qty\":\"1\",\"part_no\":\"0\",\"desc\":\"CALIFORNIA CABERNET 750ML \",\"price\":\"0\",\"extn\":\"0\"}]','42',25,NULL,NULL,NULL,0),(61,1060,3,'2018-05-30 00:00:00','[{\"qty\":\"300\",\"part_no\":\"0\",\"desc\":\"SINGLE ROLLS \",\"price\":\"0.25\",\"extn\":\"75\"},{\"qty\":\"80\",\"part_no\":\"0\",\"desc\":\"PLAIN ROLLS \",\"price\":\"0.30\",\"extn\":\"24\"},{\"qty\":\"96\",\"part_no\":\"0\",\"desc\":\"MULTIGRAIN ROLL WITH PUMPKIN SEEDS \",\"price\":\"0.32\",\"extn\":\"30.72\"},{\"qty\":\"96\",\"part_no\":\"0\",\"desc\":\"TWISTED MULTIGRAIN WITH TOASTED PUMPKIN SEEDS \",\"price\":\"0.80\",\"extn\":\"76.80000000000001\"},{\"qty\":\"26\",\"part_no\":\"0\",\"desc\":\"CHEESE DANISH\",\"price\":\"0.35\",\"extn\":\"9.1\"},{\"qty\":\"30\",\"part_no\":\"0\",\"desc\":\"HOAGIE ROLLS \",\"price\":\"0.50\",\"extn\":\"15\"},{\"qty\":\"7\",\"part_no\":\"0\",\"desc\":\"WHITE SLICE BREAD \",\"price\":\"1.80\",\"extn\":\"12.6\"},{\"qty\":\"4\",\"part_no\":\"0\",\"desc\":\"WHEAT SLICE BREAD \",\"price\":\"1.80\",\"extn\":\"7.2\"}]','0',25,NULL,NULL,NULL,0),(62,1061,2,'2018-05-30 00:00:00','[{\"qty\":\"31.00\",\"part_no\":\"0\",\"desc\":\"ATLANTIC SALMON LB \",\"price\":\"0\",\"extn\":\"0\"}]','0',25,NULL,NULL,NULL,0),(63,1062,17,'2018-05-30 00:00:00','[{\"qty\":\"1\",\"part_no\":\"600724L\",\"desc\":\"ASPARAGUS JUMBO 11LB \",\"price\":\"36.95\",\"extn\":\"36.95\"},{\"qty\":\"1\",\"part_no\":\"600700B\",\"desc\":\"PINEAPPLE 6CT \",\"price\":\"18.50\",\"extn\":\"18.5\"},{\"qty\":\"2\",\"part_no\":\"600712\",\"desc\":\"TOMATOES GRAPE RED 12-1LB \",\"price\":\"18.95\",\"extn\":\"37.9\"},{\"qty\":\"1\",\"part_no\":\"6300710\",\"desc\":\"TOMATOES 5X6 SLICING 25LB \",\"price\":\"28.95\",\"extn\":\"28.95\"},{\"qty\":\"5\",\"part_no\":\"600635B\",\"desc\":\"CUCUMBER EURO 12CT \",\"price\":\"10.50\",\"extn\":\"52.5\"},{\"qty\":\"1\",\"part_no\":\"600694\",\"desc\":\"25LB RED PEPPER LARGE \",\"price\":\"32.95\",\"extn\":\"32.95\"},{\"qty\":\"1\",\"part_no\":\"600650B\",\"desc\":\"HONEYDEW 6CT \",\"price\":\"17.95\",\"extn\":\"17.95\"},{\"qty\":\"40\",\"part_no\":\"100111\",\"desc\":\"BEEF SHORT RIBS LB\",\"price\":\"5.20\",\"extn\":\"208\"},{\"qty\":\"15\",\"part_no\":\"100100\",\"desc\":\"GOAT LB \",\"price\":\"4.75\",\"extn\":\"71.25\"}]','505',25,NULL,NULL,NULL,0),(64,1063,6,'2018-05-31 00:00:00','[{\"qty\":\"1\",\"part_no\":\"0\",\"desc\":\"RICE BARS \",\"price\":\"5\",\"extn\":\"5\"}]','5',25,NULL,NULL,NULL,0),(65,1064,6,'2018-05-31 00:00:00','[{\"qty\":\"4\",\"part_no\":\"0\",\"desc\":\"FRESH BASIL \",\"price\":\"0\",\"extn\":\"0\"},{\"qty\":\"18\",\"part_no\":\"0\",\"desc\":\"FRESH GRAPEFRUIT\",\"price\":\"0\",\"extn\":\"0\"},{\"qty\":\"2\",\"part_no\":\"0\",\"desc\":\"RED CABBAGE \",\"price\":\"0\",\"extn\":\"0\"},{\"qty\":\"15\",\"part_no\":\"0\",\"desc\":\"FRESH CHO CHO LB\",\"price\":\"0\",\"extn\":\"0\"},{\"qty\":\"8\",\"part_no\":\"0\",\"desc\":\"YELLOW YAM \",\"price\":\"0\",\"extn\":\"0\"},{\"qty\":\"5\",\"part_no\":\"0\",\"desc\":\"CORN FRESH OR FROZEN \",\"price\":\"0\",\"extn\":\"0\"},{\"qty\":\"8\",\"part_no\":\"0\",\"desc\":\"TIN MACKEREL \",\"price\":\"0\",\"extn\":\"0\"},{\"qty\":\"18\",\"part_no\":\"0\",\"desc\":\" GREEN BANANA LB\",\"price\":\"0\",\"extn\":\"0\"},{\"qty\":\"20\",\"part_no\":\"0\",\"desc\":\"SWEET POTATO LB\",\"price\":\"0\",\"extn\":\"0\"},{\"qty\":\"2\",\"part_no\":\"0\",\"desc\":\"PEANUT BUTTER \",\"price\":\"0\",\"extn\":\"0\"}]','0',25,NULL,NULL,NULL,0),(66,1065,7,'2018-05-31 00:00:00','[{\"qty\":\"6\",\"part_no\":\"0\",\"desc\":\"DANISH PASTRY \",\"price\":\"0\",\"extn\":\"0\"},{\"qty\":\"2\",\"part_no\":\"0\",\"desc\":\"ASSORTED MUFFINS PK\",\"price\":\"0\",\"extn\":\"0\"},{\"qty\":\"1\",\"part_no\":\"0\",\"desc\":\"1 PT 2% MILK CS\",\"price\":\"0\",\"extn\":\"0\"},{\"qty\":\"2\",\"part_no\":\"0\",\"desc\":\"ICECREAM SCOOP \",\"price\":\"0\",\"extn\":\"0\"},{\"qty\":\"4\",\"part_no\":\"0\",\"desc\":\"SILICON PASTRY BRUSH \",\"price\":\"0\",\"extn\":\"0\"},{\"qty\":\"4\",\"part_no\":\"0\",\"desc\":\"SESAME SEEDS \",\"price\":\"0\",\"extn\":\"0\"},{\"qty\":\"3\",\"part_no\":\"0\",\"desc\":\"STRAWBERRY FILLING \",\"price\":\"0\",\"extn\":\"0\"},{\"qty\":\"4\",\"part_no\":\"0\",\"desc\":\"MUESLI CEREAL \",\"price\":\"0\",\"extn\":\"0\"},{\"qty\":\"4\",\"part_no\":\"0\",\"desc\":\"COFFEE INSTANT VANILLA PK\",\"price\":\"0\",\"extn\":\"0\"}]','0',25,NULL,NULL,NULL,0),(67,1066,17,'2018-05-31 00:00:00','[{\"qty\":\"1\",\"part_no\":\"600650B\",\"desc\":\"HONEYDEW 6CT \",\"price\":\"16.95\",\"extn\":\"16.95\"},{\"qty\":\"0.50\",\"part_no\":\"600659A\",\"desc\":\"LIMES 150CT \",\"price\":\"58.95\",\"extn\":\"29.475\"},{\"qty\":\"1\",\"part_no\":\"600631\",\"desc\":\"CARROT JUMBO 50LB \",\"price\":\"28.95\",\"extn\":\"28.95\"},{\"qty\":\"1\",\"part_no\":\"600681\",\"desc\":\"ONION YELLOW MEDIUM \",\"price\":\"18.95\",\"extn\":\"18.95\"},{\"qty\":\"1\",\"part_no\":\"600683\",\"desc\":\"ONION GREEN 48CT \",\"price\":\"21.95\",\"extn\":\"21.95\"},{\"qty\":\"1\",\"part_no\":\"600710\",\"desc\":\"TOMATOES 5X6 SLICING 25LB \",\"price\":\"21.95\",\"extn\":\"21.95\"},{\"qty\":\"1\",\"part_no\":\"600694A\",\"desc\":\"YELLOW PEPPER 11LB\",\"price\":\"29.95\",\"extn\":\"29.95\"}]','0',25,NULL,NULL,NULL,0),(87,1086,2,'2018-06-04 00:00:00','[{\"qty\":\"33\",\"part_no\":\"0\",\"desc\":\"FISH Salmon fillet 2-3lb \",\"price\":\"7.61\",\"extn\":\"251.13000000000002\"}]','0',25,NULL,NULL,NULL,0),(88,1087,21,'2018-06-04 00:00:00','[{\"qty\":\"132\",\"part_no\":\"55-00700\",\"desc\":\"SALMON ATLANTIC \",\"price\":\"6.85\",\"extn\":\"904.1999999999999\"},{\"qty\":\"18\",\"part_no\":\"55-08900\",\"desc\":\"SNAPPER FILLET \",\"price\":\"5.85\",\"extn\":\"105.3\"},{\"qty\":\"100\",\"part_no\":\"61-25505\",\"desc\":\"16\\/20 SHRIMP \",\"price\":\"6.99\",\"extn\":\"699\"},{\"qty\":\"40\",\"part_no\":\"0\",\"desc\":\"21\\/25 SHRIMPLB\",\"price\":\"0\",\"extn\":\"0\"}]','1709',25,NULL,NULL,NULL,0),(68,1067,7,'2018-05-31 00:00:00','[{\"qty\":\"6\",\"part_no\":\"ea\",\"desc\":\"Galbani Ricotta Cheese \",\"price\":\"3.99\",\"extn\":\"23.94\"},{\"qty\":\"2\",\"part_no\":\"EA\",\"desc\":\"Lay\'s Potato Chips (BIG BAG)\",\"price\":\"4.49\",\"extn\":\"8.98\"},{\"qty\":\"4\",\"part_no\":\"ea\",\"desc\":\"Betapac Curry Powder \",\"price\":\"9.99\",\"extn\":\"39.96\"}]','40',25,NULL,NULL,NULL,0),(69,1068,19,'2018-06-01 00:00:00','[{\"qty\":\"1\",\"part_no\":\"0\",\"desc\":\"TIN MILO CS \",\"price\":\"0\",\"extn\":\"0\"},{\"qty\":\"1\",\"part_no\":\"0\",\"desc\":\"TIN MACKEREL CS \",\"price\":\"0\",\"extn\":\"0\"},{\"qty\":\"1\",\"part_no\":\"0\",\"desc\":\"COFFEE MATE CS\",\"price\":\"0\",\"extn\":\"0\"},{\"qty\":\"2\",\"part_no\":\"0\",\"desc\":\"GROUND WHITE PEPPER \",\"price\":\"0\",\"extn\":\"0\"}]','0',25,NULL,NULL,NULL,0),(70,1069,6,'2018-06-01 00:00:00','[{\"qty\":\"4\",\"part_no\":\"0\",\"desc\":\"HOMINY CORN \",\"price\":\"0\",\"extn\":\"0\"},{\"qty\":\"4\",\"part_no\":\"0\",\"desc\":\"GOLDEN SUGAR \",\"price\":\"0\",\"extn\":\"0\"},{\"qty\":\"3\",\"part_no\":\"0\",\"desc\":\"PANKO BREAD CRUMBS \",\"price\":\"0\",\"extn\":\"0\"},{\"qty\":\"1\",\"part_no\":\"0\",\"desc\":\"RIGATONI PASTA CS\",\"price\":\"0\",\"extn\":\"0\"}]','0',25,NULL,NULL,NULL,0),(71,1070,3,'2018-06-01 00:00:00','[{\"qty\":\"96\",\"part_no\":\"0\",\"desc\":\"TWISTED ROLLS WITH PUMPKIN SEEDS \",\"price\":\"0.32\",\"extn\":\"30.72\"},{\"qty\":\"96\",\"part_no\":\"0\",\"desc\":\"TWISTED MULTIGRAIN ROLLS WITH PUMPKIN SEEDS \",\"price\":\"0.80\",\"extn\":\"76.80000000000001\"},{\"qty\":\"30\",\"part_no\":\"0\",\"desc\":\"CHEESE DANISH \",\"price\":\"0.35\",\"extn\":\"10.5\"},{\"qty\":\"80\",\"part_no\":\"0\",\"desc\":\"PLAIN ROLLS \",\"price\":\"0.30\",\"extn\":\"24\"},{\"qty\":\"144\",\"part_no\":\"0\",\"desc\":\"DOZEN ROLLS \",\"price\":\"0.25\",\"extn\":\"36\"},{\"qty\":\"400\",\"part_no\":\"0\",\"desc\":\"SINGLE ROLLS \",\"price\":\"0.25\",\"extn\":\"100\"},{\"qty\":\"10\",\"part_no\":\"0\",\"desc\":\"WHITE SLICE BREAD \",\"price\":\"1.80\",\"extn\":\"18\"},{\"qty\":\"20\",\"part_no\":\"0\",\"desc\":\"CHEESE&ONION ROLLS \",\"price\":\"0.40\",\"extn\":\"8\"},{\"qty\":\"72\",\"part_no\":\"0\",\"desc\":\"SCOTTISH BAPS \",\"price\":\"0.30\",\"extn\":\"21.599999999999998\"}]','0',25,NULL,NULL,NULL,0),(72,1071,3,'2018-06-01 00:00:00','[{\"qty\":\"36\",\"part_no\":\"0\",\"desc\":\"SCOTTISH BAPS \",\"price\":\"0.30\",\"extn\":\"10.799999999999999\"}]','0',25,NULL,NULL,NULL,0),(73,1072,7,'2018-06-01 00:00:00','[{\"qty\":\"2\",\"part_no\":\"0\",\"desc\":\"FLAT BREAD \",\"price\":\"0\",\"extn\":\"0\"},{\"qty\":\"2\",\"part_no\":\"0\",\"desc\":\"PITA BREAD \",\"price\":\"0\",\"extn\":\"0\"}]','0',25,NULL,NULL,NULL,0),(74,1073,17,'2018-06-01 00:00:00','[{\"qty\":\"1\",\"part_no\":\"0\",\"desc\":\"IDAHO POTATO \",\"price\":\"0\",\"extn\":\"0\"},{\"qty\":\"40\",\"part_no\":\"0\",\"desc\":\"FRESH PUMPKIN LB\",\"price\":\"0\",\"extn\":\"0\"},{\"qty\":\"1\",\"part_no\":\"0\",\"desc\":\"JUMBO ASPARAGUS \",\"price\":\"0\",\"extn\":\"0\"},{\"qty\":\"1\",\"part_no\":\"0\",\"desc\":\"LARGE TOMATO \",\"price\":\"0\",\"extn\":\"0\"},{\"qty\":\"1\",\"part_no\":\"0\",\"desc\":\"GREEN ONION \",\"price\":\"0\",\"extn\":\"0\"},{\"qty\":\"2\",\"part_no\":\"0\",\"desc\":\"CHERRY TOMATOES \",\"price\":\"0\",\"extn\":\"0\"},{\"qty\":\"2\",\"part_no\":\"0\",\"desc\":\"RED GRAPES \",\"price\":\"0\",\"extn\":\"0\"},{\"qty\":\"1\",\"part_no\":\"0\",\"desc\":\"FRESH SPINACH \",\"price\":\"0\",\"extn\":\"0\"},{\"qty\":\"0.5\",\"part_no\":\"0\",\"desc\":\"FRESH LIMES \",\"price\":\"0\",\"extn\":\"0\"}]','0',25,NULL,NULL,NULL,0),(75,1074,5,'2018-06-02 00:00:00','[{\"qty\":\"4\",\"part_no\":\"CKGREY0002\",\"desc\":\"GREYGOOSE 750ML  \",\"price\":\"41.99\",\"extn\":\"167.96\"}]','168',25,NULL,NULL,NULL,0),(76,1075,7,'2018-06-02 00:00:00','[{\"qty\":\"3\",\"part_no\":\"0\",\"desc\":\"CANADA DRY SODA \",\"price\":\"0\",\"extn\":\"0\"},{\"qty\":\"6\",\"part_no\":\"0\",\"desc\":\"CRANBERRY JUICE 5.50Z \",\"price\":\"0\",\"extn\":\"0\"},{\"qty\":\"6\",\"part_no\":\"0\",\"desc\":\"SERGENTO CHEESE STICKS \",\"price\":\"0\",\"extn\":\"0\"},{\"qty\":\"3\",\"part_no\":\"0\",\"desc\":\"BLOODY MARY MIX \",\"price\":\"0\",\"extn\":\"0\"},{\"qty\":\"6\",\"part_no\":\"0\",\"desc\":\"DEAN&DELUCA SEA SALT POTATO CHIPS \",\"price\":\"0\",\"extn\":\"0\"},{\"qty\":\"4\",\"part_no\":\"0\",\"desc\":\"JALAPENO SAUCE \",\"price\":\"0\",\"extn\":\"0\"},{\"qty\":\"4\",\"part_no\":\"0\",\"desc\":\"FRESH KALE \",\"price\":\"0\",\"extn\":\"0\"},{\"qty\":\"3\",\"part_no\":\"0\",\"desc\":\"FRESH BABY SPINACH \",\"price\":\"0\",\"extn\":\"0\"},{\"qty\":\"6\",\"part_no\":\"0\",\"desc\":\"FRESH JALAPENO \",\"price\":\"0\",\"extn\":\"0\"},{\"qty\":\"3\",\"part_no\":\"0\",\"desc\":\"FRESH 1PT ORANGE JUICE \",\"price\":\"0\",\"extn\":\"0\"},{\"qty\":\"8\",\"part_no\":\"0\",\"desc\":\"MANDARIN ORANGES \",\"price\":\"0\",\"extn\":\"0\"},{\"qty\":\"6\",\"part_no\":\"0\",\"desc\":\"BLACK BEANS \",\"price\":\"0\",\"extn\":\"0\"},{\"qty\":\"6\",\"part_no\":\"0\",\"desc\":\"SWEET CORN \",\"price\":\"0\",\"extn\":\"0\"}]','0',25,NULL,NULL,NULL,0),(77,1076,16,'2018-06-02 00:00:00','[{\"qty\":\"1\",\"part_no\":\"KIA 151 1806\",\"desc\":\"FUEL \",\"price\":\"0\",\"extn\":\"0\"}]','0',25,NULL,NULL,NULL,0),(78,1077,14,'2018-06-02 00:00:00','[{\"qty\":\"1\",\"part_no\":\"PL1N\",\"desc\":\"1OZ SOUFFLE LIDS \",\"price\":\"56.00\",\"extn\":\"56\"}]','0',25,NULL,NULL,NULL,0),(79,1078,6,'2018-06-02 00:00:00','[{\"qty\":\"15\",\"part_no\":\"0\",\"desc\":\"SWEET POTATO LB\",\"price\":\"0\",\"extn\":\"0\"},{\"qty\":\"12\",\"part_no\":\"0\",\"desc\":\"FRESH GRAPE FRUIT \",\"price\":\"0\",\"extn\":\"0\"},{\"qty\":\"6\",\"part_no\":\"0\",\"desc\":\"FRESH PARSLEY BUNCH \",\"price\":\"0\",\"extn\":\"0\"},{\"qty\":\"6\",\"part_no\":\"0\",\"desc\":\"FRESH CILANTRO BUNCH \",\"price\":\"0\",\"extn\":\"0\"},{\"qty\":\"2\",\"part_no\":\"0\",\"desc\":\"PURPLE CABBAGE \",\"price\":\"0\",\"extn\":\"0\"},{\"qty\":\"4\",\"part_no\":\"0\",\"desc\":\"FRESH BASIL HERB\",\"price\":\"0\",\"extn\":\"0\"},{\"qty\":\"15\",\"part_no\":\"0\",\"desc\":\"FRESH LEEKS LB\",\"price\":\"0\",\"extn\":\"0\"},{\"qty\":\"2\",\"part_no\":\"0\",\"desc\":\"HUMMUS DIP\",\"price\":\"0\",\"extn\":\"0\"},{\"qty\":\"2\",\"part_no\":\"0\",\"desc\":\"ORZO PASTA \",\"price\":\"0\",\"extn\":\"0\"}]','0',25,NULL,NULL,NULL,0),(80,1079,2,'2018-06-02 00:00:00','[{\"qty\":\"1\",\"part_no\":\"0\",\"desc\":\"SWISS CHEESE DELI SLICE \",\"price\":\"0\",\"extn\":\"0\"},{\"qty\":\"1\",\"part_no\":\"0\",\"desc\":\"DELI SLICE ROAST BEEF 12LB\",\"price\":\"0\",\"extn\":\"0\"}]','0',25,NULL,NULL,NULL,0),(81,1080,1,'2018-06-02 00:00:00','[{\"qty\":\"2\",\"part_no\":\"150201\",\"desc\":\"BANANA RIPE \",\"price\":\"26.63\",\"extn\":\"53.26\"}]','53',25,NULL,NULL,NULL,0),(82,1081,1,'2018-06-02 00:00:00','[{\"qty\":\"1\",\"part_no\":\"160503\",\"desc\":\"LONG GRAIN RICE 50LB \",\"price\":\"18.99\",\"extn\":\"18.99\"}]','19',25,NULL,NULL,NULL,0),(83,1082,1,'2018-06-02 00:00:00','[{\"qty\":\"1\",\"part_no\":\"161301\",\"desc\":\"SUGAR 5LB \",\"price\":\"25.20\",\"extn\":\"25.2\"},{\"qty\":\"1\",\"part_no\":\"170310\",\"desc\":\"HEAVY CREAM 36% 1QT\",\"price\":\"48.00\",\"extn\":\"48\"},{\"qty\":\"1\",\"part_no\":\"170338\",\"desc\":\"MILK WHOLE GALLON\",\"price\":\"16.83\",\"extn\":\"16.83\"},{\"qty\":\"0.25\",\"part_no\":\"150101\",\"desc\":\"PLANTAIN RIPE LOOSE 50LB \",\"price\":\"33.22\",\"extn\":\"8.305\"}]','98',25,NULL,NULL,NULL,0),(84,1083,1,'2018-06-02 00:00:00','[{\"qty\":\"34.00\",\"part_no\":\"150100\",\"desc\":\"PUMPKIN CALABAZA 1LB \",\"price\":\"0.44\",\"extn\":\"14.96\"},{\"qty\":\"1\",\"part_no\":\"161309\",\"desc\":\"SUGAR BROWN DARK 1LB \",\"price\":\"33.34\",\"extn\":\"33.34\"},{\"qty\":\"1\",\"part_no\":\"001600010610\",\"desc\":\"GLD MDL A\\/P FLOUR 5LB \",\"price\":\"22.57\",\"extn\":\"22.57\"}]','71',25,NULL,NULL,NULL,0),(85,1084,1,'2018-06-02 00:00:00','[{\"qty\":\"1\",\"part_no\":\"250654\",\"desc\":\"PASTA PENNE RIGATE MAZZA 11LB \",\"price\":\"14.23\",\"extn\":\"14.23\"},{\"qty\":\"2\",\"part_no\":\"150227\",\"desc\":\"PINEAPPLE GLDN RIPE 6CT \",\"price\":\"28.63\",\"extn\":\"57.26\"},{\"qty\":\"1\",\"part_no\":\"150312\",\"desc\":\"HERB THYME FRESH 1LB \",\"price\":\"9.63\",\"extn\":\"9.63\"},{\"qty\":\"1\",\"part_no\":\"150106\",\"desc\":\"ONION YELLOW JUMBO 50LB \",\"price\":\"19.14\",\"extn\":\"19.14\"},{\"qty\":\"33.00\",\"part_no\":\"150100\",\"desc\":\"PUMPKIN CALABAZA 1LB \",\"price\":\"0.44\",\"extn\":\"14.52\"},{\"qty\":\"1\",\"part_no\":\"0039000086691\",\"desc\":\"LIBB VIENNA SASUAGE CHKN 4.6OZ 24\",\"price\":\"17.71\",\"extn\":\"17.71\"},{\"qty\":\"1\",\"part_no\":\"161705\",\"desc\":\"CHIP POTATO LAYS 1OZ \",\"price\":\"39.50\",\"extn\":\"39.5\"},{\"qty\":\"1\",\"part_no\":\"161309\",\"desc\":\"SUGAR BROWN DARK 1LB \",\"price\":\"33.34\",\"extn\":\"33.34\"},{\"qty\":\"2\",\"part_no\":\"170575\",\"desc\":\"TROP PUR PRM O\\/J 59OZ \",\"price\":\"25.40\",\"extn\":\"50.8\"}]','256',25,NULL,NULL,NULL,0),(86,1085,1,'2018-06-02 00:00:00','[{\"qty\":\"7\",\"part_no\":\"170506\",\"desc\":\"TROP PP HOM STYL O\\/J CTN 14OZ \",\"price\":\"20.44\",\"extn\":\"143.08\"},{\"qty\":\"2\",\"part_no\":\"170220\",\"desc\":\"CHEESE AMERICAN YWL 120CT 5LB \",\"price\":\"48.28\",\"extn\":\"96.56\"},{\"qty\":\"1\",\"part_no\":\"170240\",\"desc\":\"CHEESE CREAM 3LB\",\"price\":\"69.97\",\"extn\":\"69.97\"}]','310',25,NULL,NULL,NULL,0),(89,1088,6,'2018-06-04 00:00:00','[{\"qty\":\"4\",\"part_no\":\"0\",\"desc\":\"MUESLI CEREAL \",\"price\":\"0\",\"extn\":\"0\"},{\"qty\":\"1\",\"part_no\":\"0\",\"desc\":\"LOCAL HOT PEPPER LB\",\"price\":\"0\",\"extn\":\"0\"},{\"qty\":\"3\",\"part_no\":\"0\",\"desc\":\"GROUND WHITE PEPPER \",\"price\":\"0\",\"extn\":\"0\"}]','0',25,NULL,NULL,NULL,0),(90,1089,7,'2018-06-04 00:00:00','[{\"qty\":\"4\",\"part_no\":\"0\",\"desc\":\"MUESLI CEREAL \",\"price\":\"0\",\"extn\":\"0\"}]','0',25,NULL,NULL,NULL,0),(91,1090,3,'2018-06-04 00:00:00','[{\"qty\":\"10\",\"part_no\":\"0\",\"desc\":\"WHITE SLICE BREAD \",\"price\":\"1.80\",\"extn\":\"18\"},{\"qty\":\"10\",\"part_no\":\"0\",\"desc\":\"WHEAT SLICE BREAD \",\"price\":\"1.80\",\"extn\":\"18\"},{\"qty\":\"125\",\"part_no\":\"0\",\"desc\":\"SINGLE ROLLS \",\"price\":\"0.25\",\"extn\":\"31.25\"},{\"qty\":\"120\",\"part_no\":\"0\",\"desc\":\"DOZEN ROLLS \",\"price\":\"0.25\",\"extn\":\"30\"},{\"qty\":\"15\",\"part_no\":\"0\",\"desc\":\"HOAGIE ROLLS \",\"price\":\"0.50\",\"extn\":\"7.5\"}]','105',25,NULL,NULL,NULL,0),(92,1091,20,'2018-06-05 00:00:00','[{\"qty\":\"6\",\"part_no\":\"SKU: 346187\",\"desc\":\"SCOTT\\u00ae White 1-Ply Hardwound Roll Towel\",\"price\":\"0\",\"extn\":\"0\"},{\"qty\":\"2\",\"part_no\":\"SKU: C00144\",\"desc\":\"Febreze\\u00ae Air Effects\\u00ae Spring Air Freshener - 9.7 oz\",\"price\":\"0\",\"extn\":\"0\"},{\"qty\":\"8\",\"part_no\":\"SKU: 160093\",\"desc\":\"ProGuard\\u00ae Frontrunner\\u2122 Black\\/Clear Polycarbonate Safety Glasses\",\"price\":\"0\",\"extn\":\"0\"},{\"qty\":\"4\",\"part_no\":\"SKU: K02121\",\"desc\":\"Scotch-Brite\\u2122 6\",\"price\":\"0\",\"extn\":\"0\"},{\"qty\":\"4\",\"part_no\":\"SKU: K02103\",\"desc\":\"Scotch-Brite\\u2122 4.5\",\"price\":\"0\",\"extn\":\"0\"},{\"qty\":\"4\",\"part_no\":\"SKU: D06209\",\"desc\":\"Fiberglass Mop Handle - 60\",\"price\":\"0\",\"extn\":\"0\"},{\"qty\":\"8\",\"part_no\":\"SKU: 060030\",\"desc\":\"White Polypropylene Lab Coat - Extra Large\",\"price\":\"0\",\"extn\":\"0\"},{\"qty\":\"3\",\"part_no\":\"SKU: 160131\",\"desc\":\"Blue Shoe Covers - Large\",\"price\":\"0\",\"extn\":\"0\"},{\"qty\":\"2\",\"part_no\":\"SKU: 235512\",\"desc\":\"Creative Carryouts\\u00ae Octaview\\u00ae Black\\/Clear Plastic Hinged Lid Containers - 9.6\",\"price\":\"0\",\"extn\":\"0\"},{\"qty\":\"4\",\"part_no\":\"SKU: 235455\",\"desc\":\"Creative Carryouts\\u00ae Black\\/Clear 3 Compartment Plastic Hinged Lid Container - 11.5\",\"price\":\"0\",\"extn\":\"0\"},{\"qty\":\"4\",\"part_no\":\"SKU: 056333\",\"desc\":\"Clear Bun Rack Cover - 52\",\"price\":\"0\",\"extn\":\"0\"},{\"qty\":\"6\",\"part_no\":\"SKU: 337047\",\"desc\":\"Wypall\\u00ae White X70 Foodservice Towel - 12.5\",\"price\":\"0\",\"extn\":\"0\"},{\"qty\":\"1\",\"part_no\":\"SKU: L01226\",\"desc\":\"Tilex\\u00ae Mold & Mildew Remover - 16 oz Spray Bottle\",\"price\":\"0\",\"extn\":\"0\"},{\"qty\":\"4\",\"part_no\":\"SKU: 322202\",\"desc\":\"Conex\\u00ae Complements\\u00ae Clear Souffle Cups - 1 oz\",\"price\":\"0\",\"extn\":\"0\"},{\"qty\":\"4\",\"part_no\":\" SKU: 322224\",\"desc\":\"Solo\\u00ae Ultra Clear\\u2122 PET No-Slot Portion Container Lid Medium\",\"price\":\"0\",\"extn\":\"0\"},{\"qty\":\"2\",\"part_no\":\"SKU: 322209\",\"desc\":\"Conex\\u00ae Complements\\u00ae Clear Souffle Cups - 4 oz\",\"price\":\"0\",\"extn\":\"0\"},{\"qty\":\"2\",\"part_no\":\"SKU: 323085\",\"desc\":\"Clear Plastic Souffle Cup Lid - 3.25-5.5 oz\",\"price\":\"0\",\"extn\":\"0\"}]','0',25,NULL,NULL,NULL,0),(93,1092,17,'2018-06-05 00:00:00','[{\"qty\":\"1\",\"part_no\":\"0\",\"desc\":\"GREEN PEPPER \",\"price\":\"0\",\"extn\":\"0\"},{\"qty\":\"1\",\"part_no\":\"0\",\"desc\":\"RED PEPPER \",\"price\":\"0\",\"extn\":\"0\"},{\"qty\":\"1\",\"part_no\":\"0\",\"desc\":\"FANCY EGGPLANT \",\"price\":\"0\",\"extn\":\"0\"},{\"qty\":\"1\",\"part_no\":\"0\",\"desc\":\"YELLOW ONION MED \",\"price\":\"0\",\"extn\":\"0\"},{\"qty\":\"1\",\"part_no\":\"0\",\"desc\":\"HONEYDEW \",\"price\":\"0\",\"extn\":\"0\"},{\"qty\":\"1\",\"part_no\":\"0\",\"desc\":\"CANTALOUPE \",\"price\":\"0\",\"extn\":\"0\"},{\"qty\":\"1\",\"part_no\":\"0\",\"desc\":\"IDAHO POTATO \",\"price\":\"0\",\"extn\":\"0\"},{\"qty\":\"0.5\",\"part_no\":\"0\",\"desc\":\"CELERY BUNCH \",\"price\":\"0\",\"extn\":\"0\"},{\"qty\":\"5\",\"part_no\":\"0\",\"desc\":\"CUCUMBER (EURO)\",\"price\":\"0\",\"extn\":\"0\"},{\"qty\":\"5\",\"part_no\":\"0\",\"desc\":\"ROMAINE HEARTS \",\"price\":\"0\",\"extn\":\"0\"},{\"qty\":\"15\",\"part_no\":\"0\",\"desc\":\"SALTED FISH LB\",\"price\":\"0\",\"extn\":\"0\"},{\"qty\":\"50\",\"part_no\":\"0\",\"desc\":\"BEEF SHORT RIBS LB\",\"price\":\"0\",\"extn\":\"0\"}]','0',25,NULL,NULL,NULL,0),(94,1093,6,'2018-06-05 00:00:00','[{\"qty\":\"13\",\"part_no\":\"0\",\"desc\":\"FRESH MANGO LB\",\"price\":\"0\",\"extn\":\"0\"},{\"qty\":\"18\",\"part_no\":\"0\",\"desc\":\"FRESH GRAPEFRUIT \",\"price\":\"0\",\"extn\":\"0\"},{\"qty\":\"4\",\"part_no\":\"0\",\"desc\":\"FRESH CHIVES \",\"price\":\"0\",\"extn\":\"0\"},{\"qty\":\"15\",\"part_no\":\"0\",\"desc\":\"SWEET POTATO LB\",\"price\":\"0\",\"extn\":\"0\"},{\"qty\":\"4\",\"part_no\":\"0\",\"desc\":\"PURPLE CABBAGE \",\"price\":\"0\",\"extn\":\"0\"},{\"qty\":\"4\",\"part_no\":\"0\",\"desc\":\"GREEN CABBAGE \",\"price\":\"0\",\"extn\":\"0\"},{\"qty\":\"4\",\"part_no\":\"0\",\"desc\":\"RICE PUDDING \",\"price\":\"0\",\"extn\":\"0\"},{\"qty\":\"6\",\"part_no\":\"0\",\"desc\":\"SOUR CREAM \",\"price\":\"0\",\"extn\":\"0\"},{\"qty\":\"4\",\"part_no\":\"0\",\"desc\":\"FINE CORNMEAL\",\"price\":\"0\",\"extn\":\"0\"}]','0',25,NULL,NULL,NULL,0),(95,1094,1,'2018-06-05 00:00:00','[{\"qty\":\"0.50\",\"part_no\":\"150101\",\"desc\":\"PLANTAIN RIPE\",\"price\":\"32.61\",\"extn\":\"16.305\"}]','16',25,NULL,23,'2018-06-06 14:19:38',1),(96,1095,3,'2018-06-06 00:00:00','[{\"qty\":\"425\",\"part_no\":\"EA\",\"desc\":\"SINGLE ROLLS \",\"price\":\"0.25\",\"extn\":\"106.25\"},{\"qty\":\"144\",\"part_no\":\"EA\",\"desc\":\"DOZEN ROLLS \",\"price\":\"0.25\",\"extn\":\"36\"},{\"qty\":\"80\",\"part_no\":\"EA\",\"desc\":\"PLAIN ROLLS \",\"price\":\"0.30\",\"extn\":\"24\"},{\"qty\":\"30\",\"part_no\":\"EA\",\"desc\":\"HOAGIE ROLLS \",\"price\":\"0.50\",\"extn\":\"15\"},{\"qty\":\"72\",\"part_no\":\"EA\",\"desc\":\"SCOTTISH BAPS\",\"price\":\"0.35\",\"extn\":\"25.2\"}]','206',25,NULL,NULL,NULL,0),(97,1096,3,'2018-06-07 00:00:00','[{\"qty\":\"30\",\"part_no\":\"ea\",\"desc\":\"Cheese Danish \",\"price\":\"0\",\"extn\":\"0\"}]','0',25,NULL,NULL,NULL,0),(98,1097,3,'2018-06-07 00:00:00','[{\"qty\":\"36\",\"part_no\":\"ea\",\"desc\":\"Scottish Baps \",\"price\":\"0.30\",\"extn\":\"10.799999999999999\"},{\"qty\":\"30\",\"part_no\":\"ea\",\"desc\":\"Cheese Danish \",\"price\":\"0.35\",\"extn\":\"10.5\"},{\"qty\":\"40\",\"part_no\":\"ea \",\"desc\":\"Twisted Rolls with Pumpkin Seeds \",\"price\":\"0\",\"extn\":\"0\"},{\"qty\":\"40\",\"part_no\":\"ea\",\"desc\":\"Multigrain Rolls with Toasted Pumpkin Seeds\",\"price\":\"0\",\"extn\":\"0\"},{\"qty\":\"40\",\"part_no\":\"ea\",\"desc\":\"Plain Rolls \",\"price\":\"0\",\"extn\":\"0\"},{\"qty\":\"225\",\"part_no\":\"ea\",\"desc\":\"Single Rolls \",\"price\":\"0.25\",\"extn\":\"56.25\"}]','78',25,NULL,NULL,NULL,0),(99,1098,6,'2018-06-07 00:00:00','[{\"qty\":\"4\",\"part_no\":\"pk\",\"desc\":\"Fresh Chives \",\"price\":\"0\",\"extn\":\"0\"},{\"qty\":\"4\",\"part_no\":\"pk\",\"desc\":\"Basil Herb \",\"price\":\"0\",\"extn\":\"0\"},{\"qty\":\"8\",\"part_no\":\"ea\",\"desc\":\"Fresh Mango \",\"price\":\"0\",\"extn\":\"0\"},{\"qty\":\"2\",\"part_no\":\"ea\",\"desc\":\"Watermelon \",\"price\":\"0\",\"extn\":\"0\"},{\"qty\":\"5\",\"part_no\":\"ea\",\"desc\":\"Parsley Bunch \",\"price\":\"0\",\"extn\":\"0\"},{\"qty\":\"4\",\"part_no\":\"ea\",\"desc\":\"Craisins \",\"price\":\"0\",\"extn\":\"0\"},{\"qty\":\"5\",\"part_no\":\"ea\",\"desc\":\"Rice Noodles \",\"price\":\"0\",\"extn\":\"0\"},{\"qty\":\"5\",\"part_no\":\"lb\",\"desc\":\"Pumpkin \",\"price\":\"0\",\"extn\":\"0\"},{\"qty\":\"2\",\"part_no\":\"ea\",\"desc\":\"Pineapple\",\"price\":\"0\",\"extn\":\"0\"}]','0',25,NULL,NULL,NULL,0),(100,1099,7,'2018-06-07 00:00:00','[{\"qty\":\"4\",\"part_no\":\"ea\",\"desc\":\"Rice Noodles \",\"price\":\"0\",\"extn\":\"0\"},{\"qty\":\"8\",\"part_no\":\"ea\",\"desc\":\"Fresh Mango \",\"price\":\"0\",\"extn\":\"0\"}]','0',25,NULL,NULL,NULL,0),(101,1099,7,'2018-06-07 00:00:00','[{\"qty\":\"4\",\"part_no\":\"ea\",\"desc\":\"Rice Noodles \",\"price\":\"0\",\"extn\":\"0\"},{\"qty\":\"8\",\"part_no\":\"ea\",\"desc\":\"Fresh Mango \",\"price\":\"0\",\"extn\":\"0\"}]','0',25,NULL,NULL,NULL,0),(102,1101,17,'2018-06-07 00:00:00','[{\"qty\":\"5\",\"part_no\":\"lb\",\"desc\":\"Fresh Ginger \",\"price\":\"1.50\",\"extn\":\"7.5\"},{\"qty\":\"1\",\"part_no\":\"cs\",\"desc\":\"Lemons\",\"price\":\"52.95\",\"extn\":\"52.95\"},{\"qty\":\"1\",\"part_no\":\"cs\",\"desc\":\"Grapefruit Red 40ct \",\"price\":\"32.95\",\"extn\":\"32.95\"},{\"qty\":\"5\",\"part_no\":\"cs\",\"desc\":\"Romaine Hearts 12\\/3ct\",\"price\":\"28.95\",\"extn\":\"144.75\"},{\"qty\":\"1\",\"part_no\":\"cs\",\"desc\":\"Red Pepper Large 25lb \",\"price\":\"32.95\",\"extn\":\"32.95\"},{\"qty\":\"1\",\"part_no\":\"cs\",\"desc\":\"Pepper Green 20lb \",\"price\":\"32.95\",\"extn\":\"32.95\"},{\"qty\":\"2\",\"part_no\":\"cs\",\"desc\":\"Plum Tomatoes 25lb\",\"price\":\"25.95\",\"extn\":\"51.9\"},{\"qty\":\"2\",\"part_no\":\"cs\",\"desc\":\"Grape Tomatoes 12-1lb\",\"price\":\"18.95\",\"extn\":\"37.9\"},{\"qty\":\"1\",\"part_no\":\"lb\",\"desc\":\"Herb Thyme 1lb\",\"price\":\"8.99\",\"extn\":\"8.99\"},{\"qty\":\"2\",\"part_no\":\"cs\",\"desc\":\"Jumbo Asparagus 11lb\",\"price\":\"38.95\",\"extn\":\"77.9\"},{\"qty\":\"15\",\"part_no\":\"lb\",\"desc\":\"Salted Fish 1lb\",\"price\":\"4.20\",\"extn\":\"63\"},{\"qty\":\"30\",\"part_no\":\"lb\",\"desc\":\"Beef Short Ribs \",\"price\":\"5.35\",\"extn\":\"160.5\"},{\"qty\":\"1\",\"part_no\":\"cs\",\"desc\":\"Cantaloupe 12ct\",\"price\":\"24.95\",\"extn\":\"24.95\"}]','25',25,NULL,NULL,NULL,0),(103,1102,7,'2018-06-07 00:00:00','[{\"qty\":\"2\",\"part_no\":\"cs\",\"desc\":\"1PT 2% Milk \",\"price\":\"0\",\"extn\":\"0\"},{\"qty\":\"4\",\"part_no\":\"ea\",\"desc\":\"Rice Pudding\",\"price\":\"0\",\"extn\":\"0\"},{\"qty\":\"18\",\"part_no\":\"lb\",\"desc\":\"Sweet potato \",\"price\":\"0\",\"extn\":\"0\"},{\"qty\":\"4\",\"part_no\":\"ea\",\"desc\":\"Sour Cream \",\"price\":\"0\",\"extn\":\"0\"}]','0',25,NULL,NULL,NULL,0),(104,1103,22,'2018-06-07 00:00:00','[{\"qty\":\"1\",\"part_no\":\"422426\",\"desc\":\"K2612PSUN Sunday Label \",\"price\":\"0\",\"extn\":\"0\"},{\"qty\":\"1\",\"part_no\":\"422415\",\"desc\":\"K2612PMON Monday Label \",\"price\":\"0\",\"extn\":\"0\"},{\"qty\":\"1\",\"part_no\":\"422429\",\"desc\":\"K2612PTUE Tuesday Label \",\"price\":\"0\",\"extn\":\"0\"},{\"qty\":\"1\",\"part_no\":\"422418\",\"desc\":\"K2612PWED Wednesday Label\",\"price\":\"0\",\"extn\":\"0\"},{\"qty\":\"1\",\"part_no\":\"422428\",\"desc\":\"K2612PTHR Thursday Label \",\"price\":\"0\",\"extn\":\"0\"},{\"qty\":\"1\",\"part_no\":\"422414\",\"desc\":\"K2612PFRI Friday Label \",\"price\":\"0\",\"extn\":\"0\"},{\"qty\":\"1\",\"part_no\":\"422416\",\"desc\":\"K2612PSAT Saturday Label \",\"price\":\"0\",\"extn\":\"0\"}]','0',25,NULL,NULL,NULL,0),(105,1104,8,'2018-06-08 00:00:00','[{\"qty\":\"7\",\"part_no\":\"cs\",\"desc\":\"12oz Regular Coke \",\"price\":\"13.99\",\"extn\":\"97.93\"},{\"qty\":\"4\",\"part_no\":\"cs\",\"desc\":\"12oz Diet Coke \",\"price\":\"13.99\",\"extn\":\"55.96\"},{\"qty\":\"3\",\"part_no\":\"cs\",\"desc\":\"12oz Diet Coke \",\"price\":\"13.99\",\"extn\":\"41.97\"},{\"qty\":\"3\",\"part_no\":\"cs\",\"desc\":\"12oz Fresca Soda \",\"price\":\"13.99\",\"extn\":\"41.97\"},{\"qty\":\"7\",\"part_no\":\"cs\",\"desc\":\"12oz Sprite Soda \",\"price\":\"13.99\",\"extn\":\"97.93\"}]','336',25,NULL,NULL,NULL,0),(106,1105,6,'2018-06-08 00:00:00','[{\"qty\":\"4\",\"part_no\":\"ea\",\"desc\":\"Rice Pudding \",\"price\":\"0\",\"extn\":\"0\"},{\"qty\":\"6\",\"part_no\":\"ea\",\"desc\":\"Sour Cream \",\"price\":\"0\",\"extn\":\"0\"},{\"qty\":\"3\",\"part_no\":\"ea\",\"desc\":\"Frozen Green Peas \",\"price\":\"0\",\"extn\":\"0\"},{\"qty\":\"1\",\"part_no\":\"ea\",\"desc\":\"Quick Oats \",\"price\":\"0\",\"extn\":\"0\"},{\"qty\":\"4\",\"part_no\":\"ea\",\"desc\":\"Frozen Pancakes \",\"price\":\"0\",\"extn\":\"0\"},{\"qty\":\"30\",\"part_no\":\"ea\",\"desc\":\"Green Banana\",\"price\":\"0\",\"extn\":\"0\"},{\"qty\":\"2\",\"part_no\":\"pk\",\"desc\":\"Chicken Nuggets \",\"price\":\"0\",\"extn\":\"0\"}]','0',25,NULL,NULL,NULL,0),(107,1106,1,'2018-06-08 00:00:00','[{\"qty\":\"30\",\"part_no\":\"lb\",\"desc\":\"Beef Short Ribs \",\"price\":\"5.65\",\"extn\":\"169.5\"},{\"qty\":\"5\",\"part_no\":\"cs\",\"desc\":\"Lettuce Romaine Hearts 3\\/12ct\",\"price\":\"35.59\",\"extn\":\"177.95000000000002\"},{\"qty\":\"1\",\"part_no\":\"cs\",\"desc\":\"Chip Potato Lays 10z\",\"price\":\"39.50\",\"extn\":\"39.5\"}]','387',25,NULL,NULL,NULL,0),(108,1107,6,'2018-06-08 00:00:00','[{\"qty\":\"2\",\"part_no\":\"ea\",\"desc\":\"Fresh Kale \",\"price\":\"0\",\"extn\":\"0\"},{\"qty\":\"4\",\"part_no\":\"ea\",\"desc\":\"Snapper Fillet \",\"price\":\"0\",\"extn\":\"0\"},{\"qty\":\"15\",\"part_no\":\"lb\",\"desc\":\"Sweet Potato \",\"price\":\"0\",\"extn\":\"0\"},{\"qty\":\"4\",\"part_no\":\"ea\",\"desc\":\"Corn Meal \",\"price\":\"0\",\"extn\":\"0\"},{\"qty\":\"2\",\"part_no\":\"ea\",\"desc\":\"Ozro Pasta \",\"price\":\"0\",\"extn\":\"0\"}]','0',25,NULL,NULL,NULL,0),(109,1108,16,'2018-06-08 00:00:00','[{\"qty\":\"1\",\"part_no\":\"151806 \",\"desc\":\"Fuel \",\"price\":\"0\",\"extn\":\"0\"}]','0',25,NULL,NULL,NULL,0),(110,1109,1,'2018-06-08 00:00:00','[{\"qty\":\"2\",\"part_no\":\"cs\",\"desc\":\"Saltine Crackers  161507\",\"price\":\"22.43\",\"extn\":\"44.86\"},{\"qty\":\"33\",\"part_no\":\"lb\",\"desc\":\"Salmon Fillet 120143\",\"price\":\"7.89\",\"extn\":\"260.37\"}]','0',25,NULL,NULL,NULL,0),(111,1110,3,'2018-06-08 00:00:00','[{\"qty\":\"650\",\"part_no\":\"ea\",\"desc\":\"Single Rolls\",\"price\":\"0.25\",\"extn\":\"162.5\"},{\"qty\":\"200\",\"part_no\":\"ea\",\"desc\":\"Dozen Rolls \",\"price\":\"0.25\",\"extn\":\"50\"},{\"qty\":\"86\",\"part_no\":\"ea\",\"desc\":\"Plain Rolls \",\"price\":\"0.30\",\"extn\":\"25.8\"},{\"qty\":\"20\",\"part_no\":\"ea\",\"desc\":\"Cheese & Onion Rolls\",\"price\":\"0.30\",\"extn\":\"6\"},{\"qty\":\"86\",\"part_no\":\"ea \",\"desc\":\"Twisted Rolls with Pumpkin Seeds\",\"price\":\"0.35\",\"extn\":\"30.099999999999998\"},{\"qty\":\"86\",\"part_no\":\"ea\",\"desc\":\"Mutligrain Rolls \",\"price\":\"0.35\",\"extn\":\"30.099999999999998\"},{\"qty\":\"30\",\"part_no\":\"ea\",\"desc\":\"Cheese Danish \",\"price\":\"0.30\",\"extn\":\"9\"},{\"qty\":\"10\",\"part_no\":\"ea\",\"desc\":\"Slice Wheat Rolls\",\"price\":\"1.80\",\"extn\":\"18\"},{\"qty\":\"72\",\"part_no\":\"ea\",\"desc\":\"Scottish Baps \",\"price\":\"0.40\",\"extn\":\"28.8\"}]','379',25,NULL,NULL,NULL,0),(112,1111,17,'2018-06-08 00:00:00','[{\"qty\":\"6\",\"part_no\":\"cs\",\"desc\":\"Cucumber Euro \",\"price\":\"10.25\",\"extn\":\"61.5\"},{\"qty\":\"1\",\"part_no\":\"cs\",\"desc\":\"Jumbo Carrot 50lb \",\"price\":\"28.95\",\"extn\":\"28.95\"},{\"qty\":\"2\",\"part_no\":\"cs\",\"desc\":\"Tomato Plum \",\"price\":\"25.95\",\"extn\":\"51.9\"},{\"qty\":\"2\",\"part_no\":\"cs\",\"desc\":\"Tomato 5x6 Slicing 25lb \",\"price\":\"30.95\",\"extn\":\"61.9\"},{\"qty\":\"2\",\"part_no\":\"cs\",\"desc\":\"Lettuce Baby Mix \",\"price\":\"22.95\",\"extn\":\"45.9\"},{\"qty\":\"1\",\"part_no\":\"cs\",\"desc\":\"Pineapple 6ct \",\"price\":\"18.50\",\"extn\":\"18.5\"},{\"qty\":\"0.5\",\"part_no\":\"cs\",\"desc\":\"Celery SLVD Prem 30ct \",\"price\":\"36.95\",\"extn\":\"18.475\"},{\"qty\":\"1\",\"part_no\":\"cs\",\"desc\":\"Onion Medium 50lb \",\"price\":\"19.95\",\"extn\":\"19.95\"},{\"qty\":\"3\",\"part_no\":\"ea\",\"desc\":\"Watermelon Seedless\",\"price\":\"8.95\",\"extn\":\"26.849999999999998\"}]','361',25,NULL,NULL,NULL,0),(113,1112,7,'2018-06-08 00:00:00','[{\"qty\":\"2\",\"part_no\":\"cs\",\"desc\":\"1PT 2% Milk \",\"price\":\"0\",\"extn\":\"0\"},{\"qty\":\"18\",\"part_no\":\"lb\",\"desc\":\"Sweet Potato \",\"price\":\"0\",\"extn\":\"0\"},{\"qty\":\"8\",\"part_no\":\"pk\",\"desc\":\"Fresh Berries \",\"price\":\"0\",\"extn\":\"0\"},{\"qty\":\"2\",\"part_no\":\"ea\",\"desc\":\"Hummus Dip \",\"price\":\"0\",\"extn\":\"0\"},{\"qty\":\"2\",\"part_no\":\"ea\",\"desc\":\"Evaporated Milk \",\"price\":\"0\",\"extn\":\"0\"},{\"qty\":\"6\",\"part_no\":\"pk\",\"desc\":\"Fresh Chives \",\"price\":\"0\",\"extn\":\"0\"},{\"qty\":\"5\",\"part_no\":\"ea\",\"desc\":\"Browning Caramel \",\"price\":\"0\",\"extn\":\"0\"},{\"qty\":\"4\",\"part_no\":\"pk\",\"desc\":\"Basil Herb \",\"price\":\"0\",\"extn\":\"0\"}]','0',25,NULL,NULL,NULL,0),(114,1112,7,'2018-06-08 00:00:00','[{\"qty\":\"2\",\"part_no\":\"cs\",\"desc\":\"1PT 2% Milk \",\"price\":\"0\",\"extn\":\"0\"},{\"qty\":\"18\",\"part_no\":\"lb\",\"desc\":\"Sweet Potato \",\"price\":\"0\",\"extn\":\"0\"},{\"qty\":\"8\",\"part_no\":\"pk\",\"desc\":\"Fresh Berries \",\"price\":\"0\",\"extn\":\"0\"}]','0',25,NULL,NULL,NULL,0),(115,1114,2,'2018-06-09 00:00:00','[{\"qty\":\"33\",\"part_no\":\"lb\",\"desc\":\"Salmon Fillet 2-3lb\",\"price\":\"7.61\",\"extn\":\"251.13000000000002\"},{\"qty\":\"1\",\"part_no\":\"cs\",\"desc\":\"Swiss  Cheese Deli Slice \",\"price\":\"0\",\"extn\":\"0\"}]','251',25,NULL,NULL,NULL,0),(116,1115,1,'2018-06-09 00:00:00','[{\"qty\":\"40\",\"part_no\":\"110490\",\"desc\":\" BEEF SHORT RIB ENDS CAB LB\",\"price\":\"5.65\",\"extn\":\"226\"}]','226',25,NULL,NULL,NULL,0),(117,1116,2,'2018-06-09 00:00:00','[{\"qty\":\"1\",\"part_no\":\"cs\",\"desc\":\"Cheddar Cheese Block (white)\",\"price\":\"0\",\"extn\":\"0\"},{\"qty\":\"2\",\"part_no\":\"Units \",\"desc\":\"Tomatop Sauce #10 \",\"price\":\"0\",\"extn\":\"0\"}]','0',25,NULL,NULL,NULL,0),(118,1117,6,'2018-06-09 00:00:00','[{\"qty\":\"2\",\"part_no\":\"ea\",\"desc\":\"Fresh Broccoli \",\"price\":\"0\",\"extn\":\"0\"},{\"qty\":\"2\",\"part_no\":\"ea\",\"desc\":\"Fresh Cauliflower \",\"price\":\"0\",\"extn\":\"0\"},{\"qty\":\"2\",\"part_no\":\"ea\",\"desc\":\"Baby Corn \",\"price\":\"0\",\"extn\":\"0\"},{\"qty\":\"8\",\"part_no\":\"lb\",\"desc\":\"Fresh Yam \",\"price\":\"0\",\"extn\":\"0\"},{\"qty\":\"4\",\"part_no\":\"pk\",\"desc\":\"Noodle Soup Mix \",\"price\":\"0\",\"extn\":\"0\"}]','0',25,NULL,NULL,NULL,0),(119,1118,14,'2018-06-09 00:00:00','[{\"qty\":\"1\",\"part_no\":\"PL1N\",\"desc\":\"Souffle Lid 1oz use .050pc cup \",\"price\":\"56.00\",\"extn\":\"56\"}]','0',25,NULL,23,'2018-06-11 16:21:04',1),(120,1119,6,'2018-06-11 00:00:00','[{\"qty\":\"16\",\"part_no\":\"lb\",\"desc\":\"Sweet Potato \",\"price\":\"0\",\"extn\":\"0\"},{\"qty\":\"4\",\"part_no\":\"ea\",\"desc\":\"Goat Cheese \",\"price\":\"0\",\"extn\":\"0\"},{\"qty\":\"4\",\"part_no\":\"pk\",\"desc\":\"PC Raisins \",\"price\":\"0\",\"extn\":\"0\"}]','0',25,NULL,23,'2018-06-11 16:20:45',1),(121,1120,1,'2018-06-11 00:00:00','[{\"qty\":\"2\",\"part_no\":\"150703 \",\"desc\":\"Cherry Tomatoes \",\"price\":\"28.16\",\"extn\":\"56.32\"},{\"qty\":\"5\",\"part_no\":\"150242 \",\"desc\":\"Watermelon Seedless \",\"price\":\"7.93\",\"extn\":\"39.65\"},{\"qty\":\"1\",\"part_no\":\"150124\",\"desc\":\"Squash Zucchini \",\"price\":\"20.42\",\"extn\":\"20.42\"},{\"qty\":\"4\",\"part_no\":\"161500\",\"desc\":\"Half & Half Creamer 390ct \",\"price\":\"13.61\",\"extn\":\"40.83\"},{\"qty\":\"2\",\"part_no\":\"161507\",\"desc\":\"Saltine Crackers \",\"price\":\"22.43\",\"extn\":\"44.86\"}]','202',25,NULL,23,'2018-06-11 16:20:33',1),(122,1121,20,'2018-06-11 00:00:00','[{\"qty\":\"8\",\"part_no\":\"SKU: 061020\",\"desc\":\"38x58 Black Low Density \",\"price\":\"0\",\"extn\":\"0\"},{\"qty\":\"8\",\"part_no\":\"SKU: 061229\",\"desc\":\"38x60 Black High Density Can Liner \",\"price\":\"0\",\"extn\":\"0\"},{\"qty\":\"1\",\"part_no\":\"SKU: C00254\",\"desc\":\"Febreze\\u00ae Air Effects\\u00ae Meadow and Rain Air Freshener - 9.7 oz\",\"price\":\"0\",\"extn\":\"0\"},{\"qty\":\"1\",\"part_no\":\"SKU: C00144\",\"desc\":\"Febreze\\u00ae Air Effects\\u00ae Spring Air Freshener - 9.7 oz\",\"price\":\"0\",\"extn\":\"0\"},{\"qty\":\"9\",\"part_no\":\"SKU: 307005\",\"desc\":\"Cling Film Wrap 12x2000\",\"price\":\"0\",\"extn\":\"0\"},{\"qty\":\"4\",\"part_no\":\"SKU: 307006\",\"desc\":\"Cling Film Wrap 18x2000\",\"price\":\"0\",\"extn\":\"0\"},{\"qty\":\"2\",\"part_no\":\"SKU: R08118\",\"desc\":\"Oasis\\u00ae 146 Multi-Quat Sanitizer - 2.5 Gallons\",\"price\":\"0\",\"extn\":\"0\"},{\"qty\":\"6\",\"part_no\":\"SKU: 149176\",\"desc\":\" Powder-Free Vinyl Gloves - Medium\",\"price\":\"0\",\"extn\":\"0\"},{\"qty\":\"2\",\"part_no\":\"SKU: 149178\",\"desc\":\"Powder-Free Vinyl Gloves - Large\",\"price\":\"0\",\"extn\":\"0\"},{\"qty\":\"3\",\"part_no\":\"SKU: K00137\",\"desc\":\"Sterno\\u00ae Handy Fuel\\u00ae 2-Hour Chafing Fuel\",\"price\":\"0\",\"extn\":\"0\"},{\"qty\":\"4\",\"part_no\":\"SKU: K02103\",\"desc\":\"Scotch-Brite\\u2122 4.5\",\"price\":\"0\",\"extn\":\"0\"},{\"qty\":\"16\",\"part_no\":\"SKU: F01110\",\"desc\":\"ProGuard\\u00ae Silver Silicone Oven Mitt - 17\",\"price\":\"0\",\"extn\":\"0\"},{\"qty\":\"2\",\"part_no\":\"SKU: T00717\",\"desc\":\"BestGuard\\u00ae Black Oven Mitt with WebGuard\\u2122 - 15\",\"price\":\"0\",\"extn\":\"0\"},{\"qty\":\"2\",\"part_no\":\"SKU: 323015\",\"desc\":\"Translucent Souffle Cup - 1 oz\",\"price\":\"0\",\"extn\":\"0\"},{\"qty\":\"4\",\"part_no\":\"SKU:322224\",\"desc\":\"Solo\\u00ae Ultra Clear\\u2122 PET No-Slot Portion Container Lid Medium\",\"price\":\"0\",\"extn\":\"0\"},{\"qty\":\"2\",\"part_no\":\"SKU: 235472\",\"desc\":\" Octaview\\u00ae Black Containers - 7.9\",\"price\":\"0\",\"extn\":\"0\"},{\"qty\":\"6\",\"part_no\":\"SKU: 003095\",\"desc\":\"Reynolds\\u00ae Metro\\u2122 Standard Foodservice Aluminum Foil Roll - 12\",\"price\":\"0\",\"extn\":\"0\"},{\"qty\":\"6\",\"part_no\":\"SKU: 003096\",\"desc\":\"Reynolds\\u00ae Metro\\u2122 Standard Foodservice Aluminum Foil Roll - 18\",\"price\":\"0\",\"extn\":\"0\"},{\"qty\":\"4\",\"part_no\":\"SKU: 056333\",\"desc\":\"Clear Bun Rack Cover - 52\",\"price\":\"0\",\"extn\":\"0\"},{\"qty\":\"12\",\"part_no\":\"834786 \",\"desc\":\"PRO VISIONS KNIFE SUGAR STIRRE 500CT\\t\",\"price\":\"0\",\"extn\":\"0\"},{\"qty\":\"3\",\"part_no\":\"SKU: 235455\",\"desc\":\"Creative Carryouts\\u00ae Black\\/Clear 3 Compartment Plastic Hinged Lid Container - 11.5\",\"price\":\"0\",\"extn\":\"0\"},{\"qty\":\"6\",\"part_no\":\"SKU: 337047\",\"desc\":\"Wypall\\u00ae White X70 Foodservice Towel - 12.5\",\"price\":\"0\",\"extn\":\"0\"},{\"qty\":\"2\",\"part_no\":\"SKU: 322209\",\"desc\":\"Conex\\u00ae Complements\\u00ae Clear Souffle Cups - 4 oz\",\"price\":\"0\",\"extn\":\"0\"},{\"qty\":\"5\",\"part_no\":\"SKU: 232293\",\"desc\":\"Flat Plastic Lid for 4oz Unbleached Souffle Cup\",\"price\":\"0\",\"extn\":\"0\"},{\"qty\":\"2\",\"part_no\":\"SKU: D11150\",\"desc\":\"Multi-lingual \",\"price\":\"0\",\"extn\":\"0\"}]','0',25,NULL,NULL,NULL,0),(123,1122,3,'2018-06-11 00:00:00','[{\"qty\":\"10\",\"part_no\":\"ea\",\"desc\":\"White Slice Bread \",\"price\":\"1.80\",\"extn\":\"18\"},{\"qty\":\"10\",\"part_no\":\"ea\",\"desc\":\"Wheat Slice Bread \",\"price\":\"1.80\",\"extn\":\"18\"},{\"qty\":\"30\",\"part_no\":\"ea\",\"desc\":\"Hoagie Roll \",\"price\":\"0.50\",\"extn\":\"15\"},{\"qty\":\"100\",\"part_no\":\"ea\",\"desc\":\"Single Roll\",\"price\":\"0.25\",\"extn\":\"25\"}]','76',25,NULL,NULL,NULL,0),(124,1123,17,'2018-06-11 00:00:00','[{\"qty\":\"1\",\"part_no\":\"600692\",\"desc\":\"Pepper  Green 20lb\",\"price\":\"28.95\",\"extn\":\"28.95\"},{\"qty\":\"2\",\"part_no\":\"600694\",\"desc\":\"25lb Red Pepper Large \",\"price\":\"32.95\",\"extn\":\"65.9\"},{\"qty\":\"1\",\"part_no\":\"600694A\",\"desc\":\"Pepper Yellow 11lb\",\"price\":\"27.95\",\"extn\":\"27.95\"},{\"qty\":\"1\",\"part_no\":\"600696\",\"desc\":\"Potato Idaho 90-100 ct \",\"price\":\"24.95\",\"extn\":\"24.95\"},{\"qty\":\"1\",\"part_no\":\"600646\",\"desc\":\"Eggplant Fancy 25lb\",\"price\":\"21.95\",\"extn\":\"21.95\"},{\"qty\":\"2\",\"part_no\":\"600724L\",\"desc\":\"Jumbo Asparagus 11lb\",\"price\":\"38.95\",\"extn\":\"77.9\"},{\"qty\":\"2\",\"part_no\":\"600711\",\"desc\":\"Tomatoes Plum 25lb\",\"price\":\"23.95\",\"extn\":\"47.9\"},{\"qty\":\"1\",\"part_no\":\"600686A\",\"desc\":\"Oranges Cali 80-88ct \",\"price\":\"52.95\",\"extn\":\"52.95\"},{\"qty\":\"0.5\",\"part_no\":\"600659A\",\"desc\":\"Limes 175ct \",\"price\":\"33.95\",\"extn\":\"16.975\"},{\"qty\":\"15\",\"part_no\":\"100107\",\"desc\":\"Oxtail Beef lb \",\"price\":\"5.25\",\"extn\":\"78.75\"},{\"qty\":\"15\",\"part_no\":\"100100\",\"desc\":\"Goat lb \",\"price\":\"4.75\",\"extn\":\"71.25\"}]','515',25,NULL,NULL,NULL,0),(125,1124,23,'2018-06-12 00:00:00','[{\"qty\":\"1\",\"part_no\":\"1123661\",\"desc\":\"BOWL SQR 12 OZ MEL WHT \",\"price\":\"0\",\"extn\":\"0\"},{\"qty\":\"4\",\"part_no\":\" 1123662\",\"desc\":\"BOWL SQR 24 OZ MEL WHT \",\"price\":\"0\",\"extn\":\"0\"},{\"qty\":\"2\",\"part_no\":\" 1123663\",\"desc\":\"BOWL SQR 48 OZ MEL WHT\",\"price\":\"0\",\"extn\":\"0\"},{\"qty\":\"4\",\"part_no\":\" 1123664\",\"desc\":\"PLATTER RECT 9-3\\/4X5-1\\/4\",\"price\":\"0\",\"extn\":\"0\"},{\"qty\":\"3\",\"part_no\":\" 1123659\",\"desc\":\"PLATTER RECT 12-7\\/8X5-1\\/4\",\"price\":\"0\",\"extn\":\"0\"},{\"qty\":\"6\",\"part_no\":\"1123660\",\"desc\":\"PLATTER RECT 12-7\\/8X7\",\"price\":\"0\",\"extn\":\"0\"}]','0',25,NULL,NULL,NULL,0),(126,1125,11,'2018-06-12 00:00:00','[{\"qty\":\"2\",\"part_no\":\"010199103260\",\"desc\":\"Printing Paper cases\",\"price\":\"34.00\",\"extn\":\"68\"}]','68',25,NULL,NULL,NULL,0),(127,1126,3,'2018-06-13 00:00:00','[{\"qty\":\"325\",\"part_no\":\"ea\",\"desc\":\"Single rolls \",\"price\":\"0.25\",\"extn\":\"81.25\"},{\"qty\":\"72\",\"part_no\":\"ea\",\"desc\":\"Dozen rolls \",\"price\":\"0.25\",\"extn\":\"18\"},{\"qty\":\"60\",\"part_no\":\"ea\",\"desc\":\"Plain Rolls\",\"price\":\"0.30\",\"extn\":\"18\"},{\"qty\":\"15\",\"part_no\":\"ea\",\"desc\":\"Hoagie rolls \",\"price\":\"0.50\",\"extn\":\"7.5\"},{\"qty\":\"72\",\"part_no\":\"ea\",\"desc\":\"Scottish Baps \",\"price\":\"0.30\",\"extn\":\"21.599999999999998\"},{\"qty\":\"60\",\"part_no\":\"ea\",\"desc\":\"Multigrain Rolls with Pumpkin seeds \",\"price\":\"0.32\",\"extn\":\"19.2\"},{\"qty\":\"60\",\"part_no\":\"ea\",\"desc\":\"Twisted Multigrain Rolls with Toasted Pumpkin Seeds\",\"price\":\"0.80\",\"extn\":\"48\"},{\"qty\":\"10\",\"part_no\":\"ea\",\"desc\":\"White Slice Bread \",\"price\":\"1.80\",\"extn\":\"18\"},{\"qty\":\"10\",\"part_no\":\"ea\",\"desc\":\"Wheat Slice Bread \",\"price\":\"1.80\",\"extn\":\"18\"},{\"qty\":\"30\",\"part_no\":\"ea\",\"desc\":\"Cheese Danish \",\"price\":\"0.35\",\"extn\":\"10.5\"}]','260',25,NULL,NULL,NULL,0),(128,1127,6,'2018-06-13 00:00:00','[{\"qty\":\"4\",\"part_no\":\"ea\",\"desc\":\"Sour Cream \",\"price\":\"0\",\"extn\":\"0\"},{\"qty\":\"3\",\"part_no\":\"ea\",\"desc\":\"Frozen Pancake \",\"price\":\"0\",\"extn\":\"0\"},{\"qty\":\"2\",\"part_no\":\"ea\",\"desc\":\"Strawberry Filling \",\"price\":\"0\",\"extn\":\"0\"},{\"qty\":\"4\",\"part_no\":\"ea\",\"desc\":\"Nature Seasoning \",\"price\":\"0\",\"extn\":\"0\"},{\"qty\":\"4\",\"part_no\":\"ea\",\"desc\":\"Italian Seasoning \",\"price\":\"0\",\"extn\":\"0\"},{\"qty\":\"8\",\"part_no\":\"lb\",\"desc\":\"Yellow Yam \",\"price\":\"0\",\"extn\":\"0\"},{\"qty\":\"8\",\"part_no\":\"lb \",\"desc\":\"Sweet Potato \",\"price\":\"0\",\"extn\":\"0\"},{\"qty\":\"7\",\"part_no\":\"lb\",\"desc\":\"Fresh Cho Cho (Christophine)\",\"price\":\"0\",\"extn\":\"0\"},{\"qty\":\"1\",\"part_no\":\"cs\",\"desc\":\"Soup Noodle Mix \",\"price\":\"0\",\"extn\":\"0\"}]','0',25,NULL,NULL,NULL,0),(129,1128,6,'2018-06-14 00:00:00','[{\"qty\":\"20\",\"part_no\":\"lb\",\"desc\":\"Sweet Potato\",\"price\":\"1\",\"extn\":\"20\"},{\"qty\":\"3\",\"part_no\":\"pks\",\"desc\":\"Kale\",\"price\":\"1\",\"extn\":\"3\"},{\"qty\":\"30\",\"part_no\":\"lb\",\"desc\":\"Egg Plant\",\"price\":\"1\",\"extn\":\"30\"},{\"qty\":\"1\",\"part_no\":\"case\",\"desc\":\"Muesli\",\"price\":\"1\",\"extn\":\"1\"}]','60',13,NULL,13,'2018-06-14 18:15:43',1);

/*Table structure for table `quotes` */

DROP TABLE IF EXISTS `quotes`;

CREATE TABLE `quotes` (
  `quote_id` bigint(20) NOT NULL AUTO_INCREMENT,
  `quote_no` bigint(20) NOT NULL,
  `client_id` int(11) NOT NULL,
  `quote_date` datetime NOT NULL,
  `quote_details` text NOT NULL,
  `quote_total_amount` decimal(10,0) NOT NULL,
  `created_by_employee_id` int(11) NOT NULL,
  PRIMARY KEY (`quote_id`)
) ENGINE=MyISAM AUTO_INCREMENT=14 DEFAULT CHARSET=latin1;

/*Data for the table `quotes` */

insert  into `quotes`(`quote_id`,`quote_no`,`client_id`,`quote_date`,`quote_details`,`quote_total_amount`,`created_by_employee_id`) values (1,1000,9,'2018-04-16 00:00:00','[{\"qty\":\"1\",\"part_no\":\"aasfasfas\",\"desc\":\"asfasfs\",\"price\":\"455\",\"extn\":\"455\"},{\"qty\":\"5\",\"part_no\":\"asasfas\",\"desc\":\"sdgsdsdgs\",\"price\":\"856\",\"extn\":\"4280\"}]','4735',5292),(2,1001,5,'2018-04-22 00:00:00','[{\"qty\":\"1\",\"part_no\":\"asfasfas\",\"desc\":\"asfasfasfasf\",\"price\":\"112\",\"extn\":\"112\"}]','112',5292),(4,1002,4,'2018-05-18 00:00:00','[]','0',5292),(5,1002,4,'2018-05-18 00:00:00','[]','0',5292),(12,125,2,'2018-07-06 00:00:00','[{\"qty\":\"1\",\"desc\":\"asfasfasf\",\"price\":\"653\",\"extn\":\"653\"}]','653',5292),(7,1006,4,'2018-05-18 00:00:00','[{\"qty\":\"1\",\"desc\":\"asfasfsa\",\"price\":\"2\",\"extn\":\"2\"},{\"qty\":\"6\",\"desc\":\"asfasfas\",\"price\":\"58\",\"extn\":\"348\"}]','350',5292),(8,1006,9,'2018-05-18 00:00:00','[{\"qty\":\"1\",\"part_no\":\"0\",\"desc\":\"sfasfasf\",\"price\":\"0\",\"extn\":\"0\"}]','0',5292),(9,123,5,'2018-05-25 00:00:00','[{\"qty\":\"10\",\"desc\":\"test item\",\"price\":\"526\",\"extn\":\"5260\"}]','5260',5292),(10,123,5,'2018-05-25 00:00:00','[{\"qty\":\"10\",\"desc\":\"test item\",\"price\":\"526\",\"extn\":\"5260\"}]','5260',5292),(11,124,7,'2018-05-31 00:00:00','[{\"qty\":\"6\",\"desc\":\"aaasfasf\",\"price\":\"58\",\"extn\":\"348\"}]','348',5292),(13,126,5,'2018-07-06 00:00:00','[{\"qty\":\"8\",\"desc\":\"asfasf\",\"price\":\"556\",\"extn\":\"4448\"}]','4448',5292);

/*Table structure for table `requisitions` */

DROP TABLE IF EXISTS `requisitions`;

CREATE TABLE `requisitions` (
  `requisition_id` bigint(20) NOT NULL AUTO_INCREMENT,
  `client_id` int(20) NOT NULL,
  `flight_type_id` int(11) NOT NULL,
  `client_flight_id` int(11) NOT NULL,
  `passenger_count` int(11) NOT NULL,
  `requisition_date` datetime NOT NULL,
  `details` text NOT NULL,
  `store_keeper_employee_id` int(11) NOT NULL,
  `dispatched_by_employee_id` int(11) NOT NULL,
  `dispatched_date` datetime DEFAULT NULL,
  `dispatched` tinyint(1) DEFAULT NULL,
  PRIMARY KEY (`requisition_id`)
) ENGINE=MyISAM AUTO_INCREMENT=17 DEFAULT CHARSET=latin1;

/*Data for the table `requisitions` */

insert  into `requisitions`(`requisition_id`,`client_id`,`flight_type_id`,`client_flight_id`,`passenger_count`,`requisition_date`,`details`,`store_keeper_employee_id`,`dispatched_by_employee_id`,`dispatched_date`,`dispatched`) values (1,2,2,1,55,'2018-04-23 00:00:00','[{\"product_name\":\"EGG LIQUID\",\"amount\":\"7\",\"unit\":\"each\"},{\"product_name\":\"JUICE ORANGE 10OZ TROPICANA\",\"amount\":\"6\",\"unit\":\"each\"},{\"product_name\":\"FOIL ALUMINIUM 12X1000 STANDARD\",\"amount\":\"9\",\"unit\":\"each\"},{\"product_name\":\"WATER FIJI\",\"amount\":\"8\",\"unit\":\"case\"}]',5292,0,NULL,0),(2,2,5,1,44,'2018-04-25 00:00:00','[{\"product_name\":\"CRACKERS CARRS BITESIZE\",\"amount\":\"20\",\"unit\":\"each\"},{\"product_name\":\"CHEESE AMERICAN SLICED\",\"amount\":\"20\",\"unit\":\"each\"},{\"product_name\":\"JUICE ORANGE 10OZ TROPICANA\",\"amount\":\"44\",\"unit\":\"each\"}]',5292,5292,'2018-05-19 12:31:23',1),(3,2,1,1,55,'2018-04-27 00:00:00','[{\"product_name\":\"CARROT SLICED\",\"amount\":\"5\",\"unit\":\"each\"}]',5292,0,NULL,0),(5,3,3,3,55,'2018-05-22 00:00:00','[{\"product_name\":\"CRACKERS CARRS ASSORTED\",\"amount\":\"5\",\"unit\":\"each\"}]',5292,0,NULL,0),(6,3,3,3,55,'2018-05-22 00:00:00','[{\"product_name\":\"CRACKERS CARRS ASSORTED\",\"amount\":\"5\",\"unit\":\"each\"}]',5292,0,NULL,0),(7,2,3,1,5,'2018-05-22 00:00:00','[{\"product_name\":\"BREAD WHEAT\\/WHITE SLICED\",\"amount\":\"5\",\"unit\":\"case\"}]',5292,5292,'2018-05-22 14:49:52',1),(15,6,0,0,1,'2018-06-13 00:00:00','[{\"product_name\":\"BREAD CRUMBS\",\"amount\":\"4\",\"unit\":\"each\"}]',5292,0,NULL,0),(9,2,2,1,55,'2018-05-22 00:00:00','[{\"product_name\":\"BREAD BRIOCHE BUN\",\"amount\":\"6\",\"unit\":\"each\"}]',5292,0,NULL,0),(10,2,2,1,55,'2018-05-22 00:00:00','[{\"product_name\":\"BREAD BRIOCHE BUN\",\"amount\":\"6\",\"unit\":\"each\"}]',5292,0,NULL,0),(11,3,2,2,45,'2018-05-22 00:00:00','[{\"product_name\":\"PUDDING RICE\",\"amount\":\"69\",\"unit\":\"each\"}]',5292,0,NULL,0),(12,3,2,2,45,'2018-05-22 00:00:00','[{\"product_name\":\"PUDDING RICE\",\"amount\":\"69\",\"unit\":\"each\"}]',5292,0,NULL,0),(13,2,2,1,55,'2018-06-05 00:00:00','[{\"product_name\":\"EGG LIQUID\",\"amount\":\"7\",\"unit\":\"each\"},{\"product_name\":\"JUICE ORANGE 10OZ TROPICANA\",\"amount\":\"6\",\"unit\":\"each\"},{\"product_name\":\"FOIL ALUMINIUM 12X1000 STANDARD\",\"amount\":\"9\",\"unit\":\"each\"},{\"product_name\":\"WATER FIJI\",\"amount\":\"8\",\"unit\":\"case\"}]',5292,0,NULL,0),(14,2,2,1,55,'2018-06-05 00:00:00','[{\"product_name\":\"EGG LIQUID\",\"amount\":\"7\",\"unit\":\"each\"},{\"product_name\":\"JUICE ORANGE 10OZ TROPICANA\",\"amount\":\"6\",\"unit\":\"each\"},{\"product_name\":\"FOIL ALUMINIUM 12X1000 STANDARD\",\"amount\":\"9\",\"unit\":\"each\"},{\"product_name\":\"WATER FIJI\",\"amount\":\"8\",\"unit\":\"case\"}]',5292,0,NULL,0),(16,6,0,0,4,'2018-06-13 00:00:00','[{\"product_name\":\"BREAD CRUMBS\",\"amount\":\"7\",\"unit\":\"each\"}]',5292,0,NULL,0);

/*Table structure for table `sir_log` */

DROP TABLE IF EXISTS `sir_log`;

CREATE TABLE `sir_log` (
  `log_id` bigint(20) NOT NULL AUTO_INCREMENT,
  `log_action_id` int(11) NOT NULL,
  `action_taken_by_employee_id` int(11) NOT NULL,
  `old_data` text,
  `new_data` text,
  `action_taken_on` datetime NOT NULL,
  PRIMARY KEY (`log_id`)
) ENGINE=MyISAM AUTO_INCREMENT=99 DEFAULT CHARSET=latin1;

/*Data for the table `sir_log` */

insert  into `sir_log`(`log_id`,`log_action_id`,`action_taken_by_employee_id`,`old_data`,`new_data`,`action_taken_on`) values (1,6,5292,NULL,NULL,'2018-05-09 17:14:50'),(2,6,5292,NULL,NULL,'2018-05-09 17:16:17'),(3,6,5292,NULL,NULL,'2018-05-09 17:23:50'),(4,6,5292,NULL,NULL,'2018-05-09 17:25:22'),(5,6,5292,'{\"user_id\":\"1\",\"first_name\":\"Roger\",\"last_name\":\"Aleria\",\"email_address\":\"roger@site.com\",\"gender_id\":\"1\",\"department_id\":\"1\",\"job_title_id\":\"1\",\"dob\":\"0000-00-00 00:00:00\",\"status_id\":\"1\",\"user_password\":\"$2y$12$\\/8gkHZFEPw7M2Uy\\/5jHRcOhjxeYQHgI6MyrROop8fQynWkGVdo3GW\"}','{\"first_name\":\"Roger\",\"last_name\":\"Aleria\",\"email_address\":\"roger@site.com\",\"gender_id\":\"1\",\"dob\":\"0000-00-00 00:00:00\",\"department_id\":\"1\",\"job_title_id\":\"1\"}','2018-05-09 17:29:00'),(6,6,5292,'{\"user_id\":\"1\",\"first_name\":\"Roger\",\"last_name\":\"Aleriaaaaaa\",\"email_address\":\"roger@site.com\",\"gender_id\":\"1\",\"department_id\":\"1\",\"job_title_id\":\"1\",\"dob\":\"0000-00-00 00:00:00\",\"status_id\":\"1\",\"user_password\":\"$2y$12$\\/8gkHZFEPw7M2Uy\\/5jHRcOhjxeYQHgI6MyrROop8fQynWkGVdo3GW\"}','{\"first_name\":\"Roger\",\"last_name\":\"Aleriaaaaaa\",\"email_address\":\"roger@site.com\",\"gender_id\":\"1\",\"dob\":\"0000-00-00 00:00:00\",\"department_id\":\"1\",\"job_title_id\":\"1\"}','2018-05-09 17:30:38'),(7,6,5292,'{\"user_id\":\"1\",\"first_name\":\"Roger\",\"last_name\":\"Aleria\",\"email_address\":\"roger@site.com\",\"gender_id\":\"1\",\"department_id\":\"1\",\"job_title_id\":\"1\",\"dob\":\"0000-00-00 00:00:00\",\"status_id\":\"1\",\"user_password\":\"$2y$12$\\/8gkHZFEPw7M2Uy\\/5jHRcOhjxeYQHgI6MyrROop8fQynWkGVdo3GW\"}','{\"first_name\":\"Roger\",\"last_name\":\"Aleria\",\"email_address\":\"roger@site.com\",\"gender_id\":\"1\",\"dob\":\"0000-00-00 00:00:00\",\"department_id\":\"1\",\"job_title_id\":\"1\"}','2018-05-09 17:34:39'),(8,6,5292,'{\"user_id\":\"1\",\"first_name\":\"Roger\",\"last_name\":\"Aleria\",\"email_address\":\"roger@site.com\",\"gender_id\":\"1\",\"department_id\":\"1\",\"job_title_id\":\"1\",\"dob\":\"0000-00-00 00:00:00\",\"status_id\":\"1\",\"user_password\":\"$2y$12$\\/8gkHZFEPw7M2Uy\\/5jHRcOhjxeYQHgI6MyrROop8fQynWkGVdo3GW\"}','{\"first_name\":\"Roger\",\"last_name\":\"Aleria\",\"email_address\":\"\",\"gender_id\":\"1\",\"dob\":\"0000-00-00 00:00:00\",\"department_id\":\"1\",\"job_title_id\":\"1\"}','2018-05-09 17:37:40'),(9,7,5292,'{\"user_id\":\"1\",\"first_name\":\"Roger\",\"last_name\":\"Aleria\",\"email_address\":\"\",\"gender_id\":\"1\",\"department_id\":\"1\",\"job_title_id\":\"1\",\"dob\":\"0000-00-00 00:00:00\",\"status_id\":\"1\",\"user_password\":\"$2y$12$\\/8gkHZFEPw7M2Uy\\/5jHRcOhjxeYQHgI6MyrROop8fQynWkGVdo3GW\"}',NULL,'2018-05-09 18:17:11'),(10,7,5292,'{\"user_id\":\"3\",\"first_name\":\"Nadine\",\"last_name\":\"Bailey Rankine\",\"email_address\":\"\",\"gender_id\":\"2\",\"department_id\":\"3\",\"job_title_id\":\"4\",\"dob\":\"0000-00-00 00:00:00\",\"status_id\":\"1\",\"user_password\":\"$2y$12$AgAmIZH9EeuZW019BmYtY.UrPCbx5JVDzvwHRHtVnfRRToVdPhi5a\"}',NULL,'2018-05-09 18:18:24'),(11,17,5292,NULL,'{\"user_id\":\"31\",\"permissions\":[\"14\",\"18\",\"2\",\"23\",\"10\",\"26\",\"6\",\"16\",\"20\",\"4\",\"25\",\"12\",\"15\",\"19\",\"3\",\"7\",\"24\",\"11\",\"13\",\"5\",\"17\",\"21\",\"1\",\"8\",\"22\",\"9\"]}','2018-05-10 14:29:04'),(12,17,5292,NULL,'{\"user_id\":\"31\",\"permissions\":[\"14\",\"18\",\"2\",\"23\",\"10\",\"26\",\"6\",\"16\",\"20\",\"4\",\"25\",\"12\",\"15\",\"19\",\"3\",\"7\",\"24\",\"11\",\"13\",\"5\",\"17\",\"21\",\"1\",\"8\",\"22\",\"9\"]}','2018-05-10 14:30:15'),(13,17,5292,NULL,'{\"user_id\":\"31\",\"permissions\":[\"14\",\"18\",\"2\",\"23\",\"10\",\"26\",\"6\",\"16\",\"20\",\"4\",\"25\",\"12\",\"15\",\"19\",\"3\",\"7\",\"24\",\"11\",\"13\",\"5\",\"17\",\"21\",\"1\",\"8\",\"22\",\"9\"]}','2018-05-10 14:37:34'),(14,15,5292,'[{\"product_id\":\"841\",\"product_name\":\"AIR FRESHNER FREBREEZE\",\"description\":\"AIR FRESHNER FREBREEZE\",\"barcode\":null,\"category_name\":\"Sanitation\",\"price\":\"2.55\",\"product_category_id\":\"7\",\"unit_abbreviation\":null,\"weight\":null,\"current_stock_level\":\"7\"}]','{\"product_name\":\"AIR FRESHNER FREBREEZE\",\"description\":\"AIR FRESHNER FREBREEZE\",\"barcode\":\"\",\"product_category_id\":\"7\",\"price\":\"2.55\",\"weight\":\"\",\"unit_id\":\"6\"}','2018-05-17 13:10:12'),(15,15,5292,'[{\"product_id\":\"841\",\"product_name\":\"AIR FRESHNER FREBREEZE\",\"description\":\"AIR FRESHNER FREBREEZE\",\"barcode\":\"\",\"category_name\":\"Sanitation\",\"price\":\"2.55\",\"product_category_id\":\"7\",\"unit_abbreviation\":\"case\",\"weight\":\"0\",\"current_stock_level\":\"7\"}]','{\"product_name\":\"AIR FRESHNER FREBREEZE\",\"description\":\"AIR FRESHNER FREBREEZE\",\"barcode\":\"\",\"product_category_id\":\"7\",\"price\":\"2.55\",\"weight\":\"0\",\"unit_id\":\"6\"}','2018-05-17 13:12:11'),(16,15,5292,'[{\"product_id\":\"841\",\"product_name\":\"AIR FRESHNER FREBREEZE\",\"description\":\"AIR FRESHNER FREBREEZE\",\"barcode\":\"\",\"category_name\":\"Sanitation\",\"price\":\"2.55\",\"product_category_id\":\"7\",\"unit_abbreviation\":\"case\",\"weight\":\"0\",\"current_stock_level\":\"7\"}]','{\"product_name\":\"AIR FRESHNER FREBREEZE ddd\",\"description\":\"AIR FRESHNER FREBREEZE\",\"barcode\":\"\",\"product_category_id\":\"7\",\"price\":\"2.55\",\"weight\":\"0\",\"unit_id\":\"6\"}','2018-05-17 13:13:12'),(17,15,5292,'[{\"product_id\":\"841\",\"product_name\":\"AIR FRESHNER FREBREEZE ddd\",\"description\":\"AIR FRESHNER FREBREEZE\",\"barcode\":\"\",\"category_name\":\"Sanitation\",\"price\":\"2.55\",\"product_category_id\":\"7\",\"unit_abbreviation\":\"case\",\"weight\":\"0\",\"current_stock_level\":\"7\"}]','{\"product_name\":\"AIR FRESHNER FREBREEZE\",\"description\":\"AIR FRESHNER FREBREEZE\",\"barcode\":\"\",\"product_category_id\":\"7\",\"price\":\"2.55\",\"weight\":\"0\",\"unit_id\":\"6\"}','2018-05-17 13:13:23'),(18,17,5292,NULL,'{\"user_id\":\"5292\",\"permissions\":[\"14\",\"29\",\"18\",\"2\",\"23\",\"10\",\"26\",\"28\",\"27\",\"6\",\"16\",\"20\",\"4\",\"25\",\"12\",\"15\",\"19\",\"3\",\"7\",\"24\",\"11\",\"13\",\"30\",\"5\",\"17\",\"21\",\"1\",\"8\",\"22\",\"9\"]}','2018-05-18 13:47:50'),(19,17,5292,NULL,'{\"user_id\":\"5292\",\"permissions\":[\"14\",\"29\",\"18\",\"2\",\"23\",\"10\",\"26\",\"28\",\"27\",\"6\",\"16\",\"20\",\"4\",\"25\",\"12\",\"15\",\"19\",\"3\",\"7\",\"24\",\"11\",\"13\",\"30\",\"5\",\"32\",\"17\",\"21\",\"1\",\"31\",\"8\",\"22\",\"9\"]}','2018-05-18 13:57:38'),(20,18,5292,NULL,'{\"permission\":\"delete purchase order\"}','2018-05-20 19:47:15'),(21,18,5292,NULL,'{\"permission\":\"delete flight check sheet\"}','2018-05-20 19:47:26'),(22,18,5292,NULL,'{\"permission\":\"delete requisition\"}','2018-05-20 19:47:36'),(23,18,5292,NULL,'{\"permission\":\"edit purchase order\"}','2018-05-20 19:48:26'),(24,18,5292,NULL,'{\"permission\":\"edit flight check sheet\"}','2018-05-20 19:48:34'),(25,18,5292,NULL,'{\"permission\":\"dispatch_requisition\"}','2018-05-20 20:22:27'),(26,17,5292,NULL,'{\"user_id\":\"5292\",\"permissions\":[\"14\",\"29\",\"18\",\"2\",\"23\",\"10\",\"26\",\"28\",\"27\",\"6\",\"16\",\"34\",\"20\",\"4\",\"33\",\"35\",\"25\",\"12\",\"38\",\"15\",\"37\",\"19\",\"3\",\"36\",\"7\",\"24\",\"11\",\"13\",\"30\",\"5\",\"32\",\"17\",\"21\",\"1\",\"31\",\"8\",\"22\",\"9\"]}','2018-05-20 20:57:57'),(27,20,5292,NULL,'{\"product_information\":[{\"product_id\":\"841\",\"product_name\":\"AIR FRESHNER FREBREEZE\",\"description\":\"AIR FRESHNER FREBREEZE\",\"barcode\":\"\",\"category_name\":\"Sanitation\",\"price\":\"2.55\",\"product_category_id\":\"7\",\"unit_abbreviation\":\"case\",\"weight\":\"0\",\"current_stock_level\":\"7\"}],\"barcode\":\"424426070841\"}','2018-05-25 11:45:01'),(28,20,5292,NULL,'{\"product_information\":[{\"product_id\":\"841\",\"product_name\":\"AIR FRESHNER FREBREEZE\",\"description\":\"AIR FRESHNER FREBREEZE\",\"barcode\":\"\",\"category_name\":\"Sanitation\",\"price\":\"2.55\",\"product_category_id\":\"7\",\"unit_abbreviation\":\"case\",\"weight\":\"0\",\"current_stock_level\":\"7\"}],\"barcode\":\"424426070841\"}','2018-05-25 11:45:35'),(29,20,5292,NULL,'{\"product_information\":[{\"product_id\":\"841\",\"product_name\":\"AIR FRESHNER FREBREEZE\",\"description\":\"AIR FRESHNER FREBREEZE\",\"barcode\":\"\",\"category_name\":\"Sanitation\",\"price\":\"2.55\",\"product_category_id\":\"7\",\"unit_abbreviation\":\"case\",\"weight\":\"0\",\"current_stock_level\":\"7\"}],\"barcode\":\"424426070841\"}','2018-05-25 11:56:59'),(30,20,5292,NULL,'{\"product_information\":[{\"product_id\":\"841\",\"product_name\":\"AIR FRESHNER FREBREEZE\",\"description\":\"AIR FRESHNER FREBREEZE\",\"barcode\":\"\",\"category_name\":\"Sanitation\",\"price\":\"2.55\",\"product_category_id\":\"7\",\"unit_abbreviation\":\"case\",\"weight\":\"0\",\"current_stock_level\":\"7\"}],\"barcode\":\"424426070841\"}','2018-05-25 12:00:47'),(31,20,5292,NULL,'{\"product_information\":[{\"product_id\":\"841\",\"product_name\":\"AIR FRESHNER FREBREEZE\",\"description\":\"AIR FRESHNER FREBREEZE\",\"barcode\":\"\",\"category_name\":\"Sanitation\",\"price\":\"2.55\",\"product_category_id\":\"7\",\"unit_abbreviation\":\"case\",\"weight\":\"0\",\"current_stock_level\":\"7\"}],\"barcode\":\"424426070841\"}','2018-05-25 12:02:24'),(32,20,5292,NULL,'{\"product_information\":[{\"product_id\":\"841\",\"product_name\":\"AIR FRESHNER FREBREEZE\",\"description\":\"AIR FRESHNER FREBREEZE\",\"barcode\":\"\",\"category_name\":\"Sanitation\",\"price\":\"2.55\",\"product_category_id\":\"7\",\"unit_abbreviation\":\"case\",\"weight\":\"0\",\"current_stock_level\":\"7\"}],\"barcode\":\"424426070841\"}','2018-05-25 12:03:13'),(33,20,5292,NULL,'{\"product_information\":[{\"product_id\":\"841\",\"product_name\":\"AIR FRESHNER FREBREEZE\",\"description\":\"AIR FRESHNER FREBREEZE\",\"barcode\":\"\",\"category_name\":\"Sanitation\",\"price\":\"2.55\",\"product_category_id\":\"7\",\"unit_abbreviation\":\"case\",\"weight\":\"0\",\"current_stock_level\":\"7\"}],\"barcode\":\"42426070841\"}','2018-05-26 19:04:25'),(34,20,5292,NULL,'{\"product_information\":[{\"product_id\":\"841\",\"product_name\":\"AIR FRESHNER FREBREEZE\",\"description\":\"AIR FRESHNER FREBREEZE\",\"barcode\":\"\",\"category_name\":\"Sanitation\",\"price\":\"2.55\",\"product_category_id\":\"7\",\"unit_abbreviation\":\"case\",\"weight\":\"0\",\"current_stock_level\":\"7\"}],\"barcode\":\"42426070841\"}','2018-05-26 19:06:00'),(35,20,5292,NULL,'{\"product_information\":[{\"product_id\":\"1\",\"product_name\":\"BUTTER FOIL \",\"description\":\"BUTTER FOIL \",\"barcode\":\"\",\"category_name\":\"Dairy Cooler\",\"price\":\"0.38\",\"product_category_id\":\"1\",\"unit_abbreviation\":null,\"weight\":null,\"current_stock_level\":\"-2\"}],\"barcode\":\"42426010001\"}','2018-05-26 19:07:26'),(36,15,5292,'[{\"product_id\":\"1\",\"product_name\":\"BUTTER FOIL \",\"description\":\"BUTTER FOIL \",\"barcode\":\"\",\"category_name\":\"Dairy Cooler\",\"price\":\"0.38\",\"product_category_id\":\"1\",\"unit_abbreviation\":null,\"weight\":null,\"current_stock_level\":\"-2\"}]','{\"product_name\":\"BUTTER FOIL \",\"description\":\"BUTTER FOIL \",\"barcode\":\"42426010001\",\"product_category_id\":\"1\",\"price\":\"0.38\",\"weight\":\"\",\"unit_id\":\"6\"}','2018-05-26 19:07:39'),(37,17,5292,NULL,'{\"user_id\":\"5292\",\"permissions\":[\"14\",\"29\",\"18\",\"2\",\"23\",\"10\",\"33\",\"26\",\"28\",\"40\",\"27\",\"6\",\"16\",\"35\",\"20\",\"4\",\"34\",\"36\",\"25\",\"12\",\"39\",\"42\",\"43\",\"15\",\"38\",\"19\",\"3\",\"37\",\"7\",\"24\",\"11\",\"13\",\"30\",\"5\",\"41\",\"32\",\"17\",\"21\",\"1\",\"31\",\"8\",\"22\",\"9\"]}','2018-05-27 09:20:54'),(38,21,5292,'[{\"sheet_no\":\"2\",\"client_id\":\"2\",\"date_time\":\"2018-05-18 00:00:00\",\"flight_no\":\"444\",\"check_sheet_no\":\"10002\",\"cycle\":\"1\",\"breakfast_crew_meals\":\"[{\\\"description\\\":\\\"2\\\",\\\"qty\\\":\\\"asfasas\\\"},{\\\"description\\\":\\\"5\\\",\\\"qty\\\":\\\"asasasf\\\"}]\",\"breakfast_first_class_meals\":\"[]\",\"breakfast_economy\":\"[{\\\"description\\\":\\\"6\\\",\\\"qty\\\":\\\"jerome\\\"}]\",\"lunch_crew_meals\":\"[]\",\"lunch_first_class_meals\":\"[]\",\"lunch_economy\":\"[]\",\"dinner_crew_meals\":\"[]\",\"dinner_first_class_meals\":\"[]\",\"dinner_economy\":\"[]\",\"miscellaneous\":\"[]\",\"service_charge\":\"[{\\\"description\\\":\\\"87\\\",\\\"qty\\\":\\\"asasasf\\\"}]\",\"created_by_employee_id\":\"5292\",\"abbreviation\":\"BA\"}]','{\"client_id\":\"2\",\"date_time\":\"2018-05-18 00:00:00\",\"flight_no\":\"444\",\"check_sheet_no\":\"10002\",\"cycle\":\"1\",\"breakfast_crew_meals\":\"[{\\\"description\\\":\\\"2\\\",\\\"qty\\\":\\\"asfasas\\\"},{\\\"description\\\":\\\"5\\\",\\\"qty\\\":\\\"asasasf\\\"}]\",\"breakfast_first_class_meals\":\"[]\",\"breakfast_economy\":\"[{\\\"description\\\":\\\"6\\\",\\\"qty\\\":\\\"jerome\\\"}]\",\"lunch_crew_meals\":\"[]\",\"lunch_first_class_meals\":\"[]\",\"lunch_economy\":\"[]\",\"dinner_crew_meals\":\"[]\",\"dinner_first_class_meals\":\"[]\",\"dinner_economy\":\"[]\",\"miscellaneous\":\"[]\",\"service_charge\":\"[{\\\"description\\\":\\\"87\\\",\\\"qty\\\":\\\"asasasf\\\"}]\",\"created_by_employee_id\":\"5292\"}','2018-05-27 17:24:31'),(39,21,5292,'[{\"sheet_no\":\"2\",\"client_id\":\"2\",\"date_time\":\"2018-05-18 00:00:00\",\"flight_no\":\"444\",\"check_sheet_no\":\"10002\",\"cycle\":\"1\",\"breakfast_crew_meals\":\"[{\\\"description\\\":\\\"2\\\",\\\"qty\\\":\\\"asfasas\\\"},{\\\"description\\\":\\\"5\\\",\\\"qty\\\":\\\"asasasf\\\"}]\",\"breakfast_first_class_meals\":\"[]\",\"breakfast_economy\":\"[{\\\"description\\\":\\\"6\\\",\\\"qty\\\":\\\"jerome\\\"}]\",\"lunch_crew_meals\":\"[]\",\"lunch_first_class_meals\":\"[]\",\"lunch_economy\":\"[]\",\"dinner_crew_meals\":\"[]\",\"dinner_first_class_meals\":\"[]\",\"dinner_economy\":\"[]\",\"miscellaneous\":\"[]\",\"service_charge\":\"[{\\\"description\\\":\\\"87\\\",\\\"qty\\\":\\\"asasasf\\\"}]\",\"created_by_employee_id\":\"5292\",\"abbreviation\":\"BA\"}]','{\"client_id\":\"2\",\"date_time\":\"2018-05-18 00:00:00\",\"flight_no\":\"444\",\"check_sheet_no\":\"10002\",\"cycle\":\"1\",\"breakfast_crew_meals\":\"[{\\\"description\\\":\\\"2\\\",\\\"qty\\\":\\\"2\\\"},{\\\"description\\\":\\\"asfasas\\\",\\\"qty\\\":\\\"5\\\"}]\",\"breakfast_first_class_meals\":\"[]\",\"breakfast_economy\":\"[{\\\"description\\\":\\\"asasasf\\\",\\\"qty\\\":\\\"6\\\"}]\",\"lunch_crew_meals\":\"[]\",\"lunch_first_class_meals\":\"[]\",\"lunch_economy\":\"[]\",\"dinner_crew_meals\":\"[]\",\"dinner_first_class_meals\":\"[]\",\"dinner_economy\":\"[]\",\"miscellaneous\":\"[]\",\"service_charge\":\"[{\\\"description\\\":\\\"jerome\\\",\\\"qty\\\":\\\"87\\\"}]\",\"created_by_employee_id\":\"5292\"}','2018-05-27 17:25:51'),(40,21,5292,'[{\"sheet_no\":\"2\",\"client_id\":\"2\",\"date_time\":\"2018-05-18 00:00:00\",\"flight_no\":\"444\",\"check_sheet_no\":\"10002\",\"cycle\":\"1\",\"breakfast_crew_meals\":\"[{\\\"description\\\":\\\"2\\\",\\\"qty\\\":\\\"2\\\"},{\\\"description\\\":\\\"asfasas\\\",\\\"qty\\\":\\\"5\\\"}]\",\"breakfast_first_class_meals\":\"[]\",\"breakfast_economy\":\"[{\\\"description\\\":\\\"asasasf\\\",\\\"qty\\\":\\\"6\\\"}]\",\"lunch_crew_meals\":\"[]\",\"lunch_first_class_meals\":\"[]\",\"lunch_economy\":\"[]\",\"dinner_crew_meals\":\"[]\",\"dinner_first_class_meals\":\"[]\",\"dinner_economy\":\"[]\",\"miscellaneous\":\"[]\",\"service_charge\":\"[{\\\"description\\\":\\\"jerome\\\",\\\"qty\\\":\\\"87\\\"}]\",\"created_by_employee_id\":\"5292\",\"abbreviation\":\"BA\"}]','{\"client_id\":\"2\",\"date_time\":\"2018-05-18 00:00:00\",\"flight_no\":\"444\",\"check_sheet_no\":\"10002\",\"cycle\":\"1\",\"breakfast_crew_meals\":\"[{\\\"description\\\":\\\"2\\\",\\\"qty\\\":\\\"2\\\"},{\\\"description\\\":\\\"2\\\",\\\"qty\\\":\\\"asfasas\\\"}]\",\"breakfast_first_class_meals\":\"[]\",\"breakfast_economy\":\"[{\\\"description\\\":\\\"5\\\",\\\"qty\\\":\\\"asasasf\\\"}]\",\"lunch_crew_meals\":\"[]\",\"lunch_first_class_meals\":\"[]\",\"lunch_economy\":\"[]\",\"dinner_crew_meals\":\"[]\",\"dinner_first_class_meals\":\"[]\",\"dinner_economy\":\"[]\",\"miscellaneous\":\"[]\",\"service_charge\":\"[{\\\"description\\\":\\\"6\\\",\\\"qty\\\":\\\"jerome\\\"}]\",\"created_by_employee_id\":\"5292\"}','2018-05-27 17:26:09'),(41,21,5292,'[{\"sheet_no\":\"2\",\"client_id\":\"2\",\"date_time\":\"2018-05-18 00:00:00\",\"flight_no\":\"444\",\"check_sheet_no\":\"10002\",\"cycle\":\"1\",\"breakfast_crew_meals\":\"[{\\\"description\\\":\\\"2\\\",\\\"qty\\\":\\\"2\\\"},{\\\"description\\\":\\\"2\\\",\\\"qty\\\":\\\"asfasas\\\"}]\",\"breakfast_first_class_meals\":\"[]\",\"breakfast_economy\":\"[{\\\"description\\\":\\\"5\\\",\\\"qty\\\":\\\"asasasf\\\"}]\",\"lunch_crew_meals\":\"[]\",\"lunch_first_class_meals\":\"[]\",\"lunch_economy\":\"[]\",\"dinner_crew_meals\":\"[]\",\"dinner_first_class_meals\":\"[]\",\"dinner_economy\":\"[]\",\"miscellaneous\":\"[]\",\"service_charge\":\"[{\\\"description\\\":\\\"6\\\",\\\"qty\\\":\\\"jerome\\\"}]\",\"created_by_employee_id\":\"5292\",\"abbreviation\":\"BA\"}]','{\"client_id\":\"1\",\"date_time\":\"2018-05-18 00:00:00\",\"flight_no\":\"444\",\"check_sheet_no\":\"10000\",\"cycle\":\"1\",\"breakfast_crew_meals\":\"[{\\\"description\\\":\\\"2\\\",\\\"qty\\\":\\\"2\\\"},{\\\"description\\\":\\\"2\\\",\\\"qty\\\":\\\"2\\\"}]\",\"breakfast_first_class_meals\":\"[]\",\"breakfast_economy\":\"[{\\\"description\\\":\\\"asfasas\\\",\\\"qty\\\":\\\"5\\\"}]\",\"lunch_crew_meals\":\"[]\",\"lunch_first_class_meals\":\"[]\",\"lunch_economy\":\"[]\",\"dinner_crew_meals\":\"[]\",\"dinner_first_class_meals\":\"[]\",\"dinner_economy\":\"[]\",\"miscellaneous\":\"[]\",\"service_charge\":\"[{\\\"description\\\":\\\"asasasf\\\",\\\"qty\\\":\\\"6\\\"}]\",\"created_by_employee_id\":\"5292\"}','2018-05-27 17:26:16'),(42,23,5292,'[{\"sheet_no\":\"2\",\"client_id\":\"1\",\"date_time\":\"2018-05-18 00:00:00\",\"flight_no\":\"444\",\"check_sheet_no\":\"10000\",\"cycle\":\"1\",\"breakfast_crew_meals\":\"[{\\\"description\\\":\\\"2\\\",\\\"qty\\\":\\\"2\\\"},{\\\"description\\\":\\\"2\\\",\\\"qty\\\":\\\"2\\\"}]\",\"breakfast_first_class_meals\":\"[]\",\"breakfast_economy\":\"[{\\\"description\\\":\\\"asfasas\\\",\\\"qty\\\":\\\"5\\\"}]\",\"lunch_crew_meals\":\"[]\",\"lunch_first_class_meals\":\"[]\",\"lunch_economy\":\"[]\",\"dinner_crew_meals\":\"[]\",\"dinner_first_class_meals\":\"[]\",\"dinner_economy\":\"[]\",\"miscellaneous\":\"[]\",\"service_charge\":\"[{\\\"description\\\":\\\"asasasf\\\",\\\"qty\\\":\\\"6\\\"}]\",\"created_by_employee_id\":\"5292\",\"abbreviation\":\"DL\"}]','{\"client_id\":\"1\",\"date_time\":\"2018-05-27 00:00:00\",\"flight_no\":\"444\",\"check_sheet_no\":\"10000\",\"cycle\":\"1\",\"breakfast_crew_meals\":\"[{\\\"description\\\":\\\"2\\\",\\\"qty\\\":\\\"2\\\"},{\\\"description\\\":\\\"2\\\",\\\"qty\\\":\\\"2\\\"}]\",\"breakfast_first_class_meals\":\"[]\",\"breakfast_economy\":\"[{\\\"description\\\":\\\"2\\\",\\\"qty\\\":\\\"asfasas\\\"}]\",\"lunch_crew_meals\":\"[]\",\"lunch_first_class_meals\":\"[]\",\"lunch_economy\":\"[]\",\"dinner_crew_meals\":\"[]\",\"dinner_first_class_meals\":\"[]\",\"dinner_economy\":\"[]\",\"miscellaneous\":\"[]\",\"service_charge\":\"[{\\\"description\\\":\\\"5\\\",\\\"qty\\\":\\\"asasasf\\\"}]\",\"created_by_employee_id\":\"5292\"}','2018-05-27 18:00:30'),(43,23,5292,'[{\"sheet_no\":\"4\",\"client_id\":\"1\",\"date_time\":\"2018-05-27 00:00:00\",\"flight_no\":\"444\",\"check_sheet_no\":\"10000\",\"cycle\":\"1\",\"breakfast_crew_meals\":\"[{\\\"description\\\":\\\"2\\\",\\\"qty\\\":\\\"2\\\"},{\\\"description\\\":\\\"2\\\",\\\"qty\\\":\\\"2\\\"}]\",\"breakfast_first_class_meals\":\"[]\",\"breakfast_economy\":\"[{\\\"description\\\":\\\"2\\\",\\\"qty\\\":\\\"asfasas\\\"}]\",\"lunch_crew_meals\":\"[]\",\"lunch_first_class_meals\":\"[]\",\"lunch_economy\":\"[]\",\"dinner_crew_meals\":\"[]\",\"dinner_first_class_meals\":\"[]\",\"dinner_economy\":\"[]\",\"miscellaneous\":\"[]\",\"service_charge\":\"[{\\\"description\\\":\\\"5\\\",\\\"qty\\\":\\\"asasasf\\\"}]\",\"created_by_employee_id\":\"5292\",\"abbreviation\":\"DL\"}]','{\"client_id\":\"1\",\"date_time\":\"2018-05-27 00:00:00\",\"flight_no\":\"444\",\"check_sheet_no\":\"10001\",\"cycle\":\"2\",\"breakfast_crew_meals\":\"[{\\\"description\\\":\\\"4\\\",\\\"qty\\\":\\\"2\\\"},{\\\"description\\\":\\\"2\\\",\\\"qty\\\":\\\"2\\\"}]\",\"breakfast_first_class_meals\":\"[]\",\"breakfast_economy\":\"[{\\\"description\\\":\\\"2\\\",\\\"qty\\\":\\\"2\\\"}]\",\"lunch_crew_meals\":\"[]\",\"lunch_first_class_meals\":\"[]\",\"lunch_economy\":\"[]\",\"dinner_crew_meals\":\"[]\",\"dinner_first_class_meals\":\"[]\",\"dinner_economy\":\"[]\",\"miscellaneous\":\"[]\",\"service_charge\":\"[{\\\"description\\\":\\\"asfasas\\\",\\\"qty\\\":\\\"5\\\"}]\",\"created_by_employee_id\":\"5292\"}','2018-05-27 18:03:31'),(44,21,5292,'[{\"sheet_no\":\"2\",\"client_id\":\"1\",\"date_time\":\"2018-05-18 00:00:00\",\"flight_no\":\"444\",\"check_sheet_no\":\"10000\",\"cycle\":\"1\",\"breakfast_crew_meals\":\"[{\\\"description\\\":\\\"2\\\",\\\"qty\\\":\\\"2\\\"},{\\\"description\\\":\\\"2\\\",\\\"qty\\\":\\\"2\\\"}]\",\"breakfast_first_class_meals\":\"[]\",\"breakfast_economy\":\"[{\\\"description\\\":\\\"asfasas\\\",\\\"qty\\\":\\\"5\\\"}]\",\"lunch_crew_meals\":\"[]\",\"lunch_first_class_meals\":\"[]\",\"lunch_economy\":\"[]\",\"dinner_crew_meals\":\"[]\",\"dinner_first_class_meals\":\"[]\",\"dinner_economy\":\"[]\",\"miscellaneous\":\"[]\",\"service_charge\":\"[{\\\"description\\\":\\\"asasasf\\\",\\\"qty\\\":\\\"6\\\"}]\",\"created_by_employee_id\":\"5292\",\"abbreviation\":\"DL\"}]','{\"client_id\":\"1\",\"date_time\":\"2018-05-18 00:00:00\",\"flight_no\":\"444\",\"check_sheet_no\":\"10000\",\"cycle\":\"1\",\"breakfast_crew_meals\":\"[{\\\"description\\\":\\\"test\\\",\\\"qty\\\":\\\"5\\\"}]\",\"breakfast_first_class_meals\":\"[]\",\"breakfast_economy\":\"[{\\\"description\\\":\\\"asfasas\\\",\\\"qty\\\":\\\"5\\\"}]\",\"lunch_crew_meals\":\"[]\",\"lunch_first_class_meals\":\"[]\",\"lunch_economy\":\"[]\",\"dinner_crew_meals\":\"[]\",\"dinner_first_class_meals\":\"[]\",\"dinner_economy\":\"[]\",\"miscellaneous\":\"[]\",\"service_charge\":\"[{\\\"description\\\":\\\"asasasf\\\",\\\"qty\\\":\\\"6\\\"}]\",\"created_by_employee_id\":\"5292\"}','2018-05-27 18:17:20'),(45,23,5292,'[{\"sheet_no\":\"2\",\"client_id\":\"1\",\"date_time\":\"2018-05-18 00:00:00\",\"flight_no\":\"444\",\"check_sheet_no\":\"10000\",\"cycle\":\"1\",\"breakfast_crew_meals\":\"[{\\\"description\\\":\\\"test\\\",\\\"qty\\\":\\\"5\\\"}]\",\"breakfast_first_class_meals\":\"[]\",\"breakfast_economy\":\"[{\\\"description\\\":\\\"asfasas\\\",\\\"qty\\\":\\\"5\\\"}]\",\"lunch_crew_meals\":\"[]\",\"lunch_first_class_meals\":\"[]\",\"lunch_economy\":\"[]\",\"dinner_crew_meals\":\"[]\",\"dinner_first_class_meals\":\"[]\",\"dinner_economy\":\"[]\",\"miscellaneous\":\"[]\",\"service_charge\":\"[{\\\"description\\\":\\\"asasasf\\\",\\\"qty\\\":\\\"6\\\"}]\",\"created_by_employee_id\":\"5292\",\"abbreviation\":\"DL\"}]','{\"client_id\":\"1\",\"date_time\":\"2018-05-27 00:00:00\",\"flight_no\":\"444\",\"check_sheet_no\":\"10002\",\"cycle\":\"1\",\"breakfast_crew_meals\":\"[{\\\"description\\\":\\\"test\\\",\\\"qty\\\":\\\"5\\\"}]\",\"breakfast_first_class_meals\":\"[]\",\"breakfast_economy\":\"[{\\\"description\\\":\\\"asfasas\\\",\\\"qty\\\":\\\"5\\\"}]\",\"lunch_crew_meals\":\"[]\",\"lunch_first_class_meals\":\"[]\",\"lunch_economy\":\"[]\",\"dinner_crew_meals\":\"[]\",\"dinner_first_class_meals\":\"[]\",\"dinner_economy\":\"[]\",\"miscellaneous\":\"[]\",\"service_charge\":\"[{\\\"description\\\":\\\"asasasf\\\",\\\"qty\\\":\\\"6\\\"}]\",\"created_by_employee_id\":\"5292\"}','2018-05-27 18:23:14'),(46,23,5292,'[{\"sheet_no\":\"6\",\"client_id\":\"1\",\"date_time\":\"2018-05-27 00:00:00\",\"flight_no\":\"444\",\"check_sheet_no\":\"10002\",\"cycle\":\"1\",\"breakfast_crew_meals\":\"[{\\\"description\\\":\\\"test\\\",\\\"qty\\\":\\\"5\\\"}]\",\"breakfast_first_class_meals\":\"[]\",\"breakfast_economy\":\"[{\\\"description\\\":\\\"asfasas\\\",\\\"qty\\\":\\\"5\\\"}]\",\"lunch_crew_meals\":\"[]\",\"lunch_first_class_meals\":\"[]\",\"lunch_economy\":\"[]\",\"dinner_crew_meals\":\"[]\",\"dinner_first_class_meals\":\"[]\",\"dinner_economy\":\"[]\",\"miscellaneous\":\"[]\",\"service_charge\":\"[{\\\"description\\\":\\\"asasasf\\\",\\\"qty\\\":\\\"6\\\"}]\",\"created_by_employee_id\":\"5292\",\"abbreviation\":\"DL\"}]','{\"client_id\":\"1\",\"date_time\":\"2018-05-27 00:00:00\",\"flight_no\":\"444\",\"check_sheet_no\":\"10003\",\"cycle\":\"1\",\"breakfast_crew_meals\":\"[{\\\"description\\\":\\\"test\\\",\\\"qty\\\":\\\"5\\\"}]\",\"breakfast_first_class_meals\":\"[]\",\"breakfast_economy\":\"[{\\\"description\\\":\\\"asfasas\\\",\\\"qty\\\":\\\"5\\\"}]\",\"lunch_crew_meals\":\"[]\",\"lunch_first_class_meals\":\"[]\",\"lunch_economy\":\"[]\",\"dinner_crew_meals\":\"[]\",\"dinner_first_class_meals\":\"[]\",\"dinner_economy\":\"[]\",\"miscellaneous\":\"[]\",\"service_charge\":\"[{\\\"description\\\":\\\"asasasf\\\",\\\"qty\\\":\\\"6\\\"}]\",\"created_by_employee_id\":\"5292\"}','2018-05-27 18:26:44'),(47,9,5292,'[{\"client_id\":\"2\",\"client_name\":\"British Airways 1\",\"abbreviation\":\"BA\",\"address_line_1\":\"\",\"address_line_2\":\"\",\"city\":\"\",\"state\":\"\",\"zip\":\"\"}]','{\"client_name\":\"British Airways 1\",\"abbreviation\":\"BA\",\"address_line_1\":\"\",\"address_line_2\":\"\",\"city\":\"\",\"state\":\"\",\"zip\":\"\"}','2018-05-30 10:44:34'),(48,9,5292,'[{\"client_id\":\"2\",\"client_name\":\"British Airways\",\"abbreviation\":\"BA\",\"address_line_1\":\"\",\"address_line_2\":\"\",\"city\":\"\",\"state\":\"\",\"zip\":\"\"}]','{\"client_name\":\"British Airways\",\"abbreviation\":\"BA\",\"address_line_1\":\"\",\"address_line_2\":\"\",\"city\":\"\",\"state\":\"\",\"zip\":\"\"}','2018-05-30 10:46:51'),(49,9,5292,'[{\"supplier_id\":\"15\",\"supplier_name\":\"Curtis Richard\",\"address_line_1\":\"\",\"address_line_2\":\"\",\"city\":\"\",\"zip\":\"\",\"state\":\"\"}]','{\"supplier_name\":\"Curtis Richard\",\"address_line_1\":\"\",\"address_line_2\":\"\",\"city\":\"\",\"state\":\"\",\"zip\":\"\"}','2018-05-30 11:32:22'),(50,9,5292,'[{\"supplier_id\":\"15\",\"supplier_name\":\"Curtis Richard 1\",\"address_line_1\":\"\",\"address_line_2\":\"\",\"city\":\"\",\"zip\":\"\",\"state\":\"\"}]','{\"supplier_name\":\"Curtis Richard 1\",\"address_line_1\":\"\",\"address_line_2\":\"\",\"city\":\"\",\"state\":\"\",\"zip\":\"\"}','2018-05-30 11:32:35'),(51,9,5292,'[{\"supplier_id\":\"15\",\"supplier_name\":\"Curtis Richard\",\"address_line_1\":\"\",\"address_line_2\":\"\",\"city\":\"\",\"zip\":\"\",\"state\":\"\"}]','{\"supplier_name\":\"Curtis Richard\",\"address_line_1\":\"\",\"address_line_2\":\"\",\"city\":\"\",\"state\":\"\",\"zip\":\"\"}','2018-05-30 11:32:38'),(52,17,5292,NULL,'{\"user_id\":\"5292\",\"permissions\":[\"14\",\"29\",\"18\",\"2\",\"23\",\"10\",\"33\",\"26\",\"28\",\"40\",\"27\",\"6\",\"45\",\"16\",\"35\",\"20\",\"4\",\"34\",\"36\",\"25\",\"12\",\"39\",\"42\",\"43\",\"44\",\"15\",\"38\",\"19\",\"3\",\"37\",\"7\",\"24\",\"11\",\"13\",\"30\",\"5\",\"41\",\"32\",\"17\",\"21\",\"1\",\"31\",\"8\",\"22\",\"9\"]}','2018-05-30 12:09:27'),(53,24,5292,'[{\"purchase_order_id\":\"8\",\"po_no\":\"1006\",\"supplier_id\":\"9\",\"po_date\":\"2018-05-18 00:00:00\",\"po_details\":\"[{\\\"qty\\\":\\\"4\\\",\\\"part_no\\\":\\\"asfasf\\\",\\\"desc\\\":\\\"asfasf\\\",\\\"price\\\":\\\"15\\\",\\\"extn\\\":\\\"60\\\"}]\",\"po_total_amount\":\"60\",\"placed_by_employee_id\":\"5292\",\"send_copy_to\":null,\"approved_by_employee_id\":null,\"approved_date\":null,\"approved\":\"0\",\"supplier_name\":\"Kirk Home Centre\",\"placed_by\":\"Jerome Bailey\",\"approved_by\":null}]','{\"supplier_id\":\"9\",\"po_details\":\"[{\\\"qty\\\":\\\"4\\\",\\\"part_no\\\":\\\"asfasf\\\",\\\"desc\\\":\\\"asfasf\\\",\\\"price\\\":\\\"15\\\",\\\"extn\\\":\\\"60\\\"}]\",\"po_total_amount\":\"60\"}','2018-05-30 19:03:42'),(54,24,5292,'[{\"purchase_order_id\":\"8\",\"po_no\":\"1006\",\"supplier_id\":\"9\",\"po_date\":\"2018-05-18 00:00:00\",\"po_details\":\"[{\\\"qty\\\":\\\"5\\\",\\\"part_no\\\":\\\"asfasf\\\",\\\"desc\\\":\\\"asfasf\\\",\\\"price\\\":\\\"25\\\",\\\"extn\\\":\\\"125\\\"}]\",\"po_total_amount\":\"185\",\"placed_by_employee_id\":\"5292\",\"send_copy_to\":null,\"approved_by_employee_id\":null,\"approved_date\":null,\"approved\":\"0\",\"supplier_name\":\"Kirk Home Centre\",\"placed_by\":\"Jerome Bailey\",\"approved_by\":null}]','{\"supplier_id\":\"9\",\"po_details\":\"[{\\\"qty\\\":\\\"5\\\",\\\"part_no\\\":\\\"asfasf\\\",\\\"desc\\\":\\\"asfasf\\\",\\\"price\\\":\\\"25\\\",\\\"extn\\\":\\\"125\\\"}]\",\"po_total_amount\":\"185\"}','2018-05-30 19:04:02'),(55,24,5292,'[{\"purchase_order_id\":\"8\",\"po_no\":\"1006\",\"supplier_id\":\"9\",\"po_date\":\"2018-05-18 00:00:00\",\"po_details\":\"[{\\\"qty\\\":\\\"125\\\",\\\"part_no\\\":null,\\\"desc\\\":null,\\\"price\\\":null,\\\"extn\\\":null},{\\\"qty\\\":\\\"5\\\",\\\"part_no\\\":\\\"asfasf\\\",\\\"desc\\\":\\\"asfasfasf\\\",\\\"price\\\":\\\"96\\\",\\\"extn\\\":\\\"480\\\"}]\",\"po_total_amount\":\"665\",\"placed_by_employee_id\":\"5292\",\"send_copy_to\":null,\"approved_by_employee_id\":null,\"approved_date\":null,\"approved\":\"0\",\"supplier_name\":\"Kirk Home Centre\",\"placed_by\":\"Jerome Bailey\",\"approved_by\":null}]','{\"supplier_id\":\"9\",\"po_details\":\"[{\\\"qty\\\":\\\"125\\\",\\\"part_no\\\":null,\\\"desc\\\":null,\\\"price\\\":null,\\\"extn\\\":null},{\\\"qty\\\":\\\"5\\\",\\\"part_no\\\":\\\"asfasf\\\",\\\"desc\\\":\\\"asfasfasf\\\",\\\"price\\\":\\\"96\\\",\\\"extn\\\":\\\"480\\\"}]\",\"po_total_amount\":\"665\"}','2018-05-30 19:09:10'),(56,24,5292,'[{\"purchase_order_id\":\"7\",\"po_no\":\"1006\",\"supplier_id\":\"4\",\"po_date\":\"2018-05-18 00:00:00\",\"po_details\":\"[{\\\"qty\\\":\\\"1\\\",\\\"part_no\\\":\\\"0\\\",\\\"desc\\\":\\\"asfasfsa\\\",\\\"price\\\":\\\"2\\\",\\\"extn\\\":\\\"2\\\"},{\\\"qty\\\":\\\"5\\\",\\\"part_no\\\":\\\"saasfasf\\\",\\\"desc\\\":\\\"afasf\\\",\\\"price\\\":\\\"45\\\",\\\"extn\\\":\\\"225\\\"}]\",\"po_total_amount\":\"227\",\"placed_by_employee_id\":\"5292\",\"send_copy_to\":null,\"approved_by_employee_id\":null,\"approved_date\":null,\"approved\":\"0\",\"supplier_name\":\"Island Supplies Distributors\",\"placed_by\":\"Jerome Bailey\",\"approved_by\":null}]','{\"supplier_id\":\"4\",\"po_details\":\"[{\\\"qty\\\":\\\"1\\\",\\\"part_no\\\":\\\"0\\\",\\\"desc\\\":\\\"asfasfsa\\\",\\\"price\\\":\\\"2\\\",\\\"extn\\\":\\\"2\\\"},{\\\"qty\\\":\\\"5\\\",\\\"part_no\\\":\\\"saasfasf\\\",\\\"desc\\\":\\\"afasf\\\",\\\"price\\\":\\\"45\\\",\\\"extn\\\":\\\"225\\\"}]\",\"po_total_amount\":\"227\"}','2018-05-31 04:59:09'),(57,17,5292,NULL,'{\"user_id\":\"5292\",\"permissions\":[\"14\",\"29\",\"18\",\"2\",\"23\",\"10\",\"33\",\"26\",\"28\",\"40\",\"27\",\"6\",\"45\",\"16\",\"35\",\"20\",\"4\",\"34\",\"36\",\"25\",\"12\",\"39\",\"42\",\"46\",\"43\",\"44\",\"15\",\"38\",\"19\",\"3\",\"37\",\"7\",\"24\",\"11\",\"13\",\"30\",\"5\",\"41\",\"32\",\"17\",\"21\",\"1\",\"31\",\"8\",\"22\",\"9\"]}','2018-05-31 12:40:07'),(58,25,5292,NULL,'{\"po_no\":\"1007\",\"supplier_id\":\"4\",\"po_date\":\"2018-05-31\",\"po_details\":\"[{\\\"qty\\\":\\\"1\\\",\\\"part_no\\\":\\\"0\\\",\\\"desc\\\":\\\"asfasfsa\\\",\\\"price\\\":\\\"2\\\",\\\"extn\\\":\\\"2\\\"},{\\\"qty\\\":\\\"5\\\",\\\"part_no\\\":\\\"saasfasf\\\",\\\"desc\\\":\\\"afasf\\\",\\\"price\\\":\\\"45\\\",\\\"extn\\\":\\\"225\\\"}]\",\"po_total_amount\":\"227.00\",\"placed_by_employee_id\":\"5292\",\"approved\":0}','2018-05-31 13:12:23'),(59,9,5292,'[{\"supplier_id\":\"9\",\"supplier_name\":\"Kirk Home Centre\",\"address_line_1\":\"257 Eastern Avenue\",\"address_line_2\":\"PO Box 72\",\"city\":\"Grand Cayman\",\"zip\":\"KY1-1102\",\"state\":\"\",\"is_local\":\"1\"}]','{\"supplier_name\":\"Kirk Home Centre\",\"address_line_1\":\"257 Eastern Avenue\",\"address_line_2\":\"PO Box 72\",\"city\":\"Grand Cayman\",\"state\":\"\",\"zip\":\"KY1-1102\",\"is_local\":\"1\"}','2018-05-31 13:55:36'),(60,9,5292,'[{\"supplier_id\":\"9\",\"supplier_name\":\"Kirk Home Centre\",\"address_line_1\":\"257 Eastern Avenue\",\"address_line_2\":\"PO Box 72\",\"city\":\"Grand Cayman\",\"zip\":\"KY1-1102\",\"state\":\"\",\"is_local\":\"2\"}]','{\"supplier_name\":\"Kirk Home Centre\",\"address_line_1\":\"257 Eastern Avenue\",\"address_line_2\":\"PO Box 72\",\"city\":\"Grand Cayman\",\"state\":\"\",\"zip\":\"KY1-1102\",\"is_local\":\"2\"}','2018-05-31 13:55:40'),(61,9,5292,'[{\"supplier_id\":\"9\",\"supplier_name\":\"Kirk Home Centre\",\"address_line_1\":\"257 Eastern Avenue\",\"address_line_2\":\"PO Box 72\",\"city\":\"Grand Cayman\",\"zip\":\"KY1-1102\",\"state\":\"\",\"is_local\":\"1\"}]','{\"supplier_name\":\"Kirk Home Centre\",\"address_line_1\":\"257 Eastern Avenue\",\"address_line_2\":\"PO Box 72\",\"city\":\"Grand Cayman\",\"state\":\"\",\"zip\":\"KY1-1102\",\"is_local\":\"1\"}','2018-05-31 13:55:43'),(62,17,5292,NULL,'{\"user_id\":\"5292\",\"permissions\":[\"14\",\"29\",\"18\",\"2\",\"23\",\"10\",\"33\",\"26\",\"28\",\"40\",\"27\",\"47\",\"6\",\"45\",\"16\",\"35\",\"50\",\"20\",\"4\",\"34\",\"51\",\"36\",\"25\",\"12\",\"39\",\"42\",\"46\",\"43\",\"44\",\"15\",\"38\",\"48\",\"19\",\"3\",\"37\",\"49\",\"7\",\"24\",\"11\",\"13\",\"30\",\"5\",\"41\",\"32\",\"17\",\"21\",\"1\",\"31\",\"8\",\"22\",\"9\"]}','2018-05-31 14:55:45'),(63,26,5292,NULL,'{\"quote_no\":\"124\",\"supplier_id\":\"7\",\"quote_date\":\"2018-05-31\",\"quote_details\":\"[{\\\"qty\\\":\\\"6\\\",\\\"desc\\\":\\\"aaasfasf\\\",\\\"price\\\":\\\"58\\\",\\\"extn\\\":\\\"348\\\"}]\",\"quote_total_amount\":\"348\",\"created_by_employee_id\":\"5292\"}','2018-05-31 14:58:04'),(64,28,5292,'[{\"invoice_id\":\"7\",\"invoice_no\":\"1006\",\"supplier_id\":\"4\",\"invoice_date\":\"2018-05-18 00:00:00\",\"invoice_details\":\"[{\\\"qty\\\":\\\"1\\\",\\\"desc\\\":\\\"asfasfsa\\\",\\\"price\\\":\\\"2\\\",\\\"extn\\\":\\\"2\\\"},{\\\"qty\\\":\\\"8\\\",\\\"desc\\\":\\\"asfasf\\\",\\\"price\\\":\\\"250\\\",\\\"extn\\\":\\\"2000\\\"}]\",\"invoice_total_amount\":\"2002\",\"created_by_employee_id\":\"5292\",\"supplier_name\":\"Island Supplies Distributors\",\"created_by\":\"Jerome Bailey\"}]','{\"supplier_id\":\"4\",\"invoice_details\":\"[{\\\"qty\\\":\\\"1\\\",\\\"desc\\\":\\\"asfasfsa\\\",\\\"price\\\":\\\"2\\\",\\\"extn\\\":\\\"2\\\"},{\\\"qty\\\":\\\"8\\\",\\\"desc\\\":\\\"asfasf\\\",\\\"price\\\":\\\"250\\\",\\\"extn\\\":\\\"2000\\\"}]\",\"invoice_total_amount\":\"2002\"}','2018-06-01 11:52:03'),(65,28,5292,'[{\"quote_id\":\"7\",\"quote_no\":\"1006\",\"supplier_id\":\"4\",\"quote_date\":\"2018-05-18 00:00:00\",\"quote_details\":\"[{\\\"qty\\\":\\\"1\\\",\\\"desc\\\":\\\"asfasfsa\\\",\\\"price\\\":\\\"2\\\",\\\"extn\\\":\\\"2\\\"},{\\\"qty\\\":\\\"6\\\",\\\"desc\\\":\\\"asfasfas\\\",\\\"price\\\":\\\"58\\\",\\\"extn\\\":\\\"348\\\"}]\",\"quote_total_amount\":\"350\",\"created_by_employee_id\":\"5292\",\"supplier_name\":\"Island Supplies Distributors\",\"created_by\":\"Jerome Bailey\"}]','{\"supplier_id\":\"4\",\"quote_details\":\"[{\\\"qty\\\":\\\"1\\\",\\\"desc\\\":\\\"asfasfsa\\\",\\\"price\\\":\\\"2\\\",\\\"extn\\\":\\\"2\\\"},{\\\"qty\\\":\\\"6\\\",\\\"desc\\\":\\\"asfasfas\\\",\\\"price\\\":\\\"58\\\",\\\"extn\\\":\\\"348\\\"}]\",\"quote_total_amount\":\"350\"}','2018-06-01 12:17:20'),(66,30,5292,'[{\"requisition_id\":\"1\",\"client_id\":\"2\",\"flight_type_id\":\"2\",\"client_flight_id\":\"1\",\"passenger_count\":\"55\",\"requisition_date\":\"2018-04-23 00:00:00\",\"details\":\"[]\",\"store_keeper_employee_id\":\"5292\",\"dispatched_by_employee_id\":\"0\",\"dispatched_date\":null,\"dispatched\":\"0\",\"client_name\":\"British Airways\",\"abbreviation\":\"BA\",\"flight_type\":\"Economy\",\"flight_no\":\"101\",\"created_by\":\"Jerome Bailey\",\"dispatched_by\":null}]','{\"client_id\":\"2\",\"flight_type_id\":\"2\",\"client_flight_id\":\"1\",\"passenger_count\":\"55\",\"details\":\"[]\"}','2018-06-05 15:15:35'),(67,30,5292,'[{\"requisition_id\":\"1\",\"client_id\":\"2\",\"flight_type_id\":\"2\",\"client_flight_id\":\"1\",\"passenger_count\":\"55\",\"requisition_date\":\"2018-04-23 00:00:00\",\"details\":\"[]\",\"store_keeper_employee_id\":\"5292\",\"dispatched_by_employee_id\":\"0\",\"dispatched_date\":null,\"dispatched\":\"0\",\"client_name\":\"British Airways\",\"abbreviation\":\"BA\",\"flight_type\":\"Economy\",\"flight_no\":\"101\",\"created_by\":\"Jerome Bailey\",\"dispatched_by\":null}]','{\"client_id\":\"2\",\"flight_type_id\":\"2\",\"client_flight_id\":\"1\",\"passenger_count\":\"55\",\"details\":\"[{\\\"product_name\\\":\\\"safasfasf\\\",\\\"amount\\\":\\\"7\\\",\\\"unit\\\":\\\"case\\\"},{\\\"product_name\\\":\\\"asasfas\\\",\\\"amount\\\":\\\"6\\\",\\\"unit\\\":\\\"each\\\"}]\"}','2018-06-05 15:20:09'),(68,30,5292,'[{\"requisition_id\":\"1\",\"client_id\":\"2\",\"flight_type_id\":\"2\",\"client_flight_id\":\"1\",\"passenger_count\":\"55\",\"requisition_date\":\"2018-04-23 00:00:00\",\"details\":\"[{\\\"product_name\\\":\\\"safasfasf\\\",\\\"amount\\\":\\\"7\\\",\\\"unit\\\":\\\"case\\\"},{\\\"product_name\\\":\\\"asasfas\\\",\\\"amount\\\":\\\"6\\\",\\\"unit\\\":\\\"each\\\"}]\",\"store_keeper_employee_id\":\"5292\",\"dispatched_by_employee_id\":\"0\",\"dispatched_date\":null,\"dispatched\":\"0\",\"client_name\":\"British Airways\",\"abbreviation\":\"BA\",\"flight_type\":\"Economy\",\"flight_no\":\"101\",\"created_by\":\"Jerome Bailey\",\"dispatched_by\":null}]','{\"client_id\":\"2\",\"flight_type_id\":\"2\",\"client_flight_id\":\"1\",\"passenger_count\":\"55\",\"details\":\"[{\\\"product_name\\\":\\\"asasfasfas\\\",\\\"amount\\\":\\\"8\\\",\\\"unit\\\":\\\"each\\\"}]\"}','2018-06-05 15:20:42'),(69,30,5292,'[{\"requisition_id\":\"1\",\"client_id\":\"2\",\"flight_type_id\":\"2\",\"client_flight_id\":\"1\",\"passenger_count\":\"55\",\"requisition_date\":\"2018-04-23 00:00:00\",\"details\":\"[{\\\"product_name\\\":\\\"asasfasfas\\\",\\\"amount\\\":\\\"8\\\",\\\"unit\\\":\\\"each\\\"}]\",\"store_keeper_employee_id\":\"5292\",\"dispatched_by_employee_id\":\"0\",\"dispatched_date\":null,\"dispatched\":\"0\",\"client_name\":\"British Airways\",\"abbreviation\":\"BA\",\"flight_type\":\"Economy\",\"flight_no\":\"101\",\"created_by\":\"Jerome Bailey\",\"dispatched_by\":null}]','{\"client_id\":\"2\",\"flight_type_id\":\"2\",\"client_flight_id\":\"1\",\"passenger_count\":\"55\",\"details\":\"[{\\\"product_name\\\":\\\"asfasas\\\",\\\"amount\\\":\\\"8\\\",\\\"unit\\\":\\\"each\\\"}]\"}','2018-06-05 15:21:52'),(70,30,5292,'[{\"requisition_id\":\"1\",\"client_id\":\"2\",\"flight_type_id\":\"2\",\"client_flight_id\":\"1\",\"passenger_count\":\"55\",\"requisition_date\":\"2018-04-23 00:00:00\",\"details\":\"[{\\\"product_name\\\":\\\"asfasas\\\",\\\"amount\\\":\\\"8\\\",\\\"unit\\\":\\\"each\\\"}]\",\"store_keeper_employee_id\":\"5292\",\"dispatched_by_employee_id\":\"0\",\"dispatched_date\":null,\"dispatched\":\"0\",\"client_name\":\"British Airways\",\"abbreviation\":\"BA\",\"flight_type\":\"Economy\",\"flight_no\":\"101\",\"created_by\":\"Jerome Bailey\",\"dispatched_by\":null}]','{\"client_id\":\"2\",\"flight_type_id\":\"2\",\"client_flight_id\":\"1\",\"passenger_count\":\"55\",\"details\":\"[{\\\"product_name\\\":\\\"CRACKERS CARRS ASSORTED\\\",\\\"amount\\\":\\\"6\\\",\\\"unit\\\":\\\"each\\\"},{\\\"product_name\\\":\\\"BREAD WHEAT\\\\\\/WHITE SLICED\\\",\\\"amount\\\":\\\"4\\\",\\\"unit\\\":\\\"each\\\"}]\"}','2018-06-05 15:31:12'),(71,30,5292,'[{\"requisition_id\":\"1\",\"client_id\":\"2\",\"flight_type_id\":\"2\",\"client_flight_id\":\"1\",\"passenger_count\":\"55\",\"requisition_date\":\"2018-04-23 00:00:00\",\"details\":\"[{\\\"product_name\\\":\\\"CRACKERS CARRS ASSORTED\\\",\\\"amount\\\":\\\"6\\\",\\\"unit\\\":\\\"each\\\"},{\\\"product_name\\\":\\\"BREAD WHEAT\\\\\\/WHITE SLICED\\\",\\\"amount\\\":\\\"4\\\",\\\"unit\\\":\\\"each\\\"}]\",\"store_keeper_employee_id\":\"5292\",\"dispatched_by_employee_id\":\"0\",\"dispatched_date\":null,\"dispatched\":\"0\",\"client_name\":\"British Airways\",\"abbreviation\":\"BA\",\"flight_type\":\"Economy\",\"flight_no\":\"101\",\"created_by\":\"Jerome Bailey\",\"dispatched_by\":null}]','{\"client_id\":\"2\",\"flight_type_id\":\"2\",\"client_flight_id\":\"1\",\"passenger_count\":\"55\",\"details\":\"[{\\\"product_name\\\":\\\"BEEF CORNED\\\",\\\"amount\\\":\\\"6\\\",\\\"unit\\\":\\\"each\\\"}]\"}','2018-06-05 15:31:32'),(72,30,5292,'[{\"requisition_id\":\"1\",\"client_id\":\"2\",\"flight_type_id\":\"2\",\"client_flight_id\":\"1\",\"passenger_count\":\"55\",\"requisition_date\":\"2018-04-23 00:00:00\",\"details\":\"[{\\\"product_name\\\":\\\"BEEF CORNED\\\",\\\"amount\\\":\\\"6\\\",\\\"unit\\\":\\\"each\\\"}]\",\"store_keeper_employee_id\":\"5292\",\"dispatched_by_employee_id\":\"0\",\"dispatched_date\":null,\"dispatched\":\"0\",\"client_name\":\"British Airways\",\"abbreviation\":\"BA\",\"flight_type\":\"Economy\",\"flight_no\":\"101\",\"created_by\":\"Jerome Bailey\",\"dispatched_by\":null}]','{\"client_id\":\"2\",\"flight_type_id\":\"2\",\"client_flight_id\":\"1\",\"passenger_count\":\"55\",\"details\":\"[{\\\"product_name\\\":\\\"POWDER PEPPER WHITE GROUND\\\",\\\"amount\\\":\\\"6\\\",\\\"unit\\\":\\\"each\\\"},{\\\"product_name\\\":\\\"FUEL HANDY (CHAFING FUEL) STERNO\\\",\\\"amount\\\":\\\"4\\\",\\\"unit\\\":\\\"each\\\"}]\"}','2018-06-05 15:33:46'),(73,30,5292,'[{\"requisition_id\":\"1\",\"client_id\":\"2\",\"flight_type_id\":\"2\",\"client_flight_id\":\"1\",\"passenger_count\":\"55\",\"requisition_date\":\"2018-04-23 00:00:00\",\"details\":\"[{\\\"product_name\\\":\\\"POWDER PEPPER WHITE GROUND\\\",\\\"amount\\\":\\\"6\\\",\\\"unit\\\":\\\"each\\\"},{\\\"product_name\\\":\\\"FUEL HANDY (CHAFING FUEL) STERNO\\\",\\\"amount\\\":\\\"4\\\",\\\"unit\\\":\\\"each\\\"}]\",\"store_keeper_employee_id\":\"5292\",\"dispatched_by_employee_id\":\"0\",\"dispatched_date\":null,\"dispatched\":\"0\",\"client_name\":\"British Airways\",\"abbreviation\":\"BA\",\"flight_type\":\"Economy\",\"flight_no\":\"101\",\"created_by\":\"Jerome Bailey\",\"dispatched_by\":null}]','{\"client_id\":\"2\",\"flight_type_id\":\"2\",\"client_flight_id\":\"1\",\"passenger_count\":\"55\",\"details\":\"[{\\\"product_name\\\":\\\"POWDER PEPPER WHITE GROUND\\\",\\\"amount\\\":\\\"6\\\",\\\"unit\\\":\\\"each\\\"},{\\\"product_name\\\":\\\"FUEL HANDY\\\",\\\"amount\\\":\\\"4\\\",\\\"unit\\\":\\\"each\\\"},{\\\"product_name\\\":\\\"BUTTER FOIL\\\",\\\"amount\\\":\\\"8\\\",\\\"unit\\\":\\\"each\\\"}]\"}','2018-06-05 15:40:21'),(74,30,5292,'[{\"requisition_id\":\"1\",\"client_id\":\"2\",\"flight_type_id\":\"2\",\"client_flight_id\":\"1\",\"passenger_count\":\"55\",\"requisition_date\":\"2018-04-23 00:00:00\",\"details\":\"[{\\\"product_name\\\":\\\"POWDER PEPPER WHITE GROUND\\\",\\\"amount\\\":\\\"6\\\",\\\"unit\\\":\\\"each\\\"},{\\\"product_name\\\":\\\"FUEL HANDY\\\",\\\"amount\\\":\\\"4\\\",\\\"unit\\\":\\\"each\\\"},{\\\"product_name\\\":\\\"BUTTER FOIL\\\",\\\"amount\\\":\\\"8\\\",\\\"unit\\\":\\\"each\\\"}]\",\"store_keeper_employee_id\":\"5292\",\"dispatched_by_employee_id\":\"0\",\"dispatched_date\":null,\"dispatched\":\"0\",\"client_name\":\"British Airways\",\"abbreviation\":\"BA\",\"flight_type\":\"Economy\",\"flight_no\":\"101\",\"created_by\":\"Jerome Bailey\",\"dispatched_by\":null}]','{\"client_id\":\"2\",\"flight_type_id\":\"2\",\"client_flight_id\":\"1\",\"passenger_count\":\"55\",\"details\":\"[{\\\"product_name\\\":\\\"FUEL HANDY\\\",\\\"amount\\\":\\\"4\\\",\\\"unit\\\":\\\"each\\\"},{\\\"product_name\\\":\\\"EGG LIQUID\\\",\\\"amount\\\":\\\"7\\\",\\\"unit\\\":\\\"each\\\"}]\"}','2018-06-05 15:40:49'),(75,30,5292,'[{\"requisition_id\":\"1\",\"client_id\":\"2\",\"flight_type_id\":\"2\",\"client_flight_id\":\"1\",\"passenger_count\":\"55\",\"requisition_date\":\"2018-04-23 00:00:00\",\"details\":\"[{\\\"product_name\\\":\\\"FUEL HANDY\\\",\\\"amount\\\":\\\"4\\\",\\\"unit\\\":\\\"each\\\"},{\\\"product_name\\\":\\\"EGG LIQUID\\\",\\\"amount\\\":\\\"7\\\",\\\"unit\\\":\\\"each\\\"}]\",\"store_keeper_employee_id\":\"5292\",\"dispatched_by_employee_id\":\"0\",\"dispatched_date\":null,\"dispatched\":\"0\",\"client_name\":\"British Airways\",\"abbreviation\":\"BA\",\"flight_type\":\"Economy\",\"flight_no\":\"101\",\"created_by\":\"Jerome Bailey\",\"dispatched_by\":null}]','{\"client_id\":\"2\",\"flight_type_id\":\"2\",\"client_flight_id\":\"1\",\"passenger_count\":\"55\",\"details\":\"[{\\\"product_name\\\":\\\"FUEL HANDY\\\",\\\"amount\\\":\\\"4\\\",\\\"unit\\\":\\\"each\\\"},{\\\"product_name\\\":\\\"EGG LIQUID\\\",\\\"amount\\\":\\\"7\\\",\\\"unit\\\":\\\"each\\\"},{\\\"product_name\\\":\\\"BUTTER FOIL\\\",\\\"amount\\\":\\\"2\\\",\\\"unit\\\":\\\"each\\\"}]\"}','2018-06-05 15:42:15'),(76,30,5292,'[{\"requisition_id\":\"1\",\"client_id\":\"2\",\"flight_type_id\":\"2\",\"client_flight_id\":\"1\",\"passenger_count\":\"55\",\"requisition_date\":\"2018-04-23 00:00:00\",\"details\":\"[{\\\"product_name\\\":\\\"FUEL HANDY\\\",\\\"amount\\\":\\\"4\\\",\\\"unit\\\":\\\"each\\\"},{\\\"product_name\\\":\\\"EGG LIQUID\\\",\\\"amount\\\":\\\"7\\\",\\\"unit\\\":\\\"each\\\"},{\\\"product_name\\\":\\\"BUTTER FOIL\\\",\\\"amount\\\":\\\"2\\\",\\\"unit\\\":\\\"each\\\"}]\",\"store_keeper_employee_id\":\"5292\",\"dispatched_by_employee_id\":\"0\",\"dispatched_date\":null,\"dispatched\":\"0\",\"client_name\":\"British Airways\",\"abbreviation\":\"BA\",\"flight_type\":\"Economy\",\"flight_no\":\"101\",\"created_by\":\"Jerome Bailey\",\"dispatched_by\":null}]','{\"client_id\":\"2\",\"flight_type_id\":\"2\",\"client_flight_id\":\"1\",\"passenger_count\":\"55\",\"details\":\"[{\\\"product_name\\\":\\\"FUEL HANDY\\\",\\\"amount\\\":\\\"4\\\",\\\"unit\\\":\\\"each\\\"},{\\\"product_name\\\":\\\"EGG LIQUID\\\",\\\"amount\\\":\\\"7\\\",\\\"unit\\\":\\\"each\\\"},{\\\"product_name\\\":\\\"BUTTER FOIL\\\",\\\"amount\\\":\\\"2\\\",\\\"unit\\\":\\\"each\\\"},{\\\"product_name\\\":\\\"JUICE ORANGE 10OZ TROPICANA\\\",\\\"amount\\\":\\\"6\\\",\\\"unit\\\":\\\"each\\\"}]\"}','2018-06-05 15:42:43'),(77,30,5292,'[{\"requisition_id\":\"1\",\"client_id\":\"2\",\"flight_type_id\":\"2\",\"client_flight_id\":\"1\",\"passenger_count\":\"55\",\"requisition_date\":\"2018-04-23 00:00:00\",\"details\":\"[{\\\"product_name\\\":\\\"FUEL HANDY\\\",\\\"amount\\\":\\\"4\\\",\\\"unit\\\":\\\"each\\\"},{\\\"product_name\\\":\\\"EGG LIQUID\\\",\\\"amount\\\":\\\"7\\\",\\\"unit\\\":\\\"each\\\"},{\\\"product_name\\\":\\\"BUTTER FOIL\\\",\\\"amount\\\":\\\"2\\\",\\\"unit\\\":\\\"each\\\"},{\\\"product_name\\\":\\\"JUICE ORANGE 10OZ TROPICANA\\\",\\\"amount\\\":\\\"6\\\",\\\"unit\\\":\\\"each\\\"}]\",\"store_keeper_employee_id\":\"5292\",\"dispatched_by_employee_id\":\"0\",\"dispatched_date\":null,\"dispatched\":\"0\",\"client_name\":\"British Airways\",\"abbreviation\":\"BA\",\"flight_type\":\"Economy\",\"flight_no\":\"101\",\"created_by\":\"Jerome Bailey\",\"dispatched_by\":null}]','{\"client_id\":\"2\",\"flight_type_id\":\"2\",\"client_flight_id\":\"1\",\"passenger_count\":\"55\",\"details\":\"[{\\\"product_name\\\":\\\"FUEL HANDY\\\",\\\"amount\\\":\\\"4\\\",\\\"unit\\\":\\\"each\\\"},{\\\"product_name\\\":\\\"EGG LIQUID\\\",\\\"amount\\\":\\\"7\\\",\\\"unit\\\":\\\"each\\\"},{\\\"product_name\\\":\\\"JUICE ORANGE 10OZ TROPICANA\\\",\\\"amount\\\":\\\"6\\\",\\\"unit\\\":\\\"each\\\"}]\"}','2018-06-05 15:43:02'),(78,30,5292,'[{\"requisition_id\":\"1\",\"client_id\":\"2\",\"flight_type_id\":\"2\",\"client_flight_id\":\"1\",\"passenger_count\":\"55\",\"requisition_date\":\"2018-04-23 00:00:00\",\"details\":\"[{\\\"product_name\\\":\\\"FUEL HANDY\\\",\\\"amount\\\":\\\"4\\\",\\\"unit\\\":\\\"each\\\"},{\\\"product_name\\\":\\\"EGG LIQUID\\\",\\\"amount\\\":\\\"7\\\",\\\"unit\\\":\\\"each\\\"},{\\\"product_name\\\":\\\"JUICE ORANGE 10OZ TROPICANA\\\",\\\"amount\\\":\\\"6\\\",\\\"unit\\\":\\\"each\\\"}]\",\"store_keeper_employee_id\":\"5292\",\"dispatched_by_employee_id\":\"0\",\"dispatched_date\":null,\"dispatched\":\"0\",\"client_name\":\"British Airways\",\"abbreviation\":\"BA\",\"flight_type\":\"Economy\",\"flight_no\":\"101\",\"created_by\":\"Jerome Bailey\",\"dispatched_by\":null}]','{\"client_id\":\"2\",\"flight_type_id\":\"2\",\"client_flight_id\":\"1\",\"passenger_count\":\"55\",\"details\":\"[{\\\"product_name\\\":\\\"FUEL HANDY\\\",\\\"amount\\\":\\\"4\\\",\\\"unit\\\":\\\"each\\\"},{\\\"product_name\\\":\\\"EGG LIQUID\\\",\\\"amount\\\":\\\"7\\\",\\\"unit\\\":\\\"each\\\"},{\\\"product_name\\\":\\\"JUICE ORANGE 10OZ TROPICANA\\\",\\\"amount\\\":\\\"6\\\",\\\"unit\\\":\\\"each\\\"},{\\\"product_name\\\":\\\"WATER 330 ML\\\",\\\"amount\\\":\\\"9\\\",\\\"unit\\\":\\\"case\\\"}]\"}','2018-06-05 15:44:07'),(79,30,5292,'[{\"requisition_id\":\"1\",\"client_id\":\"2\",\"flight_type_id\":\"2\",\"client_flight_id\":\"1\",\"passenger_count\":\"55\",\"requisition_date\":\"2018-04-23 00:00:00\",\"details\":\"[{\\\"product_name\\\":\\\"FUEL HANDY\\\",\\\"amount\\\":\\\"4\\\",\\\"unit\\\":\\\"each\\\"},{\\\"product_name\\\":\\\"EGG LIQUID\\\",\\\"amount\\\":\\\"7\\\",\\\"unit\\\":\\\"each\\\"},{\\\"product_name\\\":\\\"JUICE ORANGE 10OZ TROPICANA\\\",\\\"amount\\\":\\\"6\\\",\\\"unit\\\":\\\"each\\\"},{\\\"product_name\\\":\\\"WATER 330 ML\\\",\\\"amount\\\":\\\"9\\\",\\\"unit\\\":\\\"case\\\"}]\",\"store_keeper_employee_id\":\"5292\",\"dispatched_by_employee_id\":\"0\",\"dispatched_date\":null,\"dispatched\":\"0\",\"client_name\":\"British Airways\",\"abbreviation\":\"BA\",\"flight_type\":\"Economy\",\"flight_no\":\"101\",\"created_by\":\"Jerome Bailey\",\"dispatched_by\":null}]','{\"client_id\":\"2\",\"flight_type_id\":\"2\",\"client_flight_id\":\"1\",\"passenger_count\":\"55\",\"details\":\"[{\\\"product_name\\\":\\\"EGG LIQUID\\\",\\\"amount\\\":\\\"7\\\",\\\"unit\\\":\\\"each\\\"},{\\\"product_name\\\":\\\"JUICE ORANGE 10OZ TROPICANA\\\",\\\"amount\\\":\\\"6\\\",\\\"unit\\\":\\\"each\\\"},{\\\"product_name\\\":\\\"FUEL HANDY (CHAFING FUEL) STERNO\\\",\\\"amount\\\":\\\"4\\\",\\\"unit\\\":\\\"each\\\"}]\"}','2018-06-05 15:44:54'),(80,30,5292,'[{\"requisition_id\":\"1\",\"client_id\":\"2\",\"flight_type_id\":\"2\",\"client_flight_id\":\"1\",\"passenger_count\":\"55\",\"requisition_date\":\"2018-04-23 00:00:00\",\"details\":\"[{\\\"product_name\\\":\\\"EGG LIQUID\\\",\\\"amount\\\":\\\"7\\\",\\\"unit\\\":\\\"each\\\"},{\\\"product_name\\\":\\\"JUICE ORANGE 10OZ TROPICANA\\\",\\\"amount\\\":\\\"6\\\",\\\"unit\\\":\\\"each\\\"},{\\\"product_name\\\":\\\"FUEL HANDY (CHAFING FUEL) STERNO\\\",\\\"amount\\\":\\\"4\\\",\\\"unit\\\":\\\"each\\\"}]\",\"store_keeper_employee_id\":\"5292\",\"dispatched_by_employee_id\":\"0\",\"dispatched_date\":null,\"dispatched\":\"0\",\"client_name\":\"British Airways\",\"abbreviation\":\"BA\",\"flight_type\":\"Economy\",\"flight_no\":\"101\",\"created_by\":\"Jerome Bailey\",\"dispatched_by\":null}]','{\"client_id\":\"2\",\"flight_type_id\":\"2\",\"client_flight_id\":\"1\",\"passenger_count\":\"55\",\"details\":\"[{\\\"product_name\\\":\\\"EGG LIQUID\\\",\\\"amount\\\":\\\"7\\\",\\\"unit\\\":\\\"each\\\"},{\\\"product_name\\\":\\\"JUICE ORANGE 10OZ TROPICANA\\\",\\\"amount\\\":\\\"6\\\",\\\"unit\\\":\\\"each\\\"},{\\\"product_name\\\":\\\"FUEL HANDY\\\",\\\"amount\\\":\\\"4\\\",\\\"unit\\\":\\\"each\\\"},{\\\"product_name\\\":\\\"FOIL ALUMINIUM 12X1000 STANDARD\\\",\\\"amount\\\":\\\"9\\\",\\\"unit\\\":\\\"each\\\"}]\"}','2018-06-05 15:45:47'),(81,30,5292,'[{\"requisition_id\":\"1\",\"client_id\":\"2\",\"flight_type_id\":\"2\",\"client_flight_id\":\"1\",\"passenger_count\":\"55\",\"requisition_date\":\"2018-04-23 00:00:00\",\"details\":\"[{\\\"product_name\\\":\\\"EGG LIQUID\\\",\\\"amount\\\":\\\"7\\\",\\\"unit\\\":\\\"each\\\"},{\\\"product_name\\\":\\\"JUICE ORANGE 10OZ TROPICANA\\\",\\\"amount\\\":\\\"6\\\",\\\"unit\\\":\\\"each\\\"},{\\\"product_name\\\":\\\"FUEL HANDY\\\",\\\"amount\\\":\\\"4\\\",\\\"unit\\\":\\\"each\\\"},{\\\"product_name\\\":\\\"FOIL ALUMINIUM 12X1000 STANDARD\\\",\\\"amount\\\":\\\"9\\\",\\\"unit\\\":\\\"each\\\"}]\",\"store_keeper_employee_id\":\"5292\",\"dispatched_by_employee_id\":\"0\",\"dispatched_date\":null,\"dispatched\":\"0\",\"client_name\":\"British Airways\",\"abbreviation\":\"BA\",\"flight_type\":\"Economy\",\"flight_no\":\"101\",\"created_by\":\"Jerome Bailey\",\"dispatched_by\":null}]','{\"client_id\":\"2\",\"flight_type_id\":\"2\",\"client_flight_id\":\"1\",\"passenger_count\":\"55\",\"details\":\"[{\\\"product_name\\\":\\\"EGG LIQUID\\\",\\\"amount\\\":\\\"7\\\",\\\"unit\\\":\\\"each\\\"},{\\\"product_name\\\":\\\"JUICE ORANGE 10OZ TROPICANA\\\",\\\"amount\\\":\\\"6\\\",\\\"unit\\\":\\\"each\\\"},{\\\"product_name\\\":\\\"FOIL ALUMINIUM 12X1000 STANDARD\\\",\\\"amount\\\":\\\"9\\\",\\\"unit\\\":\\\"each\\\"},{\\\"product_name\\\":\\\"WATER FIJI\\\",\\\"amount\\\":\\\"8\\\",\\\"unit\\\":\\\"case\\\"}]\"}','2018-06-05 15:46:35'),(82,31,5292,NULL,'{\"client_id\":\"2\",\"flight_type_id\":\"2\",\"client_flight_id\":\"1\",\"passenger_count\":\"55\",\"requisition_date\":\"2018-06-05\",\"details\":\"[{\\\"product_name\\\":\\\"EGG LIQUID\\\",\\\"amount\\\":\\\"7\\\",\\\"unit\\\":\\\"each\\\"},{\\\"product_name\\\":\\\"JUICE ORANGE 10OZ TROPICANA\\\",\\\"amount\\\":\\\"6\\\",\\\"unit\\\":\\\"each\\\"},{\\\"product_name\\\":\\\"FOIL ALUMINIUM 12X1000 STANDARD\\\",\\\"amount\\\":\\\"9\\\",\\\"unit\\\":\\\"each\\\"},{\\\"product_name\\\":\\\"WATER FIJI\\\",\\\"amount\\\":\\\"8\\\",\\\"unit\\\":\\\"case\\\"}]\",\"store_keeper_employee_id\":\"5292\",\"dispatched\":0}','2018-06-05 16:04:08'),(83,31,5292,NULL,'{\"client_id\":\"2\",\"flight_type_id\":\"2\",\"client_flight_id\":\"1\",\"passenger_count\":\"55\",\"requisition_date\":\"2018-06-05\",\"details\":\"[{\\\"product_name\\\":\\\"EGG LIQUID\\\",\\\"amount\\\":\\\"7\\\",\\\"unit\\\":\\\"each\\\"},{\\\"product_name\\\":\\\"JUICE ORANGE 10OZ TROPICANA\\\",\\\"amount\\\":\\\"6\\\",\\\"unit\\\":\\\"each\\\"},{\\\"product_name\\\":\\\"FOIL ALUMINIUM 12X1000 STANDARD\\\",\\\"amount\\\":\\\"9\\\",\\\"unit\\\":\\\"each\\\"},{\\\"product_name\\\":\\\"WATER FIJI\\\",\\\"amount\\\":\\\"8\\\",\\\"unit\\\":\\\"case\\\"}]\",\"store_keeper_employee_id\":\"5292\",\"dispatched\":0}','2018-06-05 16:07:11'),(84,1,5292,NULL,'{\"client_id\":\"6\",\"flight_type_id\":0,\"client_flight_id\":0,\"passenger_count\":\"1\",\"requisition_date\":\"2018-06-13\",\"details\":\"[{\\\"product_name\\\":\\\"BREAD CRUMBS\\\",\\\"amount\\\":\\\"4\\\",\\\"unit\\\":\\\"each\\\"}]\",\"store_keeper_employee_id\":\"5292\",\"dispatched\":0}','2018-06-13 23:24:02'),(85,1,5292,NULL,'{\"client_id\":\"6\",\"flight_type_id\":0,\"client_flight_id\":0,\"passenger_count\":\"4\",\"requisition_date\":\"2018-06-13\",\"details\":\"[{\\\"product_name\\\":\\\"BREAD CRUMBS\\\",\\\"amount\\\":\\\"7\\\",\\\"unit\\\":\\\"each\\\"}]\",\"store_keeper_employee_id\":\"5292\",\"dispatched\":0}','2018-06-13 23:30:40'),(86,20,5292,NULL,'{\"product_information\":[{\"product_id\":\"939\",\"product_name\":\"FOLGERS CAPPUCCINO\",\"description\":\"FOLGERS CAPPUCCINO\",\"barcode\":\"025500068480\",\"category_name\":\"Dry Stores\",\"price\":\"10\",\"product_category_id\":\"2\",\"unit_abbreviation\":\"lbs\",\"weight\":\"16\",\"current_stock_level\":\"10\",\"unit_id\":\"2\"}],\"barcode\":\"42426020939\"}','2018-06-26 18:12:28'),(87,20,5292,NULL,'{\"product_information\":[{\"product_id\":\"939\",\"product_name\":\"FOLGERS CAPPUCCINO\",\"description\":\"FOLGERS CAPPUCCINO\",\"barcode\":\"025500068480\",\"category_name\":\"Dry Stores\",\"price\":\"10\",\"product_category_id\":\"2\",\"unit_abbreviation\":\"lbs\",\"weight\":\"16\",\"current_stock_level\":\"10\",\"unit_id\":\"2\"}],\"barcode\":\"42426020939\"}','2018-06-26 18:19:52'),(88,14,786737,NULL,'{\"product_name\":\"asfasfasfasfas\",\"description\":\"asfasfasfasfas\",\"barcode\":\"5161616161651\",\"product_category_id\":\"3\",\"price\":\"6\",\"weight\":\"6\",\"unit_id\":\"4\"}','2018-06-29 15:46:29'),(89,14,786737,NULL,'{\"product_name\":\"asfasfasfasfas\",\"description\":\"asfasfasfasfas\",\"barcode\":\"5161616161651\",\"product_category_id\":\"3\",\"price\":\"6\",\"weight\":\"6\",\"unit_id\":\"4\"}','2018-06-29 15:55:44'),(90,26,5292,NULL,'{\"invoice_no\":\"124\",\"client_id\":\"2\",\"invoice_date\":\"2018-07-06\",\"invoice_details\":\"[{\\\"qty\\\":\\\"1\\\",\\\"desc\\\":\\\"asfasfasf\\\",\\\"price\\\":\\\"200\\\",\\\"extn\\\":\\\"200\\\"}]\",\"invoice_total_amount\":\"200\",\"created_by_employee_id\":\"5292\"}','2018-07-06 04:47:02'),(91,27,5292,NULL,'{\"quote_no\":\"125\",\"client_id\":\"2\",\"quote_date\":\"2018-07-06\",\"quote_details\":\"[{\\\"qty\\\":\\\"1\\\",\\\"desc\\\":\\\"asfasfasf\\\",\\\"price\\\":\\\"653\\\",\\\"extn\\\":\\\"653\\\"}]\",\"quote_total_amount\":\"653\",\"created_by_employee_id\":\"5292\"}','2018-07-06 04:47:25'),(92,26,5292,NULL,'{\"invoice_no\":\"125\",\"client_id\":\"1\",\"invoice_date\":\"2018-07-06\",\"invoice_details\":\"[{\\\"qty\\\":\\\"2\\\",\\\"desc\\\":\\\"asasfas\\\",\\\"price\\\":\\\"255\\\",\\\"extn\\\":\\\"510\\\"}]\",\"invoice_total_amount\":\"510\",\"created_by_employee_id\":\"5292\"}','2018-07-06 04:51:07'),(93,27,5292,NULL,'{\"quote_no\":\"126\",\"client_id\":\"5\",\"quote_date\":\"2018-07-06\",\"quote_details\":\"[{\\\"qty\\\":\\\"8\\\",\\\"desc\\\":\\\"asfasf\\\",\\\"price\\\":\\\"556\\\",\\\"extn\\\":\\\"4448\\\"}]\",\"quote_total_amount\":\"4448\",\"created_by_employee_id\":\"5292\"}','2018-07-06 04:53:38'),(94,29,5292,'[{\"quote_id\":\"7\",\"quote_no\":\"1006\",\"client_id\":\"4\",\"quote_date\":\"2018-05-18 00:00:00\",\"quote_details\":\"[{\\\"qty\\\":\\\"1\\\",\\\"desc\\\":\\\"asfasfsa\\\",\\\"price\\\":\\\"2\\\",\\\"extn\\\":\\\"2\\\"},{\\\"qty\\\":\\\"6\\\",\\\"desc\\\":\\\"asfasfas\\\",\\\"price\\\":\\\"58\\\",\\\"extn\\\":\\\"348\\\"}]\",\"quote_total_amount\":\"350\",\"created_by_employee_id\":\"5292\",\"client_name\":\"\\tUnited Airlines\",\"created_by\":\"Jerome Bailey\"}]','{\"client_id\":\"4\",\"quote_details\":\"[{\\\"qty\\\":\\\"1\\\",\\\"desc\\\":\\\"asfasfsa\\\",\\\"price\\\":\\\"2\\\",\\\"extn\\\":\\\"2\\\"},{\\\"qty\\\":\\\"6\\\",\\\"desc\\\":\\\"asfasfas\\\",\\\"price\\\":\\\"58\\\",\\\"extn\\\":\\\"348\\\"}]\",\"quote_total_amount\":\"350.00\"}','2018-07-06 05:03:29'),(95,28,5292,'[{\"invoice_id\":\"2\",\"invoice_no\":\"1001\",\"client_id\":\"5\",\"invoice_date\":\"2018-04-22 00:00:00\",\"invoice_details\":\"[{\\\"qty\\\":\\\"1\\\",\\\"desc\\\":\\\"asfasfasfasf\\\",\\\"price\\\":\\\"112\\\",\\\"extn\\\":\\\"112\\\"}]\",\"invoice_total_amount\":\"112\",\"created_by_employee_id\":\"5292\",\"client_name\":\"SoutWest\",\"created_by\":\"Jerome Bailey\"}]','{\"client_id\":\"5\",\"invoice_details\":\"[{\\\"qty\\\":\\\"1\\\",\\\"desc\\\":\\\"asfasfasfasf\\\",\\\"price\\\":\\\"112\\\",\\\"extn\\\":\\\"112\\\"}]\",\"invoice_total_amount\":\"112.00\"}','2018-07-06 05:03:43'),(96,20,5292,NULL,'{\"product_information\":[],\"barcode\":\"424260943\"}','2018-07-06 15:33:35'),(97,20,5292,NULL,'{\"product_information\":null,\"barcode\":\"42426020943\"}','2018-07-06 15:39:38'),(98,20,5292,NULL,'{\"product_information\":null,\"barcode\":\"42426030943\"}','2018-07-06 15:40:57');

/*Table structure for table `sir_settings` */

DROP TABLE IF EXISTS `sir_settings`;

CREATE TABLE `sir_settings` (
  `settings_id` int(11) NOT NULL AUTO_INCREMENT,
  `slug` varchar(300) DEFAULT NULL,
  `settings_name` varchar(500) NOT NULL,
  `settings_value` text NOT NULL,
  PRIMARY KEY (`settings_id`)
) ENGINE=MyISAM AUTO_INCREMENT=7 DEFAULT CHARSET=latin1;

/*Data for the table `sir_settings` */

insert  into `sir_settings`(`settings_id`,`slug`,`settings_name`,`settings_value`) values (1,'bill_to','Bill To Address','Goddard Catering Group GCM Ltd.<br/>\r\n5 Archive Lane, Crewe Road<br/>\r\nGeorgetown, Grand Cayman<br/>\r\nP.O. Box 31374 SMB KY1-1206<br/>\r\nAtt: Accounts Department'),(2,'ship_to','Ship To Address','Goddard Catering Group GCM Ltd.<br />\r\n5 Archive Lane, Crewe Road<br />\r\nGeorgetown, Grand Cayman<br />\r\nP.O. Box 31374 SMB KY1-1206<br />\r\n'),(3,'address_for_forms','Address for forms','5 Archive Lane, P.O. Box 31374 SMB, Grand Cayman Islands, B.W.I,\r\nTel: (345)-949-5835 Fax: (345)-945-2054, 945-2366'),(4,'invoice_address_layout','Address for invoice','5 Archive Lane,<br /> \r\nP.O. Box 31374 SMB,<br />\r\nGrand Cayman Islands,<br />\r\nB.W.I,<br />\r\nTel: (345)-949-5835<br />\r\nFax: (345)-945-2054, 945-2366'),(5,'company_name_invoice','Company name for invoice','Goddard Catering Group GCM Ltd.'),(6,'ship_to_overseas','Ship To Address','Overseas address will go here');

/*Table structure for table `sir_users` */

DROP TABLE IF EXISTS `sir_users`;

CREATE TABLE `sir_users` (
  `user_id` int(11) NOT NULL AUTO_INCREMENT,
  `first_name` varchar(200) NOT NULL,
  `last_name` varchar(200) NOT NULL,
  `email_address` varchar(100) DEFAULT NULL,
  `gender_id` int(11) DEFAULT NULL,
  `department_id` int(11) NOT NULL,
  `job_title_id` int(11) NOT NULL,
  `dob` datetime DEFAULT NULL,
  `status_id` int(10) unsigned DEFAULT NULL,
  `user_password` varchar(500) NOT NULL,
  `is_an_admin` tinyint(1) NOT NULL,
  PRIMARY KEY (`user_id`)
) ENGINE=MyISAM AUTO_INCREMENT=5293 DEFAULT CHARSET=latin1;

/*Data for the table `sir_users` */

insert  into `sir_users`(`user_id`,`first_name`,`last_name`,`email_address`,`gender_id`,`department_id`,`job_title_id`,`dob`,`status_id`,`user_password`,`is_an_admin`) values (5292,'Jerome','Bailey','bailey.jerome@gmail.com',1,0,0,'1980-01-01 00:00:00',1,'$2y$12$UL6BVrMbPmAhK9fbWg.xyORLIydIeMJno4A7V9.A7zkKN5he4Blu2',1),(8,'Sherman','Davis','',1,1,1,'0000-00-00 00:00:00',1,'$2y$12$vUbrDabsK1S4ene8DSJwAe8uV9RvJmH60UViL8PRJSQD3Dgu2oame',0),(18,'Carlton','Moncrieffe','Carlton.moncrieffe@gcggroup.com',1,2,2,'0000-00-00 00:00:00',1,'$2y$12$S1/Ex6eObcsLMH7DWDFclOtjue04BRgLZ662fhf9m9tI7QTHH09fy',0),(7,'Alenne','Bush','',2,2,3,'0000-00-00 00:00:00',1,'$2y$12$1zlNjmW4gvw73xj8w2S6eOyYEhpjzJLsMINSillrrS4ib7pfHHA3K',0),(1,'Roger','Aleria','',1,1,1,'0000-00-00 00:00:00',1,'$2y$12$/8gkHZFEPw7M2Uy/5jHRcOhjxeYQHgI6MyrROop8fQynWkGVdo3GW',0),(10,'Carmen','Evans','',2,3,4,'0000-00-00 00:00:00',1,'$2y$12$F2APJFnYYVK3mg0o2OVkwOvTjVjKGTsErtSQ6oyPHw2HhSIMgA4hy',0),(9,'Phillip','DeMercado','philip.demercado@gcggroup.com',1,1,5,'0000-00-00 00:00:00',1,'$2y$12$RZTjP7UB1DZSA4wC4cYGhOJ.VVBT5h5RTzISOLwp0ZRRyw3SNfiCG',0),(16,'Sally','Lopez-Richards','',2,3,4,'0000-00-00 00:00:00',1,'$2y$12$lNS905Ru/XKJIA04LcsicuktE0Q45tgWfCXCvCNrDORwhE/MoRpuO',0),(14,'Marcia','Leon','marcia.leon@gcggroup.com',1,1,6,'0000-00-00 00:00:00',1,'$2y$12$x4rZ32cl1.k.QvPenqrJheJ/w2Gm9vk7rG1bFWQGlX2cKlAmvyWQG',0),(13,'Diane','Knowles','diane.knowles-stewart@gcggroup.com',2,4,7,'0000-00-00 00:00:00',1,'$2y$12$7HXbJY1zifyBYSZM2fXlg.KlGbxF4zz3w/bETrgk88WmLFeUq451m',1),(39,'Oscar ','Kirkconnell','',1,1,1,'0000-00-00 00:00:00',1,'$2y$12$Wk6vK9mkF6qtrppQ1ZbF1OZqzJrOgDRrrvh83njumAKajONyidqIK',0),(40,'Rudi','Miller','rudi.miller@gcggroup.com',2,2,8,'0000-00-00 00:00:00',1,'$2y$12$PUFdUycRT0WVDrh5bQWZxO3PYgUvVfg2xDczX90Xys4srj.B24/de',0),(23,'Anthony','Franklin','anthony.franklin@gcggroup.com',1,4,9,'0000-00-00 00:00:00',1,'$2y$12$7HXbJY1zifyBYSZM2fXlg.KlGbxF4zz3w/bETrgk88WmLFeUq451m',0),(15,'Pierre','Small','pierre.small@gcggroup.com',1,5,14,'0000-00-00 00:00:00',1,'$2y$12$/ixgkmbtcFaEV3g1yfdLbe.oyT.Ajj0q36ZWTbqv4N0sHefkh7wZK',0),(6,'Christine','Beckford','christine.beckford@gcggroup.com',2,4,10,'0000-00-00 00:00:00',1,'$2y$12$8Ri3Pm8.JSfyk2YeAJYxA.U8ahe98dZcjbO05MYg7xABqUJhqp7ru',0),(20,'Sashana','McField','',2,2,3,'0000-00-00 00:00:00',1,'$2y$12$qEcusociYh0uhkkgOVRaSOj8uoEkSJWvPwapD8n.Sb3QmOopH9r8W',0),(19,'Rose','McPherson','',2,2,3,'0000-00-00 00:00:00',1,'$2y$12$6Wt2yCC3nG/q.joeIWwLd.XBHLxwCiHdtzNS6y214rZz2REBProIy',0),(3,'Nadine','Bailey Rankine','',2,3,4,'0000-00-00 00:00:00',1,'$2y$12$AgAmIZH9EeuZW019BmYtY.UrPCbx5JVDzvwHRHtVnfRRToVdPhi5a',0),(17,'Rodrick','Powell','',1,3,4,'0000-00-00 00:00:00',1,'$2y$12$z56y9xExgYn5EOWgGp2KqOVD3PKRmi207DHtV1OXqI.KYKC0r8LTu',0),(25,'Gregory','Bell','gregory.bell@gcggroup.com',1,6,11,'0000-00-00 00:00:00',1,'$2y$12$rptMPWLZ/fgX8fBa9lycS.JdMSCIm5YF18nfe1zHKQ.SjsjZuPApq',0),(31,'Roselyn','Seymour','',2,2,3,'0000-00-00 00:00:00',1,'$2y$12$8ceovXSvuD0ueoOicwyQReAf3GEwM/TKCuBNg59qTy8a42h299/rO',0),(33,'Shelly-Ann','Hill','',2,6,12,'0000-00-00 00:00:00',1,'$2y$12$nhpIXsql4IAuFXmDetgH4ueDDa6PKv7fq2q3MeZPEnA78q7h9ED6a',0),(42,'John','McField','',1,6,12,'0000-00-00 00:00:00',1,'$2y$12$AzW6Hq/jMjrzmFqjeraQSuB9CjZGxuLuuIdMl6ANOQF3dEC8z5mBS',0),(37,'Troy','Brown','',1,1,1,'0000-00-00 00:00:00',1,'$2y$12$n56vkbb3clkZbg6zzYpXB.ubGEGo8ZtyUgBHcpEH3pYwVrKw3N382',0),(38,'Clive','Carneiro','',1,2,3,'0000-00-00 00:00:00',1,'$2y$12$tnyXk/gmd0b4EyHbWIOJ9eNtA5nPMDLCo/vp8pVI.9J6LlQtMi3Cq',0),(43,'Kennedy','Gomes','',1,2,13,'0000-00-00 00:00:00',1,'$2y$12$Kd/3usYtR82/B1cgbxZTEuPi/h9wnbdGB6urCAz9DfKDewCEGLjkO',0);

/*Table structure for table `supplier_contact_info` */

DROP TABLE IF EXISTS `supplier_contact_info`;

CREATE TABLE `supplier_contact_info` (
  `contact_info_id` bigint(20) NOT NULL AUTO_INCREMENT,
  `supplier_id` int(11) NOT NULL,
  `contact_type_id` int(11) NOT NULL,
  `contact_type_value` varchar(100) NOT NULL,
  PRIMARY KEY (`contact_info_id`,`supplier_id`)
) ENGINE=MyISAM DEFAULT CHARSET=latin1;

/*Data for the table `supplier_contact_info` */

/*Table structure for table `supplier_contact_persons` */

DROP TABLE IF EXISTS `supplier_contact_persons`;

CREATE TABLE `supplier_contact_persons` (
  `contact_person_id` int(11) NOT NULL AUTO_INCREMENT,
  `supplier_id` int(11) NOT NULL,
  `contact_name` varchar(500) NOT NULL,
  `contact_email_address` varchar(300) DEFAULT NULL,
  PRIMARY KEY (`contact_person_id`)
) ENGINE=MyISAM DEFAULT CHARSET=latin1;

/*Data for the table `supplier_contact_persons` */

/*Table structure for table `suppliers` */

DROP TABLE IF EXISTS `suppliers`;

CREATE TABLE `suppliers` (
  `supplier_id` int(11) NOT NULL AUTO_INCREMENT,
  `supplier_name` varchar(500) NOT NULL,
  `address_line_1` varchar(500) DEFAULT NULL,
  `address_line_2` varchar(500) DEFAULT NULL,
  `city` varchar(300) DEFAULT NULL,
  `zip` varchar(50) DEFAULT NULL,
  `state` varchar(300) DEFAULT NULL,
  `is_local` tinyint(1) DEFAULT NULL,
  PRIMARY KEY (`supplier_id`)
) ENGINE=MyISAM AUTO_INCREMENT=19 DEFAULT CHARSET=latin1;

/*Data for the table `suppliers` */

insert  into `suppliers`(`supplier_id`,`supplier_name`,`address_line_1`,`address_line_2`,`city`,`zip`,`state`,`is_local`) values (1,'Progressive Distributors','207 Lincoln Drive','Airport Industrial Park','George Town','KY1-1001','Cayman Islands',1),(2,'Topimex Distributors','PO Box 30315','Grand Cayman','George Town','KY1-1202',NULL,1),(3,'The Bake Shop','PO Box 101 24 APO','Grand Cayman','George Town','KY1-1202',NULL,1),(4,'Island Supplies Distributors','PO Box 30442','Grand Cayman','George Town','KY1-1202',NULL,2),(5,'Jacques Scott & Co. Ltd','PO Box 30442','Grand Cayman','George Town','KY1-1202',NULL,1),(6,'Foster\'s Food Fair','PO Box 10400','Grand Cayman','George Town','KY1-1004',NULL,1),(7,'Kirk Market','413 Eastern Avenue',NULL,NULL,'KY1-1002','Cayman Islands',1),(8,'Kirk Distributors',NULL,NULL,NULL,NULL,NULL,1),(9,'Kirk Home Centre','257 Eastern Avenue','PO Box 72','Grand Cayman','KY1-1102','',1),(10,'Kirk Office Equipment','PO Box 1637','67 North Sound Road','Cayman Islands','KY1 1109',NULL,1),(11,'Office Supply',NULL,NULL,NULL,NULL,NULL,1),(12,'Quick Images','DotCom Centre Dorcy Drive','PO Box 10901','Grand Cayman','KY1-1007',NULL,1),(13,'Scott\'s Industries T/A Valve Tect',NULL,NULL,NULL,'',NULL,1),(14,'Ropers Enterprises','P.O. Box 2432','Airport Industrial Way','Grand Cayman','KY1-1105','Cayman Islands',1),(15,'Curtis Richard','','','','','',2),(16,'Jose Rubis Service Centre','9 Lynhurst Drive','Crew Rd','George Town',NULL,NULL,1),(17,'Uncle Clems Distributors','PO Box 30393',NULL,'Grand Cayman','KY1-1202','Cayman Islands',1),(18,'Le Bleu','PO Box 30393',NULL,'Grand Cayman','KY1-1202','Cayman Islands',1);

/*Table structure for table `user_email_notifications` */

DROP TABLE IF EXISTS `user_email_notifications`;

CREATE TABLE `user_email_notifications` (
  `user_id` int(11) NOT NULL,
  `requisitions` tinyint(1) NOT NULL,
  `purchase_order` tinyint(1) NOT NULL,
  PRIMARY KEY (`user_id`)
) ENGINE=MyISAM DEFAULT CHARSET=latin1;

/*Data for the table `user_email_notifications` */

insert  into `user_email_notifications`(`user_id`,`requisitions`,`purchase_order`) values (13,0,1),(23,0,1),(25,1,0);

/*Table structure for table `user_notifications` */

DROP TABLE IF EXISTS `user_notifications`;

CREATE TABLE `user_notifications` (
  `user_notification_id` bigint(20) NOT NULL AUTO_INCREMENT,
  `user_id` int(11) NOT NULL,
  `notification_id` bigint(20) NOT NULL,
  `date_received` datetime NOT NULL,
  `date_read` datetime DEFAULT NULL,
  `status_id` int(11) NOT NULL,
  PRIMARY KEY (`user_notification_id`)
) ENGINE=MyISAM AUTO_INCREMENT=52 DEFAULT CHARSET=latin1;

/*Data for the table `user_notifications` */

insert  into `user_notifications`(`user_notification_id`,`user_id`,`notification_id`,`date_received`,`date_read`,`status_id`) values (1,5292,3,'2018-04-22 23:42:28',NULL,1),(2,5292,1,'2018-04-22 23:44:15',NULL,2),(3,13,5,'2018-05-09 14:24:04',NULL,2),(4,23,5,'2018-05-09 14:24:04',NULL,2),(5,13,5,'2018-05-09 14:25:22',NULL,2),(6,23,5,'2018-05-09 14:25:22',NULL,2),(7,13,5,'2018-05-09 14:27:43',NULL,2),(8,23,5,'2018-05-09 14:27:43',NULL,2),(9,13,5,'2018-05-09 14:29:57',NULL,2),(10,23,5,'2018-05-09 14:29:57',NULL,2),(11,13,5,'2018-05-09 14:30:42',NULL,2),(12,23,5,'2018-05-09 14:30:42',NULL,2),(13,13,5,'2018-05-09 14:31:21',NULL,2),(14,23,5,'2018-05-09 14:31:21',NULL,2),(15,13,5,'2018-05-09 14:32:12',NULL,2),(16,23,5,'2018-05-09 14:32:12',NULL,2),(17,13,5,'2018-05-09 14:32:28',NULL,2),(18,23,5,'2018-05-09 14:32:28',NULL,2),(19,13,5,'2018-05-09 14:40:52',NULL,2),(20,23,5,'2018-05-09 14:40:52',NULL,2),(21,13,5,'2018-05-09 14:43:00',NULL,2),(22,23,5,'2018-05-09 14:43:00',NULL,2),(23,13,5,'2018-05-09 14:46:22',NULL,2),(24,23,5,'2018-05-09 14:46:22',NULL,2),(25,13,5,'2018-05-09 14:48:54',NULL,2),(26,23,5,'2018-05-09 14:48:54',NULL,2),(27,13,5,'2018-05-09 15:11:10',NULL,2),(28,23,5,'2018-05-09 15:11:10',NULL,2),(29,13,5,'2018-05-09 15:11:22',NULL,2),(30,23,5,'2018-05-09 15:11:22',NULL,2),(31,13,5,'2018-05-09 15:55:34',NULL,2),(32,23,5,'2018-05-09 15:55:34',NULL,2),(33,5292,1,'2018-05-12 13:48:07',NULL,2),(34,5292,4,'2018-05-18 14:30:33',NULL,2),(35,5292,4,'2018-05-18 14:31:26',NULL,2),(36,5292,3,'2018-05-18 15:37:48',NULL,2),(37,5292,3,'2018-05-18 15:58:25',NULL,2),(38,5292,3,'2018-05-18 16:35:55',NULL,2),(39,5292,3,'2018-05-18 16:37:03',NULL,2),(40,5292,3,'2018-05-18 16:39:33',NULL,2),(41,5292,3,'2018-05-18 16:40:23',NULL,2),(42,5292,3,'2018-05-18 16:49:12',NULL,2),(43,25,1,'2018-05-22 14:32:52',NULL,2),(44,25,1,'2018-05-22 14:33:42',NULL,2),(45,25,1,'2018-05-22 14:35:11',NULL,2),(46,25,1,'2018-05-22 14:37:01',NULL,2),(47,25,1,'2018-05-22 14:42:30',NULL,2),(48,25,1,'2018-06-05 16:04:08',NULL,2),(49,25,1,'2018-06-05 16:07:11',NULL,2),(50,25,1,'2018-06-13 23:24:02',NULL,2),(51,25,1,'2018-06-13 23:30:40',NULL,2);

/*Table structure for table `user_permission_group` */

DROP TABLE IF EXISTS `user_permission_group`;

CREATE TABLE `user_permission_group` (
  `user_id` int(11) NOT NULL,
  `permission_group_id` int(11) NOT NULL,
  PRIMARY KEY (`user_id`,`permission_group_id`)
) ENGINE=MyISAM DEFAULT CHARSET=latin1;

/*Data for the table `user_permission_group` */

insert  into `user_permission_group`(`user_id`,`permission_group_id`) values (13,2),(23,2);

/*Table structure for table `user_permissions` */

DROP TABLE IF EXISTS `user_permissions`;

CREATE TABLE `user_permissions` (
  `user_id` int(11) NOT NULL,
  `permission_id` int(11) NOT NULL,
  PRIMARY KEY (`user_id`,`permission_id`)
) ENGINE=MyISAM DEFAULT CHARSET=latin1;

/*Data for the table `user_permissions` */

insert  into `user_permissions`(`user_id`,`permission_id`) values (0,8),(0,28),(0,30),(6,1),(6,2),(6,3),(6,4),(6,5),(6,6),(6,7),(6,8),(6,9),(6,10),(6,11),(6,12),(6,13),(6,14),(6,15),(6,16),(6,17),(6,18),(6,19),(6,20),(6,21),(6,22),(6,23),(6,24),(6,25),(6,26),(13,1),(13,2),(13,3),(13,4),(13,5),(13,6),(13,7),(13,8),(13,9),(13,10),(13,11),(13,12),(13,14),(13,15),(13,16),(13,17),(13,18),(13,19),(13,20),(13,21),(13,22),(13,23),(13,24),(13,25),(13,26),(13,27),(13,28),(13,29),(23,1),(23,2),(23,3),(23,4),(23,5),(23,6),(23,7),(23,8),(23,9),(23,10),(23,11),(23,12),(23,13),(23,14),(23,15),(23,16),(23,17),(23,18),(23,19),(23,20),(23,21),(23,22),(23,23),(23,24),(23,25),(23,26),(23,27),(23,28),(23,29),(31,1),(31,2),(31,3),(31,4),(31,5),(31,6),(31,7),(31,8),(31,9),(31,10),(31,11),(31,12),(31,13),(31,14),(31,15),(31,16),(31,17),(31,18),(31,19),(31,20),(31,21),(31,22),(31,23),(31,24),(31,25),(31,26),(5292,1),(5292,2),(5292,3),(5292,4),(5292,5),(5292,6),(5292,7),(5292,8),(5292,9),(5292,10),(5292,11),(5292,12),(5292,13),(5292,14),(5292,15),(5292,16),(5292,17),(5292,18),(5292,19),(5292,20),(5292,21),(5292,22),(5292,23),(5292,24),(5292,25),(5292,26),(5292,27),(5292,28),(5292,29),(5292,30),(5292,31),(5292,32),(5292,33),(5292,34),(5292,35),(5292,36),(5292,37),(5292,38),(5292,39),(5292,40),(5292,41),(5292,42),(5292,43),(5292,44),(5292,45),(5292,46),(5292,47),(5292,48),(5292,49),(5292,50),(5292,51),(5292,52),(5292,53);

/*!40101 SET SQL_MODE=@OLD_SQL_MODE */;
/*!40014 SET FOREIGN_KEY_CHECKS=@OLD_FOREIGN_KEY_CHECKS */;
/*!40014 SET UNIQUE_CHECKS=@OLD_UNIQUE_CHECKS */;
/*!40111 SET SQL_NOTES=@OLD_SQL_NOTES */;
